{
"type": "FeatureCollection",
"name": "india_aesr_60_web",
"crs": { "type": "name", "properties": { "name": "urn:ogc:def:crs:OGC:1.3:CRS84" } },
"features": [
{ "type": "Feature", "properties": { "FEATURE_ID": "AESR_07_1_P01", "AESR_UID": "AESR_07_1", "aesr_code": "7.1", "PART_NO": 1, "NPARTS": 1, "aer_code": 7, "subregion": "South Telangana Plateau (Rayalseema) and Eastern Ghats", "SOIL_GRP": "Mixed Red-Black", "CLIM_STD": "Dry semi-arid", "LGP_ORDER": 3, "lgp_ref": "90-120 days", "AWC_REF": "Medium", "AREA_KM2": 33027.67155238548 }, "geometry": { "type": "Polygon", "coordinates": [ [ [ 79.451675599999987, 13.9656296 ], [ 79.418757700000015, 14.2656825 ], [ 79.2609843, 14.5682625 ], [ 79.236239900000015, 14.5879154 ], [ 79.086728499999978, 14.9156062 ], [ 79.0612518, 15.1588678 ], [ 78.9057198, 15.197513 ], [ 78.7691848, 15.1688707 ], [ 78.766185499999978, 15.3876145 ], [ 78.791637100000017, 15.7373686 ], [ 78.920978, 16.1156939 ], [ 78.9088143, 16.1044758 ], [ 78.8802483, 16.1169575 ], [ 78.86394, 16.1652857 ], [ 78.8395887, 16.1584289 ], [ 78.8469102, 16.1010039 ], [ 78.8290999, 16.0689784 ], [ 78.782551099999978, 16.0303745 ], [ 78.721048, 16.0333241 ], [ 78.624161199999989, 16.105304 ], [ 78.566214699999989, 16.0627367 ], [ 78.427757699999972, 16.0889641 ], [ 78.3470904, 16.058804 ], [ 78.322867, 16.0351785 ], [ 78.2632024, 16.0372303 ], [ 78.2445497, 15.9351059 ], [ 78.1865224, 15.9064494 ], [ 78.1711891, 15.855043 ], [ 78.1322727, 15.8549276 ], [ 78.116007, 15.8331755 ], [ 78.0699838, 15.850473199999989 ], [ 78.0349723, 15.9084538 ], [ 78.0080389, 15.8650118 ], [ 77.8935542, 15.9014831 ], [ 77.855925199999987, 15.8793519 ], [ 77.8048893, 15.8707935 ], [ 77.7216075, 15.891892 ], [ 77.6643028, 15.8817686 ], [ 77.611597599999982, 15.9168538 ], [ 77.4311514, 15.9471122 ], [ 77.380830099999983, 15.9380056 ], [ 77.2531735, 15.9623049 ], [ 77.1611524, 15.9489374 ], [ 77.0806273, 15.9141319 ], [ 77.0260362, 15.8361922 ], [ 77.0677782, 15.8276418 ], [ 77.047132299999987, 15.7390382 ], [ 77.08029329999998, 15.7260323 ], [ 77.0799613, 15.6955396 ], [ 77.129183, 15.663814 ], [ 77.1251481, 15.6419822 ], [ 77.1204098, 15.629902 ], [ 77.0855322, 15.6575532 ], [ 77.0332402, 15.638505 ], [ 77.030685100000014, 15.5048096 ], [ 76.975806199999965, 15.5110522 ], [ 76.974068, 15.4996966 ], [ 77.031544, 15.440077 ], [ 77.042290599999987, 15.3637782 ], [ 77.0659383, 15.3269424 ], [ 77.1141734, 15.3324222 ], [ 77.1199639, 15.2950424 ], [ 77.1525553, 15.2909177 ], [ 77.1498127, 15.2713193 ], [ 77.168883899999983, 15.2643773 ], [ 77.15222009999998, 15.25566 ], [ 77.373074299999985, 15.2203916 ], [ 77.5433565, 15.2090017 ], [ 77.8761813, 15.1339612 ], [ 77.993823399999982, 15.0688874 ], [ 78.09958610000001, 14.8603863 ], [ 78.0285333, 14.6582492 ], [ 78.061670599999985, 14.4471726 ], [ 78.192914399999978, 14.3555579 ], [ 78.3651752, 14.2873116 ], [ 78.413815900000017, 14.236192 ], [ 78.4461098, 14.0486461 ], [ 78.4198647, 14.0002704 ], [ 78.4873295, 13.9581267 ], [ 78.5412217, 13.980308 ], [ 78.5806884, 13.9710898 ], [ 78.6208, 13.8969964 ], [ 78.7072938, 13.8521552 ], [ 78.771293, 13.8431066 ], [ 78.915827399999984, 13.9067232 ], [ 78.9723894, 13.9071373 ], [ 79.0537092, 13.8836704 ], [ 79.3126311, 13.7362308 ], [ 79.420644, 13.7511129 ], [ 79.4450444, 13.7920332 ], [ 79.451675599999987, 13.9656296 ] ] ] } },
{ "type": "Feature", "properties": { "FEATURE_ID": "AESR_16_3_P01", "AESR_UID": "AESR_16_3", "aesr_code": "16.3", "PART_NO": 1, "NPARTS": 1, "aer_code": 16, "subregion": "Arunachal Pradesh (subdued Eastern Himalayas)", "SOIL_GRP": "Red Loamy", "CLIM_STD": "Perhumid", "LGP_ORDER": 10, "lgp_ref": ">300 days", "AWC_REF": "Low to Medium", "AREA_KM2": 77188.785079176407 }, "geometry": { "type": "Polygon", "coordinates": [ [ [ 96.1904611, 29.342006 ], [ 96.0857217, 29.4613866 ], [ 96.0607101, 29.4564681 ], [ 95.962104, 29.3806701 ], [ 95.8859452, 29.3896235 ], [ 95.853299299999975, 29.3567407 ], [ 95.8015044, 29.3344363 ], [ 95.782726, 29.3545838 ], [ 95.732041400000014, 29.3005773 ], [ 95.706912499999987, 29.2985595 ], [ 95.6429511, 29.2479392 ], [ 95.6037163, 29.2600491 ], [ 95.5906845, 29.2160742 ], [ 95.54263, 29.2121441 ], [ 95.5514876, 29.1265614 ], [ 95.50108729999998, 29.1383269 ], [ 95.487576799999985, 29.0689945 ], [ 95.4588642, 29.034811 ], [ 95.414695799999976, 29.0319938 ], [ 95.3074945, 29.0610186 ], [ 95.272296099999963, 29.0477222 ], [ 95.254926200000014, 29.0667386 ], [ 95.255654499999977, 29.1081619 ], [ 95.1268153, 29.114715199999985 ], [ 95.103533399999989, 29.1423581 ], [ 95.0028163, 29.1717711 ], [ 94.992018199999961, 29.1723136 ], [ 95.0279685, 29.1292466 ], [ 94.8772605, 29.1832266 ], [ 94.803458, 29.16358 ], [ 94.8034959, 29.209070100000012 ], [ 94.783079199999989, 29.2402769 ], [ 94.716988599999979, 29.3037258 ], [ 94.634285, 29.3481532 ], [ 94.625033, 29.3123002 ], [ 94.583747, 29.2802406 ], [ 94.5637712, 29.228283 ], [ 94.500356399999987, 29.2160765 ], [ 94.437147399999986, 29.2263228 ], [ 94.378201, 29.1897112 ], [ 94.362781399999989, 29.1519998 ], [ 94.293626599999968, 29.1476189 ], [ 94.220485, 29.0835002 ], [ 94.1606705, 28.9539847 ], [ 94.072009699999981, 28.8952887 ], [ 94.035471199999975, 28.8526041 ], [ 94.00032659999998, 28.8405343 ], [ 93.990573899999987, 28.797397 ], [ 94.0066713, 28.7745845 ], [ 93.973711600000016, 28.7504196 ], [ 93.962072399999983, 28.7036578 ], [ 93.931187799999989, 28.6707394 ], [ 93.849245799999977, 28.7064704 ], [ 93.7803866, 28.6676072 ], [ 93.736853700000012, 28.6884355 ], [ 93.625405099999981, 28.6569411 ], [ 93.539233899999985, 28.6581352 ], [ 93.496621100000013, 28.683318 ], [ 93.479646499999987, 28.6529759 ], [ 93.4511931, 28.6754175 ], [ 93.4173482, 28.65228 ], [ 93.342452799999975, 28.639574 ], [ 93.333130499999982, 28.607677799999987 ], [ 93.305347700000013, 28.598941 ], [ 93.310678599999989, 28.5655957 ], [ 93.2812084, 28.5041027 ], [ 93.187895399999988, 28.4392481 ], [ 93.236634299999977, 28.3998753 ], [ 93.2239648, 28.3328087 ], [ 93.198729299999982, 28.3171239 ], [ 93.129828099999983, 28.3259616 ], [ 93.1003951, 28.3062311 ], [ 93.026995699999986, 28.2991422 ], [ 93.0387826, 28.262284 ], [ 93.00533369999998, 28.2299254 ], [ 92.969587499999989, 28.2610141 ], [ 92.9180103, 28.234235 ], [ 92.900263899999985, 28.2038025 ], [ 92.8329618, 28.1707033 ], [ 92.821255799999989, 28.200863 ], [ 92.804737100000011, 28.201497 ], [ 92.692049399999988, 28.1250633 ], [ 92.667866299999986, 28.0619803 ], [ 92.7003286, 28.0475407 ], [ 92.7441978, 27.9884887 ], [ 92.673821299999986, 27.8991733 ], [ 92.609693299999989, 27.8765852 ], [ 92.565255599999986, 27.8200889 ], [ 92.505989399999976, 27.8406141 ], [ 92.459567, 27.8023684 ], [ 92.411503199999984, 27.8212513 ], [ 92.3876976, 27.8147478 ], [ 92.3845295, 27.7941886 ], [ 92.3206953, 27.7774305 ], [ 92.289501499999986, 27.8068014 ], [ 92.2689432, 27.8572314 ], [ 92.2153816, 27.858322199999989 ], [ 92.161111299999988, 27.83636 ], [ 92.060344300000011, 27.7584816 ], [ 91.9888977, 27.769398399999986 ], [ 91.923761, 27.7145022 ], [ 91.865612499999983, 27.736389 ], [ 91.8294752, 27.8098806 ], [ 91.751601699999981, 27.8029155 ], [ 91.6995426, 27.8217282 ], [ 91.674826299999978, 27.856341 ], [ 91.558138899999989, 27.858258 ], [ 91.5709931, 27.8149744 ], [ 91.60432849999998, 27.8204927 ], [ 91.6335876, 27.8004429 ], [ 91.645371699999984, 27.757572 ], [ 91.6290121, 27.705528 ], [ 91.6016375, 27.6921227 ], [ 91.562929199999985, 27.6330146 ], [ 91.5812558, 27.6078271 ], [ 91.5718633, 27.5745419 ], [ 91.658073099999967, 27.482390499999987 ], [ 91.6949337, 27.5021494 ], [ 91.724768199999971, 27.4697223 ], [ 91.778488899999985, 27.4638495 ], [ 91.85378630000001, 27.4818436 ], [ 91.9539063, 27.4600679 ], [ 92.023232799999988, 27.4789246 ], [ 92.0235976, 27.4467798 ], [ 92.0587728, 27.3992187 ], [ 92.0629573, 27.3262537 ], [ 92.124652, 27.2865514 ], [ 92.1056369, 27.268093 ], [ 92.074088199999977, 27.2763702 ], [ 92.043666399999978, 27.2657021 ], [ 92.073607600000017, 27.2226241 ], [ 92.060174699999976, 27.1885622 ], [ 92.0291478, 27.1707438 ], [ 92.0315538, 27.0775053 ], [ 92.1068707, 27.0065761 ], [ 92.1208789, 26.959010899999988 ], [ 92.1112737, 26.8925889 ], [ 92.1981436, 26.8896778 ], [ 92.2578147, 26.9108662 ], [ 92.279600899999977, 26.901082 ], [ 92.3069598, 26.9081325 ], [ 92.3060927, 26.922809 ], [ 92.3562404, 26.9341287 ], [ 92.3367354, 26.8880893 ], [ 92.3361587, 26.7709332 ], [ 92.40678269999998, 26.6481316 ], [ 92.3893675, 26.6180502 ], [ 92.7534547, 26.8012384 ], [ 93.142771299999964, 26.8148444 ], [ 93.470130400000016, 26.936117 ], [ 93.6776283, 26.9680106 ], [ 93.720817, 27.0161481 ], [ 93.770359199999987, 27.0401697 ], [ 93.775584, 27.0592403 ], [ 93.7892973, 27.0510808 ], [ 93.838621599999982, 27.0750138 ], [ 93.810611599999987, 27.1486784 ], [ 93.958647399999975, 27.2916507 ], [ 94.0021664, 27.3315712 ], [ 94.063075099999978, 27.3603642 ], [ 94.159474199999977, 27.4748587 ], [ 94.2619835, 27.5201995 ], [ 94.258823299999989, 27.5541986 ], [ 94.2288656, 27.5724652 ], [ 94.2135862, 27.6077568 ], [ 94.254724399999986, 27.6378159 ], [ 94.2696252, 27.6247099 ], [ 94.25653, 27.6105495 ], [ 94.278407199999975, 27.5901305 ], [ 94.3003874, 27.6010413 ], [ 94.369726299999982, 27.5733577 ], [ 94.433267899999976, 27.5996261 ], [ 94.4618483, 27.554142699999989 ], [ 94.5283898, 27.5921554 ], [ 94.6845757, 27.6458013 ], [ 94.6915103, 27.6634183 ], [ 94.7447087, 27.6595467 ], [ 94.8414057, 27.6995689 ], [ 94.867965599999977, 27.741639 ], [ 95.0331924, 27.7705808 ], [ 95.318436299999973, 27.866583 ], [ 95.386095400000016, 27.837289 ], [ 95.5176582, 27.876879100000011 ], [ 95.5729934, 27.9374838 ], [ 95.608512099999984, 27.9528347 ], [ 95.827471300000013, 27.9720318 ], [ 95.9788672, 27.9628018 ], [ 95.929869299999979, 27.8847738 ], [ 95.824359499999986, 27.803543200000011 ], [ 95.781706699999987, 27.7524939 ], [ 95.785935, 27.7340115 ], [ 95.759364499999975, 27.725375199999988 ], [ 95.775594, 27.6908534 ], [ 95.7941611, 27.6863829 ], [ 95.7788256, 27.6603378 ], [ 95.802373799999984, 27.6430037 ], [ 95.788002599999984, 27.6173747 ], [ 95.824987499999963, 27.5968668 ], [ 95.821991099999977, 27.5755315 ], [ 95.8676697, 27.5447391 ], [ 96.005428099999989, 27.556273 ], [ 96.065056, 27.605953299999989 ], [ 96.129325799999989, 27.6191799 ], [ 96.2116387, 27.5793339 ], [ 96.2992522, 27.5579405 ], [ 96.355422899999979, 27.6241436 ], [ 96.416519199999982, 27.6508487 ], [ 96.6071603, 27.6463314 ], [ 96.661753300000015, 27.6333407 ], [ 96.7036072, 27.6600569 ], [ 96.7502688, 27.6321964 ], [ 96.9128463, 27.6186135 ], [ 96.9485853, 27.6625858 ], [ 96.990651, 27.6620869 ], [ 97.015636699999973, 27.7317923 ], [ 97.067422899999983, 27.750779200000011 ], [ 97.0962584, 27.7408857 ], [ 97.102381, 27.7844788 ], [ 97.160275199999987, 27.8135768 ], [ 97.2564811, 27.9004894 ], [ 97.3087282, 27.9208206 ], [ 97.321084699999986, 27.8802173 ], [ 97.388883299999975, 27.8869113 ], [ 97.378144699999979, 27.9769807 ], [ 97.4152927, 28.0149186 ], [ 97.377276099999989, 28.030091 ], [ 97.373795399999977, 28.06133890000001 ], [ 97.331968499999974, 28.0565612 ], [ 97.308106, 28.0684079 ], [ 97.3394495, 28.1108843 ], [ 97.331334, 28.1544688 ], [ 97.364148699999987, 28.1879816 ], [ 97.401125, 28.1919336 ], [ 97.2829307, 28.2682462 ], [ 97.2421262, 28.2672203 ], [ 97.225218500000011, 28.2921071 ], [ 97.174905099999989, 28.291399 ], [ 97.1530986, 28.3265325 ], [ 97.093830899999972, 28.3624456 ], [ 97.053092399999969, 28.3508922 ], [ 96.997724699999978, 28.309067 ], [ 96.9272542, 28.33813 ], [ 96.9001467, 28.3791861 ], [ 96.853711, 28.3617071 ], [ 96.7759576, 28.3676203 ], [ 96.752764299999967, 28.4154467 ], [ 96.6664901, 28.4598305 ], [ 96.5815783, 28.4573334 ], [ 96.512205799999975, 28.412585 ], [ 96.460258599999975, 28.4136089 ], [ 96.4339642, 28.386111 ], [ 96.424740899999989, 28.3452554 ], [ 96.401285099999981, 28.3388233 ], [ 96.372961599999982, 28.3888261 ], [ 96.3219327, 28.3807595 ], [ 96.30676170000001, 28.3994052 ], [ 96.2659405, 28.4081777 ], [ 96.3751968, 28.4817938 ], [ 96.328093199999984, 28.5290027 ], [ 96.3570548, 28.5555871 ], [ 96.4090189, 28.5589286 ], [ 96.403401699999989, 28.5892991 ], [ 96.430507, 28.5820657 ], [ 96.4965729, 28.6331125 ], [ 96.475390800000014, 28.6833182 ], [ 96.5885824, 28.7165568 ], [ 96.618756, 28.773647900000011 ], [ 96.5405507, 28.8796549 ], [ 96.522170799999984, 28.9668197 ], [ 96.490891499999989, 28.9612186 ], [ 96.480842599999974, 28.9900178 ], [ 96.5288327, 29.0754184 ], [ 96.4393808, 29.033775 ], [ 96.3503856, 29.0285985 ], [ 96.297339299999976, 28.9950615 ], [ 96.2518278, 28.9391029 ], [ 96.170049, 28.9022451 ], [ 96.1488744, 28.9339235 ], [ 96.188557399999979, 28.9846203 ], [ 96.1543102, 29.0498819 ], [ 96.118525199999965, 29.0744655 ], [ 96.189616399999977, 29.0914242 ], [ 96.2215857, 29.1349667 ], [ 96.2643101, 29.1570099 ], [ 96.350408199999976, 29.1677699 ], [ 96.397055599999987, 29.253410699999989 ], [ 96.367512399999981, 29.2826813 ], [ 96.297275299999981, 29.2328159 ], [ 96.247885699999983, 29.2322235 ], [ 96.187670199999985, 29.3066706 ], [ 96.1904611, 29.342006 ] ] ] } },
{ "type": "Feature", "properties": { "FEATURE_ID": "AESR_15_1_P01", "AESR_UID": "AESR_15_1", "aesr_code": "15.1", "PART_NO": 1, "NPARTS": 1, "aer_code": 15, "subregion": "Bengaldasin and North Bihar", "SOIL_GRP": "Alluvial", "CLIM_STD": "Moist subhumid", "LGP_ORDER": 7, "lgp_ref": "210-240 Days", "AWC_REF": "Medium to High", "AREA_KM2": 53070.258920323482 }, "geometry": { "type": "MultiPolygon", "coordinates": [ [ [ [ 88.360146, 26.4475498 ], [ 88.3451467, 26.4974598 ], [ 88.32757860000001, 26.497908700000011 ], [ 88.269589099999976, 26.4809994 ], [ 88.2435578, 26.4555628 ], [ 88.2748257, 26.4178153 ], [ 88.2357249, 26.3897712 ], [ 88.2440626, 26.3752993 ], [ 88.280404599999983, 26.3772105 ], [ 88.2982965, 26.353853 ], [ 88.2826402, 26.33244119999998 ], [ 88.267517599999977, 26.3377988 ], [ 88.2206304, 26.2816491 ], [ 88.1508475, 26.2527636 ], [ 88.14517570000001, 26.2307888 ], [ 88.1182647, 26.2261741 ], [ 88.076199300000013, 26.1757015 ], [ 88.0438281, 26.1776736 ], [ 88.019449599999973, 26.140864 ], [ 87.988531899999984, 26.159152 ], [ 87.9705066, 26.1519426 ], [ 87.9773715, 26.137125 ], [ 87.963549899999975, 26.1288428 ], [ 87.9820176, 26.1216234 ], [ 87.960804499999981, 26.10278610000001 ], [ 87.974494099999987, 26.081367 ], [ 87.944253599999968, 26.0844778 ], [ 87.937513599999988, 26.068958 ], [ 87.9193454, 26.0909654 ], [ 87.848534799999982, 26.0444754 ], [ 87.836249200000012, 25.9355094 ], [ 87.8133036, 25.92998630000001 ], [ 87.8100677, 25.9122156 ], [ 87.8227741, 25.9127801 ], [ 87.829095, 25.8715726 ], [ 87.9170763, 25.8518862 ], [ 87.8895629, 25.8287644 ], [ 87.9166401, 25.8149648 ], [ 87.901156299999982, 25.8048585 ], [ 87.9045653, 25.7699527 ], [ 87.938458299999979, 25.7715159 ], [ 87.9669895, 25.7249066 ], [ 87.993755799999988, 25.7239052 ], [ 88.0220769, 25.6919818 ], [ 88.054514599999976, 25.6908379 ], [ 88.0543722, 25.6442076 ], [ 88.0413867, 25.6371329 ], [ 88.060122599999985, 25.6331702 ], [ 88.0268398, 25.5872739 ], [ 88.0414482, 25.5371093 ], [ 88.078524499999986, 25.5043024 ], [ 88.0760807, 25.4809168 ], [ 88.0332526, 25.4865502 ], [ 88.013229, 25.5107803 ], [ 88.009964399999987, 25.4944453 ], [ 87.99238, 25.5030293 ], [ 87.9918172, 25.5252057 ], [ 87.929957899999977, 25.5360105 ], [ 87.904821499999983, 25.5046819 ], [ 87.885087, 25.5163288 ], [ 87.869304099999979, 25.4657828 ], [ 87.839682399999987, 25.464958 ], [ 87.8145148, 25.4345917 ], [ 87.792398899999966, 25.4490898 ], [ 87.765635299999985, 25.4105045 ], [ 87.7715319, 25.3784379 ], [ 87.794638799999987, 25.3727025 ], [ 87.789754199999976, 25.3329141 ], [ 87.856096699999981, 25.2979649 ], [ 87.8621861, 25.2783139 ], [ 87.828426499999978, 25.2349129 ], [ 87.8422645, 25.1998606 ], [ 87.7932768, 25.2210696 ], [ 87.778266, 25.0997752 ], [ 87.8698042, 25.0405859 ], [ 87.9752478, 24.9244327 ], [ 87.97174459999998, 24.8821982 ], [ 87.894264099999987, 24.8538548 ], [ 87.903674099999989, 24.8254557 ], [ 87.872947599999961, 24.8239105 ], [ 87.8827535, 24.7989595 ], [ 87.8706363, 24.7753057 ], [ 87.840491399999976, 24.7642132 ], [ 87.83897319999997, 24.7888281 ], [ 87.819172199999983, 24.7543482 ], [ 87.9059995, 24.7226278 ], [ 87.8917679, 24.6751694 ], [ 87.918516900000014, 24.6596481 ], [ 87.911389199999988, 24.6337596 ], [ 87.889728, 24.6277701 ], [ 87.9073584, 24.6270294 ], [ 87.9067064, 24.6137118 ], [ 87.8778519, 24.611848 ], [ 87.9132001, 24.6093159 ], [ 87.9150446, 24.5950237 ], [ 87.89239259999998, 24.5638958 ], [ 87.853296899999989, 24.552238 ], [ 87.81414909999998, 24.5773844 ], [ 87.774588, 24.5829103 ], [ 87.8114615, 24.546395 ], [ 87.8002288, 24.4922976 ], [ 87.8117735, 24.5118248 ], [ 87.8152985, 24.4933425 ], [ 87.8279557, 24.4956476 ], [ 87.8141769, 24.4778466 ], [ 87.8200074, 24.4526345 ], [ 87.796099199999986, 24.4390586 ], [ 87.7898209, 24.4158583 ], [ 87.8102592, 24.4194668 ], [ 87.8150402, 24.4079498 ], [ 87.797605, 24.397771 ], [ 87.761289799999986, 24.3050223 ], [ 87.732218499999988, 24.2876685 ], [ 87.715362399999989, 24.2935124 ], [ 87.707677899999979, 24.2613972 ], [ 87.686399299999977, 24.2479277 ], [ 87.662101, 24.2368817 ], [ 87.652215099999964, 24.2500389 ], [ 87.640793499999987, 24.2440071 ], [ 87.6427901, 24.2130972 ], [ 87.6759641, 24.2072663 ], [ 87.7014463, 24.1687849 ], [ 87.6075671, 23.8926571 ], [ 87.523098099999984, 23.8089991 ], [ 87.2899979, 23.483619 ], [ 87.1483829, 23.0731735 ], [ 87.1347885, 22.8250013 ], [ 87.179579599999983, 21.9707258 ], [ 87.2393852, 21.9589257 ], [ 87.2569032, 21.922408099999988 ], [ 87.426345899999973, 21.9407254 ], [ 87.488575, 22.0693485 ], [ 87.5634543, 22.0973241 ], [ 87.6762369, 22.1013908 ], [ 87.732473, 22.1229145 ], [ 87.8451372, 22.1244234 ], [ 87.989166, 22.103889 ], [ 88.031943, 22.063887 ], [ 88.033607, 22.057501 ], [ 88.026938, 22.047781 ], [ 88.062233, 22.01306 ], [ 88.148612, 22.059721 ], [ 88.193612, 22.111945 ], [ 88.13556, 22.184723 ], [ 88.075279, 22.186671 ], [ 88.034722, 22.209444 ], [ 88.008614, 22.20139 ], [ 87.981408, 22.215851 ], [ 87.940003, 22.260278 ], [ 87.937234, 22.381389 ], [ 87.913613, 22.420561 ], [ 87.880837, 22.438055 ], [ 87.921111, 22.43556 ], [ 87.949165, 22.399445 ], [ 87.958687, 22.28467 ], [ 87.984047, 22.246464 ], [ 88.049155, 22.220001 ], [ 88.088708, 22.303131 ], [ 88.105003, 22.304699 ], [ 88.069725, 22.211945 ], [ 88.165558, 22.19889 ], [ 88.206673, 22.159721 ], [ 88.223892, 22.075276 ], [ 88.207779, 22.022501 ], [ 88.153663, 21.959173 ], [ 88.177209, 21.926111 ], [ 88.163331, 21.879444 ], [ 88.217223, 21.764445 ], [ 88.27324, 21.755452 ], [ 88.271089, 21.74348 ], [ 88.263442, 21.733012 ], [ 88.266289, 21.729999 ], [ 88.282737, 21.757581 ], [ 88.270867, 21.76466 ], [ 88.254569, 21.78292 ], [ 88.251663, 21.801942 ], [ 88.281937, 21.7611 ], [ 88.263627, 21.788 ], [ 88.258362, 21.80077 ], [ 88.258973, 21.807621 ], [ 88.263396, 21.813796 ], [ 88.277092, 21.821914 ], [ 88.305604, 21.830319 ], [ 88.313813, 21.846782 ], [ 88.299316, 21.859381 ], [ 88.278671, 21.855574 ], [ 88.260598, 21.85786 ], [ 88.256256, 21.86194 ], [ 88.254898, 21.871339 ], [ 88.263679, 21.8816 ], [ 88.269737, 21.885192 ], [ 88.261979, 21.85869 ], [ 88.30059, 21.861327 ], [ 88.3098, 21.877684 ], [ 88.308938, 21.856399 ], [ 88.325653, 21.86215 ], [ 88.337028, 21.86161 ], [ 88.345238, 21.85696 ], [ 88.353577, 21.857154 ], [ 88.369155, 21.897251 ], [ 88.349983, 21.92739 ], [ 88.370545, 21.897798 ], [ 88.354881, 21.8228 ], [ 88.364007, 21.79783 ], [ 88.39067, 21.798981 ], [ 88.385772, 21.839404 ], [ 88.397499, 21.885281 ], [ 88.385834, 21.893925 ], [ 88.382798, 21.900681 ], [ 88.38575, 21.90665 ], [ 88.406364, 21.919785 ], [ 88.392845, 21.936871 ], [ 88.398057, 21.952221 ], [ 88.374443, 21.962819 ], [ 88.372779, 21.966659 ], [ 88.375817, 21.96972 ], [ 88.39431, 21.970662 ], [ 88.373887, 21.965278 ], [ 88.399062, 21.952495 ], [ 88.407447, 21.917979 ], [ 88.384742, 21.899152 ], [ 88.406943, 21.884722 ], [ 88.419725, 21.906552 ], [ 88.458481, 21.918841 ], [ 88.451484, 21.942027 ], [ 88.468924, 21.957969 ], [ 88.445328, 21.964155 ], [ 88.441627, 21.99106 ], [ 88.450402, 22.009161 ], [ 88.460893, 22.011579 ], [ 88.44593, 21.96596 ], [ 88.470207, 21.958901 ], [ 88.452895, 21.939538 ], [ 88.462219, 21.92246 ], [ 88.455612, 21.899949 ], [ 88.473556, 21.895341 ], [ 88.477273, 21.90438 ], [ 88.483237, 21.909959 ], [ 88.50222, 21.914723 ], [ 88.520661, 21.915395 ], [ 88.521828, 21.939011 ], [ 88.495346, 21.955084 ], [ 88.491187, 21.96046 ], [ 88.49157, 21.96689 ], [ 88.50016, 21.978573 ], [ 88.51757, 21.988728 ], [ 88.524811, 21.9891 ], [ 88.537178, 21.980031 ], [ 88.541419, 21.981711 ], [ 88.55462, 22.03571 ], [ 88.54332, 21.981994 ], [ 88.537025, 21.978805 ], [ 88.51912, 21.988243 ], [ 88.493699, 21.967052 ], [ 88.521721, 21.942681 ], [ 88.525536, 21.929441 ], [ 88.521775, 21.913743 ], [ 88.494264, 21.879091 ], [ 88.528054, 21.853056 ], [ 88.547928, 21.881691 ], [ 88.539498, 21.899352 ], [ 88.540558, 21.903869 ], [ 88.545043, 21.906041 ], [ 88.562394, 21.89888 ], [ 88.570542, 21.903609 ], [ 88.548669, 21.92228 ], [ 88.540886, 21.960212 ], [ 88.542634, 21.97063 ], [ 88.546249, 21.97349 ], [ 88.557672, 21.973239 ], [ 88.56778, 21.95889 ], [ 88.543892, 21.970559 ], [ 88.550278, 21.921391 ], [ 88.572502, 21.907222 ], [ 88.579171, 21.924723 ], [ 88.586389, 21.928051 ], [ 88.578332, 21.889445 ], [ 88.606666, 21.913057 ], [ 88.601388, 21.93528 ], [ 88.614937, 21.936992 ], [ 88.598701, 21.9747 ], [ 88.61444, 22.01972 ], [ 88.599776, 22.02395 ], [ 88.595993, 22.065052 ], [ 88.601661, 22.07361 ], [ 88.602081, 22.024461 ], [ 88.617752, 22.02114 ], [ 88.636657, 22.04529 ], [ 88.62954, 22.050611 ], [ 88.627297, 22.05481 ], [ 88.619965, 22.104549 ], [ 88.606666, 22.107779 ], [ 88.597572, 22.130621 ], [ 88.603371, 22.159089 ], [ 88.583909, 22.166758 ], [ 88.572746, 22.189101 ], [ 88.5775, 22.19847 ], [ 88.583077, 22.169719 ], [ 88.604629, 22.159775 ], [ 88.598892, 22.129723 ], [ 88.619286, 22.108841 ], [ 88.672463, 22.201199 ], [ 88.639342, 22.20812 ], [ 88.630914, 22.22205 ], [ 88.679168, 22.293891 ], [ 88.666122, 22.339041 ], [ 88.671111, 22.325831 ], [ 88.690552, 22.326665 ], [ 88.678887, 22.323062 ], [ 88.68492, 22.294276 ], [ 88.639495, 22.213098 ], [ 88.665627, 22.217451 ], [ 88.701957, 22.209442 ], [ 88.733612, 22.195555 ], [ 88.743615, 22.229166 ], [ 88.772088, 22.25128 ], [ 88.7899583, 22.2593686 ], [ 88.752189, 22.23039 ], [ 88.74759, 22.19785 ], [ 88.768325, 22.193614 ], [ 88.794152, 22.170571 ], [ 88.809616, 22.183339 ], [ 88.835029, 22.16723 ], [ 88.827498, 22.194986 ], [ 88.818229, 22.19559 ], [ 88.805541, 22.208353 ], [ 88.798469, 22.225973 ], [ 88.825814, 22.242022 ], [ 88.811836, 22.28472 ], [ 88.829568, 22.253721 ], [ 88.828422, 22.241906 ], [ 88.818551, 22.230939 ], [ 88.800536, 22.226251 ], [ 88.806717, 22.208952 ], [ 88.82013, 22.196162 ], [ 88.827218, 22.208822 ], [ 88.829903, 22.21013 ], [ 88.834366, 22.209073 ], [ 88.844268, 22.190318 ], [ 88.848312, 22.191551 ], [ 88.850372, 22.20247 ], [ 88.85447, 22.206213 ], [ 88.882683, 22.201021 ], [ 88.882277, 22.2116 ], [ 88.849465, 22.209789 ], [ 88.84195, 22.21174 ], [ 88.839432, 22.215527 ], [ 88.84172, 22.221262 ], [ 88.853531, 22.233849 ], [ 88.858353, 22.244443 ], [ 88.875839, 22.252803 ], [ 88.841011, 22.214263 ], [ 88.883506, 22.212271 ], [ 88.883438, 22.200052 ], [ 88.86618, 22.194147 ], [ 88.87227, 22.171369 ], [ 88.898225, 22.177908 ], [ 88.918609, 22.16535 ], [ 88.904488, 22.197242 ], [ 88.913887, 22.216109 ], [ 88.900337, 22.222853 ], [ 88.885657, 22.236213 ], [ 88.887237, 22.264909 ], [ 88.86486, 22.270151 ], [ 88.84417, 22.290281 ], [ 88.887611, 22.265933 ], [ 88.90178, 22.224076 ], [ 88.914482, 22.220111 ], [ 88.918969, 22.233033 ], [ 88.954079, 22.225241 ], [ 88.930335, 22.259412 ], [ 88.935304, 22.301747 ], [ 88.911111, 22.305829 ], [ 88.870551, 22.357782 ], [ 88.864441, 22.356672 ], [ 88.849715, 22.363063 ], [ 88.836114, 22.358336 ], [ 88.82000739999998, 22.359724 ], [ 88.849235, 22.364542 ], [ 88.871392, 22.358892 ], [ 88.87629, 22.355311 ], [ 88.874747, 22.358119 ], [ 88.861107, 22.365023 ], [ 88.846108, 22.388332 ], [ 88.848343, 22.430564 ], [ 88.818482, 22.430573 ], [ 88.802521, 22.443423 ], [ 88.799155, 22.461389 ], [ 88.779739, 22.492638 ], [ 88.777549, 22.506881 ], [ 88.733573, 22.509992 ], [ 88.707803, 22.527694 ], [ 88.699386, 22.52332 ], [ 88.690194, 22.522981 ], [ 88.690231, 22.532949 ], [ 88.680916, 22.536389 ], [ 88.68113, 22.543691 ], [ 88.672226, 22.549441 ], [ 88.671699, 22.556684 ], [ 88.672798, 22.567339 ], [ 88.678947, 22.57791 ], [ 88.676171, 22.582842 ], [ 88.676811, 22.591551 ], [ 88.678338, 22.593611 ], [ 88.68087, 22.577384 ], [ 88.673591, 22.550023 ], [ 88.682265, 22.543782 ], [ 88.682343, 22.537444 ], [ 88.691329, 22.534059 ], [ 88.690666, 22.524412 ], [ 88.709259, 22.529077 ], [ 88.734145, 22.510919 ], [ 88.782775, 22.522778 ], [ 88.764442, 22.52778 ], [ 88.770272, 22.53 ], [ 88.764344, 22.534342 ], [ 88.76098, 22.55015 ], [ 88.766388, 22.560835 ], [ 88.765686, 22.534242 ], [ 88.784165, 22.525 ], [ 88.782821, 22.52115 ], [ 88.771666, 22.513381 ], [ 88.793633, 22.49886 ], [ 88.81156, 22.481379 ], [ 88.829682, 22.446753 ], [ 88.824531, 22.43612 ], [ 88.852448, 22.432832 ], [ 88.851113, 22.475 ], [ 88.856667, 22.475 ], [ 88.85749, 22.48359 ], [ 88.86525, 22.487517 ], [ 88.861991, 22.491143 ], [ 88.858848, 22.499152 ], [ 88.844603, 22.500905 ], [ 88.842812, 22.507874 ], [ 88.867057, 22.52343 ], [ 88.865838, 22.543062 ], [ 88.86889, 22.545836 ], [ 88.896385, 22.563333 ], [ 88.937606, 22.569933 ], [ 88.93702, 22.594224 ], [ 88.957833, 22.6118309 ], [ 88.9316885, 22.6408 ], [ 88.9621749, 22.6938153 ], [ 88.923688399999961, 22.7369142 ], [ 88.922134299999982, 22.7647453 ], [ 88.961354599999979, 22.7971819 ], [ 88.970502, 22.8453964 ], [ 88.9489649, 22.8803203 ], [ 88.935543399999986, 22.8708388 ], [ 88.912346299999982, 22.8802939 ], [ 88.9169049, 22.9214639 ], [ 88.9000167, 22.9295797 ], [ 88.8984943, 22.953315 ], [ 88.864570499999985, 22.9579667 ], [ 88.8710731, 22.9923744 ], [ 88.849992200000017, 23.0076811 ], [ 88.8765211, 23.0070915 ], [ 88.8727312, 23.0980017 ], [ 88.9239859, 23.1286849 ], [ 88.96467, 23.1923569 ], [ 88.9850156, 23.1837798 ], [ 88.9977728, 23.2148107 ], [ 88.982722, 23.2245003 ], [ 88.954874, 23.2049937 ], [ 88.922302099999982, 23.2107909 ], [ 88.9166401, 23.2324677 ], [ 88.8559949, 23.2271028 ], [ 88.8410241, 23.2404085 ], [ 88.8258681, 23.2351403 ], [ 88.834193899999988, 23.2471669 ], [ 88.821175299999979, 23.253467 ], [ 88.8173746, 23.2190724 ], [ 88.800007, 23.218098 ], [ 88.771533199999979, 23.2419913 ], [ 88.723754, 23.2551619 ], [ 88.727143699999985, 23.2721129 ], [ 88.7008347, 23.2989377 ], [ 88.7131361, 23.3110734 ], [ 88.726168399999978, 23.3014747 ], [ 88.730380499999967, 23.3191929 ], [ 88.749484, 23.3122267 ], [ 88.736985099999984, 23.3499612 ], [ 88.7657218, 23.364112 ], [ 88.7608643, 23.4213136 ], [ 88.768748899999977, 23.4450832 ], [ 88.7943767, 23.4436122 ], [ 88.8019528, 23.497090599999989 ], [ 88.7464272, 23.4830135 ], [ 88.730891899999989, 23.5105293 ], [ 88.6989672, 23.5196854 ], [ 88.6628, 23.5548355 ], [ 88.648584099999979, 23.610181 ], [ 88.5845992, 23.6028858 ], [ 88.596172699999983, 23.6386712 ], [ 88.5654801, 23.644178 ], [ 88.582665599999984, 23.7672973 ], [ 88.563150599999986, 23.7860753 ], [ 88.58417630000001, 23.7899385 ], [ 88.605583, 23.818748 ], [ 88.579891799999984, 23.861616 ], [ 88.621851, 23.8774145 ], [ 88.6332293, 23.86365570000001 ], [ 88.662450599999985, 23.8698927 ], [ 88.7075614, 23.9006238 ], [ 88.7059113, 23.9146542 ], [ 88.7353257, 23.9147454 ], [ 88.738767299999978, 23.9798774 ], [ 88.774763799999988, 23.9864669 ], [ 88.7625396, 24.0098434 ], [ 88.7310065, 23.996185 ], [ 88.743015799999981, 24.0362418 ], [ 88.7271557, 24.0541409 ], [ 88.7414692, 24.0610522 ], [ 88.726266399999986, 24.0673807 ], [ 88.729480799999976, 24.0974784 ], [ 88.7038887, 24.0964795 ], [ 88.6986417, 24.1149805 ], [ 88.7489297, 24.1402871 ], [ 88.733997699999975, 24.1724545 ], [ 88.7418434, 24.2617273 ], [ 88.730255199999974, 24.293780599999987 ], [ 88.7037974, 24.3113289 ], [ 88.6058534, 24.3093303 ], [ 88.5838319, 24.3250628 ], [ 88.555609, 24.2982539 ], [ 88.5279874, 24.3420091 ], [ 88.445864899999989, 24.3763838 ], [ 88.343189299999977, 24.3778239 ], [ 88.273626199999981, 24.4400094 ], [ 88.2037151, 24.458117 ], [ 88.1331933, 24.5167874 ], [ 88.013729499999982, 24.6644506 ], [ 88.0683901, 24.7221185 ], [ 88.071782399999989, 24.770514 ], [ 88.1082432, 24.7807785 ], [ 88.127765, 24.8266062 ], [ 88.139992, 24.8022787 ], [ 88.1463871, 24.8507839 ], [ 88.1770498, 24.8597716 ], [ 88.1424137, 24.9303047 ], [ 88.2307327, 24.9558318 ], [ 88.264505799999981, 24.9144525 ], [ 88.2662393, 24.8782471 ], [ 88.2809316, 24.8930129 ], [ 88.3329529, 24.8707777 ], [ 88.346597399999965, 24.8858017 ], [ 88.3316738, 24.9150947 ], [ 88.346870499999966, 24.9400714 ], [ 88.3713227, 24.9524451 ], [ 88.397903200000016, 24.9440105 ], [ 88.412605, 24.9947417 ], [ 88.4514687, 25.0293326 ], [ 88.4380697, 25.049384 ], [ 88.461727299999964, 25.1449637 ], [ 88.4442163, 25.2093148 ], [ 88.467138699999978, 25.1960942 ], [ 88.48718860000001, 25.2136098 ], [ 88.5374456, 25.1991576 ], [ 88.5377612, 25.1878545 ], [ 88.5623523, 25.1904537 ], [ 88.5683597, 25.1746528 ], [ 88.618900599999975, 25.205186 ], [ 88.6892241, 25.209794 ], [ 88.7571131, 25.1782662 ], [ 88.7775209, 25.1881562 ], [ 88.808971899999989, 25.1739556 ], [ 88.8484812, 25.2100995 ], [ 88.8820904, 25.1762502 ], [ 88.9029414, 25.1812841 ], [ 88.91963269999998, 25.1657277 ], [ 88.9491645, 25.1802462 ], [ 88.94044, 25.2035222 ], [ 88.9640018, 25.210603 ], [ 88.9582272, 25.2501522 ], [ 88.99077579999998, 25.2712383 ], [ 89.0125102, 25.2672046 ], [ 89.005140899999986, 25.2999973 ], [ 88.937496, 25.3068578 ], [ 88.9021438, 25.3375394 ], [ 88.884246499999989, 25.3275458 ], [ 88.84809869999998, 25.3636316 ], [ 88.8455403, 25.3937025 ], [ 88.81824469999998, 25.4080755 ], [ 88.8371115, 25.4284838 ], [ 88.8362182, 25.4800357 ], [ 88.815391699999978, 25.4899268 ], [ 88.8018647, 25.5224664 ], [ 88.762769399999968, 25.5209594 ], [ 88.7685653, 25.4965844 ], [ 88.748651299999977, 25.4886053 ], [ 88.741142699999969, 25.5014456 ], [ 88.7105643, 25.495897599999989 ], [ 88.7006553, 25.4732713 ], [ 88.651307599999981, 25.4812177 ], [ 88.607351, 25.514506 ], [ 88.5428033, 25.5102583 ], [ 88.537236899999982, 25.5363546 ], [ 88.498477299999976, 25.5592286 ], [ 88.4978829, 25.5809146 ], [ 88.4504139, 25.6012457 ], [ 88.4562681, 25.6625783 ], [ 88.417638199999985, 25.6639212 ], [ 88.3749711, 25.6996792 ], [ 88.376148399999963, 25.7138818 ], [ 88.3213628, 25.7359543 ], [ 88.2716403, 25.7785881 ], [ 88.274910799999986, 25.8059802 ], [ 88.24370829999998, 25.805513 ], [ 88.210685399999974, 25.7856404 ], [ 88.185117300000016, 25.7944919 ], [ 88.1500944, 25.7725183 ], [ 88.143711099999976, 25.7914722 ], [ 88.1136895, 25.7964293 ], [ 88.104562299999969, 25.843106 ], [ 88.119246899999979, 25.855110199999988 ], [ 88.099470799999978, 25.8715563 ], [ 88.095404499999987, 25.917044300000011 ], [ 88.12619429999998, 25.9430614 ], [ 88.143975599999962, 26.0128619 ], [ 88.1818956, 26.0253392 ], [ 88.1861846, 26.067 ], [ 88.1628175, 26.0794827 ], [ 88.161605299999977, 26.1020826 ], [ 88.182787599999983, 26.1474541 ], [ 88.252826, 26.1925072 ], [ 88.3291625, 26.2045169 ], [ 88.3540877, 26.2216425 ], [ 88.362648800000017, 26.2915635 ], [ 88.398353899999989, 26.3177475 ], [ 88.421518499999976, 26.3173477 ], [ 88.4168171, 26.3323263 ], [ 88.441879699999987, 26.3378892 ], [ 88.463520399999979, 26.3732818 ], [ 88.488194599999986, 26.3510396 ], [ 88.5279309, 26.35733 ], [ 88.5330929, 26.3734597 ], [ 88.51612219999997, 26.3727961 ], [ 88.525631, 26.3919555 ], [ 88.500432699999976, 26.4071729 ], [ 88.487159499999976, 26.4598664 ], [ 88.3681719, 26.484909 ], [ 88.360146, 26.4475498 ] ] ], [ [ [ 88.136948, 21.87528 ], [ 88.072854, 21.780181 ], [ 88.036666, 21.675001 ], [ 88.041664, 21.649167 ], [ 88.10917, 21.625833 ], [ 88.142219, 21.632499 ], [ 88.154725, 21.649999 ], [ 88.155281, 21.681389 ], [ 88.146714, 21.67847 ], [ 88.143402, 21.679552 ], [ 88.170663, 21.742402 ], [ 88.163643, 21.799549 ], [ 88.165833, 21.80722 ], [ 88.1725, 21.811952 ], [ 88.136948, 21.87528 ] ] ], [ [ [ 88.961028, 22.188868 ], [ 88.942643, 22.190284 ], [ 88.945733, 22.182851 ], [ 88.919717, 22.161111 ], [ 88.893935, 22.169699 ], [ 88.913169, 22.13003 ], [ 88.938317, 22.12689 ], [ 88.929412, 22.136371 ], [ 88.930527, 22.13896 ], [ 88.936478, 22.142812 ], [ 88.940345, 22.127977 ], [ 88.930939, 22.122644 ], [ 88.923247, 22.122942 ], [ 88.930718, 22.0981 ], [ 88.901436, 22.065282 ], [ 88.91272, 21.99436 ], [ 88.935883, 21.936491 ], [ 88.966102, 21.92293 ], [ 88.962501, 21.935 ], [ 88.976388, 21.946111 ], [ 88.968835, 21.921138 ], [ 89.012573, 21.901994 ], [ 89.021348, 21.92166 ], [ 88.990935, 21.951934 ], [ 89.013526, 21.979106 ], [ 88.992234, 21.970003 ], [ 88.972497, 21.987792 ], [ 88.962218, 22.017222 ], [ 88.977096, 22.038393 ], [ 88.961464, 22.048998 ], [ 88.960137, 22.052009 ], [ 88.963257, 22.057412 ], [ 88.934859, 22.05514 ], [ 88.946107, 22.000001 ], [ 88.931106, 22.000001 ], [ 88.923942, 22.024203 ], [ 88.925048, 22.065259 ], [ 88.966111, 22.077779 ], [ 88.950547, 22.104169 ], [ 88.968276, 22.082269 ], [ 88.98333, 22.11889 ], [ 88.985465, 22.137868 ], [ 88.981445, 22.132216 ], [ 88.978263, 22.131468 ], [ 88.968682, 22.14226 ], [ 88.967551, 22.150073 ], [ 88.969094, 22.155493 ], [ 88.962806, 22.158941 ], [ 88.957284, 22.156881 ], [ 88.952751, 22.158469 ], [ 88.963196, 22.16014 ], [ 88.970031, 22.156302 ], [ 88.980476, 22.132861 ], [ 88.961028, 22.188868 ] ] ], [ [ [ 88.933852, 22.555994 ], [ 88.92002, 22.56542 ], [ 88.894767, 22.558469 ], [ 88.901862, 22.546442 ], [ 88.904228, 22.526263 ], [ 88.910279, 22.523612 ], [ 88.906386, 22.51917 ], [ 88.914443, 22.511111 ], [ 88.894722, 22.466112 ], [ 88.92054, 22.426692 ], [ 88.918557, 22.42201 ], [ 88.907776, 22.415832 ], [ 88.92582, 22.406232 ], [ 88.93, 22.39139 ], [ 88.896408, 22.38038 ], [ 88.907334, 22.335791 ], [ 88.941948, 22.309881 ], [ 88.953475, 22.365531 ], [ 88.944739, 22.37042 ], [ 88.934151, 22.395862 ], [ 88.939445, 22.419011 ], [ 88.935279, 22.39583 ], [ 88.957778, 22.364722 ], [ 88.964165, 22.409167 ], [ 88.998611, 22.430293 ], [ 88.961097, 22.546554 ], [ 88.933852, 22.555994 ] ] ], [ [ [ 88.731896, 22.19399 ], [ 88.683883, 22.207243 ], [ 88.652862, 22.163392 ], [ 88.634187, 22.106211 ], [ 88.663772, 22.023761 ], [ 88.721047, 22.0053 ], [ 88.739677, 22.017696 ], [ 88.73574, 22.031615 ], [ 88.691117, 22.057052 ], [ 88.683051, 22.080831 ], [ 88.738052, 22.134541 ], [ 88.78917, 22.169448 ], [ 88.765526, 22.191961 ], [ 88.731896, 22.19399 ] ] ], [ [ [ 88.226677, 21.762103 ], [ 88.210938, 21.726439 ], [ 88.220382, 21.70003 ], [ 88.198409, 21.685462 ], [ 88.233002, 21.66902 ], [ 88.234734, 21.635378 ], [ 88.216392, 21.616388 ], [ 88.242775, 21.596667 ], [ 88.243682, 21.568121 ], [ 88.270562, 21.55778 ], [ 88.306114, 21.580278 ], [ 88.286393, 21.603889 ], [ 88.311669, 21.67194 ], [ 88.26207, 21.730174 ], [ 88.272002, 21.754406 ], [ 88.226677, 21.762103 ] ] ], [ [ [ 88.811668, 22.020003 ], [ 88.801391, 22.029723 ], [ 88.780282, 22.016112 ], [ 88.761727, 22.014907 ], [ 88.772498, 22.012219 ], [ 88.753609, 21.988058 ], [ 88.776665, 21.990834 ], [ 88.800292, 21.970454 ], [ 88.774445, 21.989722 ], [ 88.753326, 21.98528 ], [ 88.756943, 21.972501 ], [ 88.751663, 21.956939 ], [ 88.775559, 21.94333 ], [ 88.787224, 21.954999 ], [ 88.790558, 21.941669 ], [ 88.824836, 21.93985 ], [ 88.849702, 21.920391 ], [ 88.904023, 21.926481 ], [ 88.90361, 22.01056 ], [ 88.875267, 22.012219 ], [ 88.866387, 22.024447 ], [ 88.848334, 22.0175 ], [ 88.811668, 22.020003 ] ] ], [ [ [ 88.984994, 22.382903 ], [ 88.967362, 22.40769 ], [ 88.947219, 22.25556 ], [ 88.97252, 22.209711 ], [ 89.019723, 22.205554 ], [ 89.02295, 22.166262 ], [ 89.061867, 22.12836 ], [ 89.096261, 22.155012 ], [ 89.068642, 22.147361 ], [ 89.066901, 22.198315 ], [ 89.037049, 22.226713 ], [ 89.032395, 22.257299 ], [ 89.014549, 22.251599 ], [ 89.017230799999979, 22.2688275 ], [ 88.993889, 22.286112 ], [ 88.999999, 22.298055 ], [ 89.023466399999961, 22.2969531 ], [ 88.983612, 22.325338 ], [ 88.984994, 22.382903 ] ] ], [ [ [ 88.91987, 21.92607 ], [ 88.856865, 21.910707 ], [ 88.819617, 21.928199 ], [ 88.854164, 21.889445 ], [ 88.861113, 21.864999 ], [ 88.857216, 21.85861 ], [ 88.878052, 21.85389 ], [ 88.888046, 21.812221 ], [ 88.913613, 21.827222 ], [ 88.923058, 21.824439 ], [ 88.922782, 21.835559 ], [ 88.939162, 21.85 ], [ 88.926392, 21.850829 ], [ 88.92167, 21.85389 ], [ 88.906938, 21.87889 ], [ 88.915001, 21.880832 ], [ 88.917777, 21.860557 ], [ 88.939162, 21.853612 ], [ 88.947219, 21.840562 ], [ 88.95028, 21.864167 ], [ 88.956947, 21.869723 ], [ 88.943336, 21.884722 ], [ 88.958886, 21.869723 ], [ 88.955559, 21.85389 ], [ 88.97667, 21.867501 ], [ 88.966111, 21.890279 ], [ 88.974717, 21.896941 ], [ 88.91987, 21.92607 ] ] ], [ [ [ 89.017243, 22.050488 ], [ 89.01558, 22.052412 ], [ 89.015687, 22.062932 ], [ 89.008332, 22.050821 ], [ 88.985169, 22.055224 ], [ 88.985504, 22.045916 ], [ 88.968087, 22.01436 ], [ 88.975, 21.9925 ], [ 88.982621, 21.993745 ], [ 88.9944, 22.006034 ], [ 88.999359, 22.007105 ], [ 88.983063, 21.992799 ], [ 88.975563, 21.991393 ], [ 88.99244, 21.973631 ], [ 89.006249, 21.988997 ], [ 89.032502, 22.002082 ], [ 89.00544, 21.98649 ], [ 89.018066, 21.975534 ], [ 88.999168, 21.95295 ], [ 89.03222, 21.926123 ], [ 89.049422, 21.929708 ], [ 89.041466, 21.93263 ], [ 89.041038, 21.951045 ], [ 89.043328, 21.932901 ], [ 89.063286, 21.934512 ], [ 89.078003, 21.986932 ], [ 89.041206, 22.048503 ], [ 89.017243, 22.050488 ] ] ], [ [ [ 88.345489, 21.855062 ], [ 88.315146, 21.857598 ], [ 88.315354, 21.84466 ], [ 88.307732, 21.830301 ], [ 88.259773, 21.804207 ], [ 88.28598, 21.789069 ], [ 88.296013, 21.77405 ], [ 88.299247, 21.78362 ], [ 88.309731, 21.783889 ], [ 88.308373, 21.788629 ], [ 88.310349, 21.793486 ], [ 88.307479, 21.796631 ], [ 88.296959, 21.799811 ], [ 88.293891, 21.802781 ], [ 88.310859, 21.795635 ], [ 88.311112, 21.783057 ], [ 88.29834, 21.777152 ], [ 88.3171, 21.70891 ], [ 88.345001, 21.721666 ], [ 88.339804, 21.75101 ], [ 88.343453, 21.76027 ], [ 88.357064, 21.766946 ], [ 88.378044, 21.769444 ], [ 88.379678, 21.788481 ], [ 88.36139, 21.796021 ], [ 88.351417, 21.821905 ], [ 88.352723, 21.854243 ], [ 88.345489, 21.855062 ] ] ], [ [ [ 88.45958, 21.893989 ], [ 88.419007, 21.902402 ], [ 88.392516, 21.832601 ], [ 88.401528, 21.798031 ], [ 88.418266, 21.811612 ], [ 88.424025, 21.812401 ], [ 88.426918, 21.81032 ], [ 88.430626, 21.80049 ], [ 88.444893, 21.80188 ], [ 88.461456, 21.78981 ], [ 88.464355, 21.795041 ], [ 88.449691, 21.804444 ], [ 88.448066, 21.815282 ], [ 88.476753, 21.8372 ], [ 88.488472, 21.837829 ], [ 88.49015, 21.856381 ], [ 88.482109, 21.88782 ], [ 88.45958, 21.893989 ] ] ], [ [ [ 88.844277, 22.189272 ], [ 88.828453, 22.208323 ], [ 88.838272, 22.167032 ], [ 88.830063, 22.16509 ], [ 88.809197, 22.17941 ], [ 88.74916, 22.135001 ], [ 88.734551, 22.104009 ], [ 88.702928, 22.078841 ], [ 88.70639, 22.063334 ], [ 88.739166, 22.056991 ], [ 88.777642, 22.111221 ], [ 88.804611, 22.130541 ], [ 88.855887, 22.144453 ], [ 88.8433, 22.16718 ], [ 88.850791, 22.173564 ], [ 88.868286, 22.171187 ], [ 88.859124, 22.204467 ], [ 88.853241, 22.204332 ], [ 88.850251, 22.1922 ], [ 88.844277, 22.189272 ] ] ], [ [ [ 89.001144, 22.1993 ], [ 88.972686, 22.193438 ], [ 88.996941, 22.138028 ], [ 88.962357, 22.06048 ], [ 88.977912, 22.039922 ], [ 88.98529, 22.056982 ], [ 89.007995, 22.052471 ], [ 89.014725, 22.064444 ], [ 89.026048, 22.052932 ], [ 89.023377, 22.078786 ], [ 89.038223, 22.053392 ], [ 89.035531, 22.109295 ], [ 89.018248, 22.111307 ], [ 89.014647, 22.114008 ], [ 89.03013, 22.122942 ], [ 89.016298, 22.114193 ], [ 89.035262, 22.110471 ], [ 89.050475, 22.130632 ], [ 89.022216, 22.148612 ], [ 89.001144, 22.1993 ] ] ], [ [ [ 88.897263, 22.550148 ], [ 88.870002, 22.530561 ], [ 88.868958, 22.540473 ], [ 88.867851, 22.522292 ], [ 88.843612, 22.506799 ], [ 88.860238, 22.500258 ], [ 88.867737, 22.487868 ], [ 88.856124, 22.422781 ], [ 88.882186, 22.403636 ], [ 88.876602, 22.386918 ], [ 88.898056, 22.366666 ], [ 88.888046, 22.378333 ], [ 88.92167, 22.401391 ], [ 88.902778, 22.414724 ], [ 88.892326, 22.465353 ], [ 88.905288, 22.498393 ], [ 88.897263, 22.550148 ] ] ], [ [ [ 88.717781, 21.907222 ], [ 88.696945, 21.848612 ], [ 88.703055, 21.8575 ], [ 88.717498, 21.855556 ], [ 88.703331, 21.856112 ], [ 88.696662, 21.838055 ], [ 88.702499, 21.82417 ], [ 88.704446, 21.829444 ], [ 88.728058, 21.837499 ], [ 88.705002, 21.82778 ], [ 88.707497, 21.811389 ], [ 88.71833, 21.808059 ], [ 88.725831, 21.794446 ], [ 88.735832, 21.79806 ], [ 88.741944, 21.808889 ], [ 88.751663, 21.815282 ], [ 88.757766, 21.781111 ], [ 88.777221, 21.82167 ], [ 88.763886, 21.828612 ], [ 88.768608, 21.8525 ], [ 88.780564, 21.85944 ], [ 88.756111, 21.880278 ], [ 88.748611, 21.88944 ], [ 88.748337, 21.896111 ], [ 88.72667, 21.899165 ], [ 88.717781, 21.907222 ] ] ], [ [ [ 88.831291, 21.765738 ], [ 88.808892, 21.748332 ], [ 88.797624, 21.747031 ], [ 88.790832, 21.749171 ], [ 88.781594, 21.716 ], [ 88.762511, 21.70137 ], [ 88.815002, 21.710001 ], [ 88.822776, 21.665 ], [ 88.808898, 21.63879 ], [ 88.845832, 21.620001 ], [ 88.828613, 21.650555 ], [ 88.851562, 21.626681 ], [ 88.860528, 21.640369 ], [ 88.839721, 21.71417 ], [ 88.86528, 21.758611 ], [ 88.831291, 21.765738 ] ] ], [ [ [ 88.715607, 21.807291 ], [ 88.694999, 21.74389 ], [ 88.711112, 21.69018 ], [ 88.748048, 21.658331 ], [ 88.754997, 21.66564 ], [ 88.730774, 21.682032 ], [ 88.729293, 21.686757 ], [ 88.74122, 21.690759 ], [ 88.757782, 21.683664 ], [ 88.762757, 21.692931 ], [ 88.758614, 21.709723 ], [ 88.746261, 21.706191 ], [ 88.735864, 21.719291 ], [ 88.748276, 21.707091 ], [ 88.776658, 21.72111 ], [ 88.75277, 21.731578 ], [ 88.752228, 21.74861 ], [ 88.759261, 21.759219 ], [ 88.728058, 21.777778 ], [ 88.715607, 21.807291 ] ] ], [ [ [ 89.059059, 21.722003 ], [ 89.009795, 21.704871 ], [ 89.022002, 21.700381 ], [ 89.024726, 21.694861 ], [ 89.028489, 21.635319 ], [ 89.037628, 21.640561 ], [ 89.05159, 21.61753 ], [ 89.095039, 21.643961 ], [ 89.059059, 21.722003 ] ] ], [ [ [ 88.979569, 21.89326 ], [ 88.978309, 21.865899 ], [ 88.950287, 21.838091 ], [ 88.978881, 21.822226 ], [ 88.976502, 21.80469 ], [ 88.968299, 21.79946 ], [ 88.953927, 21.803296 ], [ 88.942786, 21.786501 ], [ 88.97094, 21.775062 ], [ 88.994156, 21.814172 ], [ 89.017442, 21.815933 ], [ 89.029991, 21.834529 ], [ 88.989242, 21.868123 ], [ 89.024758, 21.849216 ], [ 89.028892, 21.865842 ], [ 88.979569, 21.89326 ] ] ], [ [ [ 88.882232, 21.74528 ], [ 88.873054, 21.694444 ], [ 88.887779, 21.658055 ], [ 88.920829, 21.632221 ], [ 88.940277, 21.695278 ], [ 88.882232, 21.74528 ] ] ], [ [ [ 88.140556, 22.02555 ], [ 88.073326, 21.995281 ], [ 88.048073, 21.91111 ], [ 88.087502, 21.93278 ], [ 88.140556, 22.02555 ] ] ], [ [ [ 88.886626, 22.164454 ], [ 88.848084, 22.166929 ], [ 88.859917, 22.141889 ], [ 88.830696, 22.127081 ], [ 88.844856, 22.122892 ], [ 88.880256, 22.085612 ], [ 88.895478, 22.09213 ], [ 88.889511, 22.101518 ], [ 88.892777, 22.114448 ], [ 88.908089, 22.087023 ], [ 88.921609, 22.1113 ], [ 88.886626, 22.164454 ] ] ], [ [ [ 88.853608, 21.865281 ], [ 88.837219, 21.843055 ], [ 88.834999, 21.781667 ], [ 88.864441, 21.779171 ], [ 88.880279, 21.748056 ], [ 88.913331, 21.727779 ], [ 88.921387, 21.74361 ], [ 88.891387, 21.75361 ], [ 88.898056, 21.77861 ], [ 88.882232, 21.797219 ], [ 88.87722, 21.85167 ], [ 88.857499, 21.855556 ], [ 88.853608, 21.865281 ] ] ], [ [ [ 88.543427, 21.810591 ], [ 88.504173, 21.770829 ], [ 88.535286, 21.792021 ], [ 88.504388, 21.75741 ], [ 88.520836, 21.71889 ], [ 88.526534, 21.719189 ], [ 88.534356, 21.73323 ], [ 88.541718, 21.737679 ], [ 88.572502, 21.735555 ], [ 88.561943, 21.77 ], [ 88.572219, 21.787782 ], [ 88.543427, 21.810591 ] ] ], [ [ [ 88.715782, 22.000641 ], [ 88.652939, 22.01913 ], [ 88.634857, 21.995951 ], [ 88.633941, 21.95133 ], [ 88.678154, 21.942868 ], [ 88.688056, 21.952777 ], [ 88.671478, 21.950913 ], [ 88.668891, 21.951681 ], [ 88.668328, 21.95389 ], [ 88.692321, 21.956672 ], [ 88.684822, 21.97406 ], [ 88.686668, 21.99111 ], [ 88.693084, 21.9698 ], [ 88.715782, 22.000641 ] ] ], [ [ [ 88.428565, 21.702011 ], [ 88.401772, 21.737825 ], [ 88.394996, 21.755001 ], [ 88.386741, 21.73385 ], [ 88.368638, 21.727341 ], [ 88.403878, 21.715191 ], [ 88.379724, 21.680831 ], [ 88.398613, 21.595557 ], [ 88.413329, 21.622779 ], [ 88.431939, 21.62736 ], [ 88.411164, 21.658662 ], [ 88.413307, 21.691066 ], [ 88.428565, 21.702011 ] ] ], [ [ [ 88.549813, 21.735981 ], [ 88.517219, 21.711401 ], [ 88.529579, 21.652652 ], [ 88.548592, 21.636401 ], [ 88.553649, 21.650101 ], [ 88.569168, 21.669444 ], [ 88.565056, 21.702941 ], [ 88.552781, 21.702779 ], [ 88.562722, 21.706364 ], [ 88.574204, 21.694027 ], [ 88.569785, 21.699422 ], [ 88.568299, 21.70976 ], [ 88.558968, 21.71262 ], [ 88.552644, 21.723011 ], [ 88.54322, 21.724171 ], [ 88.553216, 21.723834 ], [ 88.569938, 21.710621 ], [ 88.580246, 21.68468 ], [ 88.590699, 21.690629 ], [ 88.571105, 21.732221 ], [ 88.549813, 21.735981 ] ] ], [ [ [ 88.587501, 21.601943 ], [ 88.524376, 21.653201 ], [ 88.510001, 21.602221 ], [ 88.536934, 21.588398 ], [ 88.556664, 21.604446 ], [ 88.53695, 21.586951 ], [ 88.550002, 21.56361 ], [ 88.575547, 21.574172 ], [ 88.587501, 21.601943 ] ] ], [ [ [ 88.620553, 21.897779 ], [ 88.594719, 21.854444 ], [ 88.621109, 21.831391 ], [ 88.611947, 21.81667 ], [ 88.638893, 21.784718 ], [ 88.653518, 21.867709 ], [ 88.633332, 21.869723 ], [ 88.620553, 21.897779 ] ] ], [ [ [ 88.98384, 21.70532 ], [ 88.97316, 21.697389 ], [ 88.950843, 21.700721 ], [ 88.963257, 21.66299 ], [ 88.963706, 21.646512 ], [ 88.99163, 21.64488 ], [ 88.995004, 21.637199 ], [ 88.998033, 21.622209 ], [ 88.998887, 21.602511 ], [ 89.022376, 21.60278 ], [ 89.036263, 21.623841 ], [ 89.02234, 21.636096 ], [ 89.02205, 21.6546 ], [ 88.996392, 21.649039 ], [ 88.988335, 21.652178 ], [ 88.98384, 21.70532 ] ] ], [ [ [ 88.723335, 21.931668 ], [ 88.725831, 21.90167 ], [ 88.748887, 21.897223 ], [ 88.776109, 21.869721 ], [ 88.786392, 21.87861 ], [ 88.788329, 21.879444 ], [ 88.791946, 21.87861 ], [ 88.793327, 21.87278 ], [ 88.786941, 21.866111 ], [ 88.790832, 21.865279 ], [ 88.814453, 21.90139 ], [ 88.799447, 21.919721 ], [ 88.736114, 21.918057 ], [ 88.723335, 21.931668 ] ] ], [ [ [ 88.305374, 21.707674 ], [ 88.316658, 21.666766 ], [ 88.306212, 21.62034 ], [ 88.315276, 21.608056 ], [ 88.358069, 21.647501 ], [ 88.342202, 21.693248 ], [ 88.305374, 21.707674 ] ] ], [ [ [ 88.457451, 21.78896 ], [ 88.446037, 21.797958 ], [ 88.43879, 21.780349 ], [ 88.423362, 21.767725 ], [ 88.433135, 21.704481 ], [ 88.441484, 21.70984 ], [ 88.455917, 21.711419 ], [ 88.467217, 21.737221 ], [ 88.474998, 21.791389 ], [ 88.457451, 21.78896 ] ] ], [ [ [ 88.454445, 21.709167 ], [ 88.41941, 21.689179 ], [ 88.442231, 21.615 ], [ 88.470688, 21.672991 ], [ 88.454445, 21.709167 ] ] ], [ [ [ 88.772017, 21.653347 ], [ 88.729569, 21.63995 ], [ 88.736107, 21.62362 ], [ 88.736076, 21.612409 ], [ 88.75824, 21.600038 ], [ 88.756111, 21.575831 ], [ 88.798057, 21.591666 ], [ 88.782219, 21.596111 ], [ 88.772017, 21.653347 ] ] ], [ [ [ 88.834167, 21.607222 ], [ 88.82833, 21.576943 ], [ 88.84278, 21.553888 ], [ 88.900002, 21.552221 ], [ 88.892502, 21.579446 ], [ 88.834167, 21.607222 ] ] ], [ [ [ 88.792502, 21.87389 ], [ 88.776947, 21.866952 ], [ 88.782212, 21.85972 ], [ 88.765832, 21.82889 ], [ 88.784156, 21.82611 ], [ 88.78972, 21.82139 ], [ 88.794442, 21.812501 ], [ 88.795563, 21.801671 ], [ 88.788888, 21.795829 ], [ 88.794998, 21.791389 ], [ 88.829721, 21.86222 ], [ 88.801391, 21.868062 ], [ 88.798888, 21.870833 ], [ 88.800828, 21.877219 ], [ 88.800552, 21.87778 ], [ 88.79361, 21.866391 ], [ 88.78778, 21.863611 ], [ 88.786109, 21.868331 ], [ 88.792502, 21.87389 ] ] ], [ [ [ 88.204659, 21.72064 ], [ 88.181389, 21.686109 ], [ 88.211945, 21.601667 ], [ 88.211669, 21.62083 ], [ 88.231666, 21.64361 ], [ 88.226326, 21.670212 ], [ 88.195556, 21.681943 ], [ 88.198334, 21.694444 ], [ 88.21659, 21.700541 ], [ 88.204659, 21.72064 ] ] ], [ [ [ 88.805528, 22.083422 ], [ 88.798339, 22.098341 ], [ 88.798898, 22.108362 ], [ 88.783753, 22.106943 ], [ 88.748627, 22.057132 ], [ 88.771942, 22.054723 ], [ 88.781243, 22.048362 ], [ 88.787217, 22.072222 ], [ 88.794152, 22.055662 ], [ 88.805213, 22.065736 ], [ 88.828766, 22.0715 ], [ 88.836212, 22.06634 ], [ 88.827781, 22.086034 ], [ 88.815018, 22.080584 ], [ 88.805528, 22.083422 ] ] ], [ [ [ 88.744353, 21.979974 ], [ 88.723732, 21.973816 ], [ 88.73278, 21.925277 ], [ 88.791335, 21.920682 ], [ 88.80494, 21.93781 ], [ 88.788901, 21.940714 ], [ 88.786454, 21.95265 ], [ 88.775842, 21.94145 ], [ 88.751198, 21.954459 ], [ 88.744353, 21.979974 ] ] ], [ [ [ 88.924088, 21.76251 ], [ 88.922782, 21.719708 ], [ 88.973053, 21.69861 ], [ 88.983879, 21.706391 ], [ 88.972221, 21.715556 ], [ 88.969445, 21.722778 ], [ 88.98748, 21.74472 ], [ 88.968896, 21.739199 ], [ 88.965286, 21.742481 ], [ 88.963196, 21.752754 ], [ 88.924088, 21.76251 ] ] ], [ [ [ 88.423469, 21.811083 ], [ 88.382659, 21.7791 ], [ 88.42276, 21.71982 ], [ 88.42086, 21.767231 ], [ 88.442687, 21.799651 ], [ 88.429634, 21.799587 ], [ 88.423469, 21.811083 ] ] ], [ [ [ 88.576226, 21.884282 ], [ 88.541162, 21.902561 ], [ 88.550262, 21.880959 ], [ 88.542504, 21.855561 ], [ 88.530557, 21.849168 ], [ 88.551032, 21.817292 ], [ 88.576226, 21.884282 ] ] ], [ [ [ 88.502503, 21.594721 ], [ 88.486107, 21.588332 ], [ 88.481706, 21.554726 ], [ 88.504173, 21.544452 ], [ 88.505347, 21.550911 ], [ 88.509698, 21.55794 ], [ 88.503891, 21.56111 ], [ 88.502776, 21.563054 ], [ 88.503052, 21.565281 ], [ 88.511674, 21.558061 ], [ 88.506111, 21.541111 ], [ 88.53083, 21.542209 ], [ 88.533889, 21.57806 ], [ 88.502503, 21.594721 ] ] ], [ [ [ 88.784165, 21.739165 ], [ 88.782219, 21.766946 ], [ 88.79583, 21.787221 ], [ 88.787263, 21.795797 ], [ 88.793555, 21.809741 ], [ 88.782105, 21.825194 ], [ 88.766372, 21.78679 ], [ 88.749755, 21.769649 ], [ 88.764389, 21.7605 ], [ 88.756661, 21.73341 ], [ 88.784165, 21.739165 ] ] ], [ [ [ 88.81752, 22.123061 ], [ 88.79869, 22.110929 ], [ 88.805901, 22.084753 ], [ 88.825256, 22.08729 ], [ 88.821183, 22.092021 ], [ 88.819207, 22.104422 ], [ 88.83809, 22.073079 ], [ 88.851181, 22.079363 ], [ 88.867233, 22.082221 ], [ 88.838447, 22.090193 ], [ 88.843719, 22.098093 ], [ 88.867942, 22.08502 ], [ 88.845727, 22.119421 ], [ 88.81752, 22.123061 ] ] ], [ [ [ 88.806107, 21.706672 ], [ 88.758331, 21.682501 ], [ 88.730553, 21.684721 ], [ 88.796944, 21.655277 ], [ 88.806107, 21.706672 ] ] ], [ [ [ 88.948327, 21.835279 ], [ 88.941391, 21.847221 ], [ 88.924446, 21.835833 ], [ 88.926392, 21.82389 ], [ 88.934998, 21.824444 ], [ 88.938889, 21.816667 ], [ 88.914169, 21.755559 ], [ 88.921387, 21.766112 ], [ 88.960557, 21.772778 ], [ 88.940423, 21.782366 ], [ 88.940277, 21.793055 ], [ 88.954171, 21.808059 ], [ 88.970001, 21.802778 ], [ 88.97667, 21.820834 ], [ 88.948327, 21.835279 ] ] ], [ [ [ 88.999313, 21.78558 ], [ 88.951112, 21.757779 ], [ 88.965341, 21.752651 ], [ 88.968711, 21.740706 ], [ 88.987877, 21.746648 ], [ 88.988663, 21.739849 ], [ 88.97667, 21.728611 ], [ 88.994163, 21.723334 ], [ 89.00428, 21.716073 ], [ 89.015235, 21.72738 ], [ 89.001397, 21.74595 ], [ 88.996665, 21.768329 ], [ 88.998046, 21.77167 ], [ 89.011612, 21.779944 ], [ 88.999313, 21.78558 ] ] ], [ [ [ 88.371001, 21.76324 ], [ 88.342788, 21.75439 ], [ 88.348891, 21.725554 ], [ 88.337509, 21.71077 ], [ 88.360558, 21.68639 ], [ 88.398057, 21.713334 ], [ 88.365281, 21.72222 ], [ 88.359688, 21.7345 ], [ 88.359811, 21.746201 ], [ 88.371001, 21.76324 ] ] ], [ [ [ 88.913613, 21.825834 ], [ 88.883057, 21.808057 ], [ 88.895836, 21.788062 ], [ 88.903893, 21.794722 ], [ 88.906938, 21.79417 ], [ 88.901946, 21.751391 ], [ 88.937232, 21.81667 ], [ 88.913613, 21.825834 ] ] ], [ [ [ 88.87056, 22.078939 ], [ 88.85292, 22.078752 ], [ 88.834381, 22.06389 ], [ 88.819442, 22.063056 ], [ 88.832519, 22.051683 ], [ 88.845552, 22.06167 ], [ 88.831672, 22.044225 ], [ 88.843423, 22.022031 ], [ 88.859855, 22.026621 ], [ 88.850723, 22.039031 ], [ 88.850937, 22.043161 ], [ 88.890603, 22.04833 ], [ 88.870164, 22.063051 ], [ 88.868331, 22.069651 ], [ 88.87056, 22.078939 ] ] ], [ [ [ 89.004159, 21.715143 ], [ 88.970558, 21.72111 ], [ 88.992501, 21.701391 ], [ 88.993415, 21.651389 ], [ 89.017838, 21.661187 ], [ 89.024163, 21.687732 ], [ 89.00753, 21.7046 ], [ 89.019889, 21.71456 ], [ 89.015099, 21.7177 ], [ 89.004159, 21.715143 ] ] ], [ [ [ 88.728791, 21.637582 ], [ 88.707206, 21.594221 ], [ 88.735832, 21.571672 ], [ 88.757187, 21.59898 ], [ 88.735581, 21.611051 ], [ 88.728791, 21.637582 ] ] ], [ [ [ 88.807221, 21.749171 ], [ 88.830277, 21.766665 ], [ 88.821671, 21.822901 ], [ 88.783896, 21.765521 ], [ 88.807221, 21.749171 ] ] ], [ [ [ 88.609435, 21.790001 ], [ 88.591202, 21.78331 ], [ 88.58625, 21.756598 ], [ 88.616507, 21.74441 ], [ 88.623055, 21.736665 ], [ 88.619445, 21.725554 ], [ 88.598846, 21.715522 ], [ 88.608886, 21.708055 ], [ 88.630836, 21.7425 ], [ 88.609435, 21.790001 ] ] ], [ [ [ 88.954187, 22.221604 ], [ 88.918794, 22.230809 ], [ 88.908066, 22.19631 ], [ 88.931801, 22.177024 ], [ 88.941405, 22.192189 ], [ 88.961587, 22.19721 ], [ 88.954187, 22.221604 ] ] ], [ [ [ 88.968178, 21.64052 ], [ 88.962487, 21.646981 ], [ 88.955208, 21.677091 ], [ 88.941132, 21.641801 ], [ 88.955916, 21.617567 ], [ 88.987779, 21.613056 ], [ 88.991852, 21.642999 ], [ 88.968178, 21.64052 ] ] ], [ [ [ 88.58583, 21.658055 ], [ 88.567529, 21.690469 ], [ 88.570809, 21.666 ], [ 88.55371, 21.640465 ], [ 88.592499, 21.618054 ], [ 88.605714, 21.624402 ], [ 88.58583, 21.658055 ] ] ], [ [ [ 88.592499, 21.85028 ], [ 88.582924, 21.842773 ], [ 88.576041, 21.817034 ], [ 88.589454, 21.798325 ], [ 88.614167, 21.79806 ], [ 88.607225, 21.815833 ], [ 88.61805, 21.829244 ], [ 88.592499, 21.85028 ] ] ], [ [ [ 89.012017, 21.764901 ], [ 88.999733, 21.76055 ], [ 89.016929, 21.731211 ], [ 89.01741, 21.71778 ], [ 89.05806, 21.72464 ], [ 89.012017, 21.764901 ] ] ], [ [ [ 88.638893, 21.921681 ], [ 88.623384, 21.90141 ], [ 88.634453, 21.87056 ], [ 88.652778, 21.873333 ], [ 88.667503, 21.911671 ], [ 88.638893, 21.921681 ] ] ], [ [ [ 88.831428, 22.050242 ], [ 88.794472, 22.054242 ], [ 88.787575, 22.05963 ], [ 88.780159, 22.037832 ], [ 88.831863, 22.026975 ], [ 88.831428, 22.050242 ] ] ], [ [ [ 88.29728, 21.7056 ], [ 88.302887, 21.755559 ], [ 88.288909, 21.778485 ], [ 88.277222, 21.734172 ], [ 88.29728, 21.7056 ] ] ], [ [ [ 88.699181, 21.698168 ], [ 88.696389, 21.713334 ], [ 88.687042, 21.683331 ], [ 88.723153, 21.638329 ], [ 88.74913, 21.647002 ], [ 88.699181, 21.698168 ] ] ], [ [ [ 88.489288, 21.835172 ], [ 88.450333, 21.815131 ], [ 88.457045, 21.80196 ], [ 88.485833, 21.79861 ], [ 88.498847, 21.81032 ], [ 88.489288, 21.835172 ] ] ], [ [ [ 88.901595, 22.04204 ], [ 88.886918, 22.057784 ], [ 88.892044, 22.049337 ], [ 88.889641, 22.045579 ], [ 88.851951, 22.041684 ], [ 88.879082, 22.014521 ], [ 88.901358, 22.018321 ], [ 88.901595, 22.04204 ] ] ], [ [ [ 88.581673, 21.777781 ], [ 88.569001, 21.769179 ], [ 88.592795, 21.71871 ], [ 88.620788, 21.735845 ], [ 88.585953, 21.75341 ], [ 88.581673, 21.777781 ] ] ], [ [ [ 88.865546, 22.38556 ], [ 88.861663, 22.410555 ], [ 88.860833, 22.370832 ], [ 88.898612, 22.336673 ], [ 88.897782, 22.364173 ], [ 88.874848, 22.386832 ], [ 88.880577, 22.403212 ], [ 88.865546, 22.38556 ] ] ], [ [ [ 88.781114, 22.500563 ], [ 88.800805, 22.461118 ], [ 88.803971, 22.444453 ], [ 88.81923, 22.432253 ], [ 88.834106, 22.433401 ], [ 88.821687, 22.434789 ], [ 88.809837, 22.481193 ], [ 88.781114, 22.500563 ] ] ], [ [ [ 88.816666, 21.901112 ], [ 88.800279, 21.870555 ], [ 88.829438, 21.864718 ], [ 88.840836, 21.886944 ], [ 88.816666, 21.901112 ] ] ], [ [ [ 89.016617, 21.81163 ], [ 88.994858, 21.812326 ], [ 88.990021, 21.790751 ], [ 89.012719, 21.780545 ], [ 88.99881, 21.766941 ], [ 89.014543, 21.765799 ], [ 89.023301, 21.758971 ], [ 89.016617, 21.81163 ] ] ], [ [ [ 88.775261, 22.050044 ], [ 88.751428, 22.050333 ], [ 88.76111, 22.021944 ], [ 88.778053, 22.01972 ], [ 88.791283, 22.031991 ], [ 88.779197, 22.036841 ], [ 88.775261, 22.050044 ] ] ], [ [ [ 88.385453, 21.764161 ], [ 88.361518, 21.74766 ], [ 88.362915, 21.732079 ], [ 88.386695, 21.740679 ], [ 88.385453, 21.764161 ] ] ], [ [ [ 88.754997, 21.779166 ], [ 88.749443, 21.80028 ], [ 88.750632, 21.814215 ], [ 88.728333, 21.779723 ], [ 88.754997, 21.779166 ] ] ], [ [ [ 88.890906, 22.060357 ], [ 88.897217, 22.089152 ], [ 88.8814, 22.083942 ], [ 88.870209, 22.0869 ], [ 88.871689, 22.063356 ], [ 88.890906, 22.060357 ] ] ], [ [ [ 86.8809087, 20.785045 ], [ 86.895152599999989, 20.7764905 ], [ 86.9549779, 20.7772018 ], [ 86.9395811, 20.7842453 ], [ 86.8809087, 20.785045 ] ] ], [ [ [ 88.606338, 21.679978 ], [ 88.588066, 21.701589 ], [ 88.591943, 21.69056 ], [ 88.58039, 21.682994 ], [ 88.588547, 21.657331 ], [ 88.606338, 21.679978 ] ] ], [ [ [ 88.135316, 21.926057 ], [ 88.116112, 21.918319 ], [ 88.129447, 21.898889 ], [ 88.144624, 21.91526 ], [ 88.135316, 21.926057 ] ] ], [ [ [ 88.177209, 21.601111 ], [ 88.167778, 21.591666 ], [ 88.186669, 21.56 ], [ 88.188889, 21.581939 ], [ 88.177209, 21.601111 ] ] ], [ [ [ 88.508606, 21.90972 ], [ 88.477783, 21.9025 ], [ 88.489165, 21.889445 ], [ 88.508606, 21.90972 ] ] ], [ [ [ 87.9344127, 21.7436168 ], [ 87.9598015, 21.7557258 ], [ 87.9595712, 21.7706683 ], [ 87.9344127, 21.7436168 ] ] ], [ [ [ 88.287391, 21.784429 ], [ 88.263627, 21.79236 ], [ 88.283332, 21.769444 ], [ 88.287391, 21.784429 ] ] ], [ [ [ 87.8869243, 21.7470183 ], [ 87.899352, 21.7607117 ], [ 87.904187, 21.77153 ], [ 87.882952099999969, 21.756726 ], [ 87.8869243, 21.7470183 ] ] ], [ [ [ 88.741454, 21.988772 ], [ 88.757233, 21.993601 ], [ 88.758712, 22.007064 ], [ 88.741454, 21.988772 ] ] ], [ [ [ 88.631942, 21.649169 ], [ 88.639442, 21.668056 ], [ 88.640395, 21.678574 ], [ 88.627502, 21.65806 ], [ 88.631942, 21.649169 ] ] ], [ [ [ 88.171401, 21.932219 ], [ 88.159721, 21.928609 ], [ 88.165268, 21.916111 ], [ 88.171401, 21.932219 ] ] ], [ [ [ 88.693153, 22.077742 ], [ 88.723137, 22.101106 ], [ 88.692031, 22.085519 ], [ 88.693153, 22.077742 ] ] ], [ [ [ 88.519439, 21.854672 ], [ 88.515831, 21.839445 ], [ 88.524171, 21.835001 ], [ 88.527496, 21.843331 ], [ 88.519439, 21.854672 ] ] ], [ [ [ 86.9885211, 20.8523998 ], [ 86.996490799999975, 20.8617351 ], [ 86.994110800000016, 20.8648141 ], [ 86.9885211, 20.8523998 ] ] ], [ [ [ 88.174148, 21.79972 ], [ 88.165268, 21.80028 ], [ 88.169166, 21.79056 ], [ 88.174148, 21.79972 ] ] ], [ [ [ 86.9905059, 20.7964915 ], [ 87.001576, 20.8049674 ], [ 86.995676899999978, 20.8072347 ], [ 86.9905059, 20.7964915 ] ] ], [ [ [ 88.629166, 22.053055 ], [ 88.632774, 22.060555 ], [ 88.630836, 22.063069 ], [ 88.629166, 22.053055 ] ] ], [ [ [ 88.445679, 21.90613 ], [ 88.455612, 21.914132 ], [ 88.442261, 21.908769 ], [ 88.445679, 21.90613 ] ] ], [ [ [ 88.193885, 21.763331 ], [ 88.202218, 21.761391 ], [ 88.199998, 21.76917 ], [ 88.193885, 21.763331 ] ] ], [ [ [ 88.1093, 21.883881 ], [ 88.105279, 21.897511 ], [ 88.112777, 21.910554 ], [ 88.104447, 21.897779 ], [ 88.1093, 21.883881 ] ] ], [ [ [ 88.729279, 22.11362 ], [ 88.735519, 22.123619 ], [ 88.736274, 22.128777 ], [ 88.729851, 22.12345 ], [ 88.729279, 22.11362 ] ] ], [ [ [ 88.178886, 21.791111 ], [ 88.185279, 21.790555 ], [ 88.180832, 21.795834 ], [ 88.178886, 21.791111 ] ] ], [ [ [ 88.19587, 21.730069 ], [ 88.199998, 21.728889 ], [ 88.201379, 21.73667 ], [ 88.19587, 21.730069 ] ] ], [ [ [ 88.581138, 21.872529 ], [ 88.585801, 21.873992 ], [ 88.584686, 21.87659 ], [ 88.581138, 21.872529 ] ] ], [ [ [ 86.990518699999981, 20.7765179 ], [ 86.9916002, 20.7834596 ], [ 86.9859083, 20.7830507 ], [ 86.990518699999981, 20.7765179 ] ] ], [ [ [ 88.020545, 21.566669 ], [ 88.016671, 21.58028 ], [ 88.01583, 21.58167 ], [ 88.016671, 21.572209 ], [ 88.020545, 21.566669 ] ] ], [ [ [ 88.917777, 22.423891 ], [ 88.917192, 22.42903 ], [ 88.911637, 22.42338 ], [ 88.917777, 22.423891 ] ] ], [ [ [ 87.996667, 22.21305 ], [ 87.988052, 22.216382 ], [ 87.995552, 22.211669 ], [ 87.996667, 22.21305 ] ] ], [ [ [ 87.912781, 22.431111 ], [ 87.908891, 22.430001 ], [ 87.918319, 22.430001 ], [ 87.912781, 22.431111 ] ] ], [ [ [ 88.858611, 22.462226 ], [ 88.85694, 22.472502 ], [ 88.856111, 22.458891 ], [ 88.858611, 22.462226 ] ] ], [ [ [ 88.185477, 21.820651 ], [ 88.177781, 21.824719 ], [ 88.185555, 21.819165 ], [ 88.185477, 21.820651 ] ] ], [ [ [ 88.501418, 21.782961 ], [ 88.506111, 21.784718 ], [ 88.506386, 21.788333 ], [ 88.501418, 21.782961 ] ] ], [ [ [ 88.936273, 22.561334 ], [ 88.930007, 22.563128 ], [ 88.933608, 22.557783 ], [ 88.936273, 22.561334 ] ] ], [ [ [ 87.937501, 22.396949 ], [ 87.936113, 22.406391 ], [ 87.933334, 22.409721 ], [ 87.937501, 22.396949 ] ] ], [ [ [ 88.86889, 22.410555 ], [ 88.871948, 22.405277 ], [ 88.874444, 22.405555 ], [ 88.86889, 22.410555 ] ] ], [ [ [ 88.560555, 21.828332 ], [ 88.555778, 21.82577 ], [ 88.557227, 21.823774 ], [ 88.560555, 21.828332 ] ] ], [ [ [ 88.029167, 22.058889 ], [ 88.029441, 22.062499 ], [ 88.027497, 22.061946 ], [ 88.029167, 22.058889 ] ] ], [ [ [ 88.894448, 21.649721 ], [ 88.889008, 21.654573 ], [ 88.89389, 21.649167 ], [ 88.894448, 21.649721 ] ] ], [ [ [ 88.425126, 21.903603 ], [ 88.422776, 21.90611 ], [ 88.4207, 21.903878 ], [ 88.425126, 21.903603 ] ] ], [ [ [ 87.925392, 22.424695 ], [ 87.923379, 22.427911 ], [ 87.919356, 22.42952 ], [ 87.925392, 22.424695 ] ] ], [ [ [ 88.280563, 21.767219 ], [ 88.281944, 21.768612 ], [ 88.279168, 21.769722 ], [ 88.280563, 21.767219 ] ] ], [ [ [ 88.536492, 21.853717 ], [ 88.540795, 21.855062 ], [ 88.541617, 21.85738 ], [ 88.536492, 21.853717 ] ] ], [ [ [ 88.733391, 22.043601 ], [ 88.730934, 22.043599 ], [ 88.733986, 22.042261 ], [ 88.733391, 22.043601 ] ] ], [ [ [ 88.136597, 21.8944 ], [ 88.138381, 21.898165 ], [ 88.136018, 21.89447 ], [ 88.136597, 21.8944 ] ] ], [ [ [ 88.689506, 22.080313 ], [ 88.690361, 22.081072 ], [ 88.688995, 22.081904 ], [ 88.689506, 22.080313 ] ] ] ] } },
{ "type": "Feature", "properties": { "FEATURE_ID": "AESR_11_P01", "AESR_UID": "AESR_11", "aesr_code": "11", "PART_NO": 1, "NPARTS": 1, "aer_code": 11, "subregion": "Eastern Plateau (Chhattisgarh Region)", "SOIL_GRP": "Red/Yellow", "CLIM_STD": "Dry subhumid to Moist subhumid", "LGP_ORDER": 5, "lgp_ref": "150-180 Days", "AWC_REF": "Medium", "AREA_KM2": 139316.5456396933 }, "geometry": { "type": "Polygon", "coordinates": [ [ [ 81.9622943, 20.0956061 ], [ 81.9941454, 20.0562888 ], [ 82.017506699999984, 20.0490709 ], [ 82.0319735, 20.0143982 ], [ 82.065458799999973, 20.0541872 ], [ 82.1236704, 20.0148573 ], [ 82.1734142, 20.0026936 ], [ 82.1860586, 19.9826697 ], [ 82.238217, 20.0026952 ], [ 82.2692952, 19.9762549 ], [ 82.305854299999979, 19.888361 ], [ 82.34709549999998, 19.8350154 ], [ 82.3964355, 19.8867771 ], [ 82.450010899999967, 19.9080109 ], [ 82.5018517, 19.9024592 ], [ 82.5306866, 19.8779684 ], [ 82.5375151, 19.8873011 ], [ 82.551908599999976, 19.8742445 ], [ 82.6011217, 19.8698153 ], [ 82.5788983, 19.8277157 ], [ 82.592714, 19.776495 ], [ 82.6306191, 19.7947624 ], [ 82.6533687, 19.8307797 ], [ 82.710330699999972, 19.8364999 ], [ 82.725110700000016, 19.8762128 ], [ 82.708125299999963, 19.8986356 ], [ 82.7150577, 19.9953896 ], [ 82.6393275, 20.0051453 ], [ 82.6059578, 19.9906978 ], [ 82.3984249, 20.0642771 ], [ 82.3864707, 20.1491435 ], [ 82.4211318, 20.2067178 ], [ 82.412598, 20.2678497 ], [ 82.4367359, 20.287271 ], [ 82.4012764, 20.3396964 ], [ 82.436639299999982, 20.4298069 ], [ 82.4175312, 20.4772459 ], [ 82.395562299999966, 20.4564767 ], [ 82.3879457, 20.5137118 ], [ 82.356233100000011, 20.5267208 ], [ 82.331458499999982, 20.5575939 ], [ 82.375664, 20.6276967 ], [ 82.342530899999986, 20.7618848 ], [ 82.354001499999981, 20.8870025 ], [ 82.366425099999987, 20.869743 ], [ 82.4087962, 20.8656871 ], [ 82.4229302, 20.8298004 ], [ 82.4664447, 20.827216 ], [ 82.4893084, 20.8586561 ], [ 82.4930384, 20.906783 ], [ 82.560303499999989, 20.9447501 ], [ 82.629672, 21.039749 ], [ 82.616736, 21.0743021 ], [ 82.6523774, 21.1049656 ], [ 82.6432797, 21.1524439 ], [ 82.759621099999976, 21.1628391 ], [ 82.7961776, 21.142444 ], [ 82.8198036, 21.1617235 ], [ 82.876146800000015, 21.1629696 ], [ 82.8865549, 21.1523363 ], [ 82.9633709, 21.1787664 ], [ 82.9724414, 21.1590816 ], [ 83.0002672, 21.1576287 ], [ 83.04787730000001, 21.1223963 ], [ 83.127117699999985, 21.1046366 ], [ 83.168649399999978, 21.1350119 ], [ 83.1973538, 21.13912 ], [ 83.2255868, 21.2635069 ], [ 83.2496724, 21.2798176 ], [ 83.2749188, 21.2720053 ], [ 83.2817798, 21.2890627 ], [ 83.2613273, 21.31571 ], [ 83.2772424, 21.3782815 ], [ 83.38201309999998, 21.3433611 ], [ 83.409842, 21.3518453 ], [ 83.400954500000012, 21.4027542 ], [ 83.357482, 21.447179 ], [ 83.341814099999979, 21.4986454 ], [ 83.387883499999987, 21.6156865 ], [ 83.4483873, 21.6522007 ], [ 83.4599213, 21.6082032 ], [ 83.491680800000012, 21.6285647 ], [ 83.490216, 21.6425881 ], [ 83.4269157, 21.6778751 ], [ 83.4351293, 21.6951741 ], [ 83.4634866, 21.6971837 ], [ 83.4912698, 21.74438 ], [ 83.474319, 21.785472 ], [ 83.4980655, 21.8172435 ], [ 83.5436869, 21.7967072 ], [ 83.538376399999962, 21.8346059 ], [ 83.5806464, 21.8324094 ], [ 83.5915844, 21.846334 ], [ 83.578642299999984, 21.874555 ], [ 83.6075903, 21.9134743 ], [ 83.560486799999978, 21.9347377 ], [ 83.54230459999998, 21.9659852 ], [ 83.5556942, 22.0091342 ], [ 83.5411369, 22.0246747 ], [ 83.545505600000013, 22.0577187 ], [ 83.60743669999998, 22.0678906 ], [ 83.566317399999988, 22.1061416 ], [ 83.652859, 22.2267502 ], [ 83.700106, 22.2476799 ], [ 83.7598798, 22.2450899 ], [ 83.868061, 22.345943 ], [ 83.9040017, 22.3418846 ], [ 83.9225701, 22.3618427 ], [ 84.0112205, 22.3699011 ], [ 84.048553099999978, 22.4662234 ], [ 83.983132499999982, 22.5042206 ], [ 83.98713, 22.5239839 ], [ 84.001328599999979, 22.5307876 ], [ 84.0645995, 22.5122044 ], [ 84.1130942, 22.4760088 ], [ 84.141881499999982, 22.4731293 ], [ 84.1428354, 22.4229391 ], [ 84.1594295, 22.4032378 ], [ 84.2010269, 22.3742033 ], [ 84.2534492, 22.3761321 ], [ 84.296091899999979, 22.3398361 ], [ 84.432890399999977, 22.351421 ], [ 84.454650900000019, 22.3816619 ], [ 84.4843766, 22.3862679 ], [ 84.48346, 22.4085414 ], [ 84.5333905, 22.4225958 ], [ 84.6387917, 22.4312841 ], [ 84.6682898, 22.4166059 ], [ 84.7504998, 22.4174933 ], [ 84.759327, 22.4447107 ], [ 84.8144036, 22.4495922 ], [ 84.8391358, 22.4291654 ], [ 84.883096199999983, 22.446026 ], [ 84.8868086, 22.4204193 ], [ 84.9003411, 22.4208505 ], [ 84.9537951, 22.453902 ], [ 84.9611007, 22.4417507 ], [ 85.0689449, 22.4812689 ], [ 85.0453641, 22.7027633 ], [ 84.983913899999976, 22.8998046 ], [ 84.996310399999984, 23.0517561 ], [ 85.067645200000015, 23.1926204 ], [ 85.108464899999987, 23.2247781 ], [ 85.2276199, 23.2359742 ], [ 85.381721099999979, 23.3738476 ], [ 85.5894449, 23.5980113 ], [ 85.6526264, 23.909616 ], [ 85.696897600000014, 24.0116024 ], [ 85.7168713, 24.1632489 ], [ 85.8323702, 24.2198602 ], [ 85.868865299999982, 24.2916179 ], [ 85.8615257, 24.4960965 ], [ 85.7985889, 24.5777175 ], [ 85.7880162, 24.639065 ], [ 85.803250599999984, 24.6811562 ], [ 85.910927099999967, 24.7629957 ], [ 85.8846722, 24.8005242 ], [ 85.8341428, 24.809829 ], [ 85.8175871, 24.7947016 ], [ 85.7841906, 24.799125 ], [ 85.742009199999984, 24.8215116 ], [ 85.7117424, 24.7689908 ], [ 85.7036021, 24.7136933 ], [ 85.6564985, 24.6872596 ], [ 85.6772014, 24.5884361 ], [ 85.6511777, 24.5786393 ], [ 85.5768412, 24.6004882 ], [ 85.575235300000017, 24.565498 ], [ 85.5615637, 24.5564389 ], [ 85.543764099999976, 24.5655354 ], [ 85.543404099999975, 24.5363375 ], [ 85.5252579, 24.5248724 ], [ 85.501429099999982, 24.5509004 ], [ 85.2951363, 24.5285761 ], [ 85.289047200000013, 24.4974109 ], [ 85.2535972, 24.4954738 ], [ 85.2310398, 24.4713869 ], [ 85.1578046, 24.4630325 ], [ 85.1764837, 24.4296836 ], [ 85.122193599999989, 24.4092259 ], [ 85.096552899999978, 24.3794132 ], [ 85.072619300000014, 24.3869585 ], [ 85.0833423, 24.4400064 ], [ 85.060450199999977, 24.4152824 ], [ 85.0392834, 24.4254745 ], [ 84.9976034, 24.41233870000001 ], [ 84.9757623, 24.376088 ], [ 84.955145199999976, 24.3719073 ], [ 84.901651199999989, 24.3751283 ], [ 84.887463599999975, 24.462779 ], [ 84.8547896, 24.465884 ], [ 84.841697799999977, 24.4524765 ], [ 84.8399628, 24.5113601 ], [ 84.802699, 24.5293295 ], [ 84.787256, 24.504698 ], [ 84.6862944, 24.4561801 ], [ 84.6656214, 24.393637 ], [ 84.5799062, 24.4121562 ], [ 84.573195, 24.3837821 ], [ 84.52894, 24.3760793 ], [ 84.5328947, 24.3393416 ], [ 84.5009298, 24.2869471 ], [ 84.486483100000015, 24.3091466 ], [ 84.508231100000017, 24.3323879 ], [ 84.485140299999983, 24.3159274 ], [ 84.4693865, 24.3173973 ], [ 84.4619809, 24.3384588 ], [ 84.42488179999998, 24.3311567 ], [ 84.4300078, 24.3589236 ], [ 84.4024179, 24.367526 ], [ 84.389724700000016, 24.3893933 ], [ 84.3433851, 24.395485600000011 ], [ 84.322609899999975, 24.4230515 ], [ 84.337943099999976, 24.4307936 ], [ 84.3007713, 24.450379 ], [ 84.3017739, 24.4802767 ], [ 84.333924299999978, 24.5022348 ], [ 84.3050607, 24.5625634 ], [ 84.276883199999986, 24.5636547 ], [ 84.2877195, 24.5513388 ], [ 84.2647655, 24.5301855 ], [ 84.2426637, 24.5525728 ], [ 84.2251272, 24.5345669 ], [ 84.1959633, 24.554663 ], [ 84.1805595, 24.5464758 ], [ 84.186906199999981, 24.5098086 ], [ 84.161298, 24.5170018 ], [ 84.1720884, 24.5330676 ], [ 84.1537455, 24.5396248 ], [ 84.147619, 24.5041636 ], [ 84.1174334, 24.480777 ], [ 84.0544999, 24.6114612 ], [ 84.0, 24.6371248 ], [ 83.9407679, 24.5508895 ], [ 83.8758156, 24.5320061 ], [ 83.8023013, 24.5285103 ], [ 83.724504, 24.5039855 ], [ 83.517396199999979, 24.5263773 ], [ 83.4078874, 24.5048305 ], [ 83.14683949999997, 24.7211564 ], [ 83.088698, 24.9659629 ], [ 83.120735699999983, 25.1845668 ], [ 83.074440600000017, 25.2634416 ], [ 83.0263617, 25.2692599 ], [ 82.8744482, 25.1844637 ], [ 82.721002900000016, 25.2700524 ], [ 82.624604600000012, 25.2717154 ], [ 82.3507483, 25.2371426 ], [ 82.296332599999971, 25.1892459 ], [ 82.29958809999998, 25.0722817 ], [ 82.2716438, 25.0044909 ], [ 82.211175, 24.907931 ], [ 82.0854335, 24.820624299999988 ], [ 82.1160091, 24.791053 ], [ 82.140478700000017, 24.8018595 ], [ 82.167626900000016, 24.7896691 ], [ 82.204220799999973, 24.8219243 ], [ 82.187250299999988, 24.802067 ], [ 82.216957499999978, 24.795216 ], [ 82.2176959, 24.7789555 ], [ 82.1975871, 24.7797289 ], [ 82.203881499999966, 24.761222899999989 ], [ 82.181088299999985, 24.7370462 ], [ 82.2108194, 24.738305799999988 ], [ 82.2219385, 24.7261915 ], [ 82.207695199999975, 24.7495615 ], [ 82.231014, 24.7492515 ], [ 82.22914609999998, 24.7645387 ], [ 82.2465698, 24.7519263 ], [ 82.251874299999983, 24.7732487 ], [ 82.2380932, 24.6672431 ], [ 82.2612095, 24.663715 ], [ 82.2715493, 24.6840173 ], [ 82.304577499999979, 24.6676679 ], [ 82.3064542, 24.6101366 ], [ 82.337897099999978, 24.6214891 ], [ 82.368959100000012, 24.5997793 ], [ 82.41729, 24.5956606 ], [ 82.409766099999985, 24.6815302 ], [ 82.440479399999987, 24.7040134 ], [ 82.4569998, 24.6756717 ], [ 82.5265714, 24.6761681 ], [ 82.5374058, 24.649832499999988 ], [ 82.6660757, 24.6983238 ], [ 82.704076200000017, 24.6737097 ], [ 82.703280099999986, 24.6422794 ], [ 82.770887700000017, 24.6437427 ], [ 82.768159699999984, 24.597939 ], [ 82.804461500000016, 24.5979088 ], [ 82.8088301, 24.5508911 ], [ 82.754091699999989, 24.5396955 ], [ 82.749265600000015, 24.5527486 ], [ 82.720592299999979, 24.5543583 ], [ 82.723673300000016, 24.51148 ], [ 82.74459, 24.4979851 ], [ 82.731784199999979, 24.474565 ], [ 82.7407006, 24.4310337 ], [ 82.7151241, 24.3835021 ], [ 82.7264745, 24.3695718 ], [ 82.768549, 24.3714289 ], [ 82.772048, 24.2909122 ], [ 82.7578235, 24.2346734 ], [ 82.7349006, 24.221793 ], [ 82.7440154, 24.1669587 ], [ 82.728212, 24.1376293 ], [ 82.678721099999976, 24.1570387 ], [ 82.6652689, 24.1333862 ], [ 82.716240299999981, 24.0794598 ], [ 82.774081099999975, 24.0766106 ], [ 82.7497977, 24.0201963 ], [ 82.760141, 24.007254 ], [ 82.805050899999983, 24.0040053 ], [ 82.815532, 23.9619833 ], [ 82.755857, 23.9212079 ], [ 82.709698899999978, 23.9238154 ], [ 82.6642661, 23.9067229 ], [ 82.661104400000013, 23.856705 ], [ 82.5937152, 23.821765 ], [ 82.5350816, 23.8229311 ], [ 82.5479829, 23.7901097 ], [ 82.504376399999984, 23.7839329 ], [ 82.4904222, 23.7963643 ], [ 82.432636899999977, 23.696324 ], [ 82.3256005, 23.629762 ], [ 82.1970125, 23.2838543 ], [ 82.1500101, 23.2269967 ], [ 82.1448471, 23.1643456 ], [ 82.161273, 23.1574318 ], [ 82.158573, 23.1411618 ], [ 82.123376, 23.1032448 ], [ 82.074641399999976, 23.1162067 ], [ 82.031581, 23.0795066 ], [ 81.9455832, 23.077123 ], [ 81.925897399999982, 23.0403258 ], [ 81.9446897, 23.0088968 ], [ 81.947704, 22.9565835 ], [ 81.867448499999981, 22.914463 ], [ 81.863763899999981, 22.8903617 ], [ 81.7768183, 22.8729544 ], [ 81.768260499999982, 22.8338262 ], [ 81.791685099999981, 22.7662256 ], [ 81.7539893, 22.7261147 ], [ 81.773352899999978, 22.6758316 ], [ 81.7562931, 22.6458259 ], [ 81.730307699999983, 22.6758909 ], [ 81.714389499999982, 22.6493345 ], [ 81.663890099999989, 22.6316799 ], [ 81.648729, 22.607236 ], [ 81.6560197, 22.5687098 ], [ 81.6308903, 22.5640188 ], [ 81.6231187, 22.5387891 ], [ 81.5703758, 22.5507117 ], [ 81.5642419, 22.5318824 ], [ 81.526370299999982, 22.5396601 ], [ 81.487132299999971, 22.4930157 ], [ 81.445343, 22.4936062 ], [ 81.4553122, 22.4670983 ], [ 81.431703, 22.4789156 ], [ 81.4261942, 22.4539249 ], [ 81.403796, 22.4410221 ], [ 81.3859933, 22.5048966 ], [ 81.330192599999975, 22.5238489 ], [ 81.311209300000016, 22.4813085 ], [ 81.282714299999981, 22.498936399999987 ], [ 81.225602900000013, 22.4511631 ], [ 81.201378599999984, 22.4615613 ], [ 81.187265199999985, 22.4895785 ], [ 81.155273599999987, 22.4552994 ], [ 81.117174, 22.4405445 ], [ 81.108116799999976, 22.3827426 ], [ 81.1209889, 22.2940245 ], [ 81.0918053, 22.2464287 ], [ 81.0265603, 22.2288355 ], [ 81.022886700000015, 22.1324935 ], [ 80.978840300000016, 22.121238 ], [ 81.010775, 22.096712 ], [ 81.0113512, 22.0698793 ], [ 80.985917299999969, 22.0481785 ], [ 80.9704717, 22.0581909 ], [ 80.957585799999976, 22.112741 ], [ 80.9131408, 22.1141413 ], [ 80.8527871, 21.9607653 ], [ 80.8254462, 21.9566343 ], [ 80.84355309999998, 21.9355459 ], [ 80.8310576, 21.8893033 ], [ 80.8481737, 21.856461 ], [ 80.8181671, 21.7476378 ], [ 80.7896862, 21.739699 ], [ 80.749905699999985, 21.7580232 ], [ 80.7254583, 21.711953 ], [ 80.7144306, 21.6642523 ], [ 80.729380899999981, 21.6229979 ], [ 80.7161572, 21.5870266 ], [ 80.7375882, 21.5390905 ], [ 80.7371643, 21.4725287 ], [ 80.663424, 21.3313835 ], [ 80.6798364, 21.2989722 ], [ 80.6103013, 21.2281353 ], [ 80.4640794, 21.1734878 ], [ 80.4454265, 21.1221095 ], [ 80.456028899999978, 21.1126862 ], [ 80.4400823, 21.0978841 ], [ 80.4541256, 21.037468 ], [ 80.430532499999984, 21.0104598 ], [ 80.465886399999988, 20.929175 ], [ 80.5486972, 20.9350309 ], [ 80.562754, 20.8209861 ], [ 80.552398899999972, 20.7667503 ], [ 80.587020699999982, 20.685182 ], [ 80.514458099999985, 20.656105 ], [ 80.4884419, 20.6186409 ], [ 80.5187697, 20.5867435 ], [ 80.574209199999984, 20.6140552 ], [ 80.6292575, 20.6055844 ], [ 80.6104001, 20.4352322 ], [ 80.592984299999969, 20.3976321 ], [ 80.6236685, 20.3279082 ], [ 80.781834, 20.3266653 ], [ 80.854348899999977, 20.374919 ], [ 81.014690699999989, 20.4274352 ], [ 81.143844799999982, 20.4410992 ], [ 81.3615797, 20.5317257 ], [ 81.5579086, 20.5346756 ], [ 81.6712961, 20.513987 ], [ 81.7579932, 20.4302718 ], [ 81.821949100000012, 20.2008397 ], [ 81.9622943, 20.0956061 ] ] ] } },
{ "type": "Feature", "properties": { "FEATURE_ID": "AESR_09_1_P01", "AESR_UID": "AESR_09_1", "aesr_code": "9.1", "PART_NO": 1, "NPARTS": 1, "aer_code": 9, "subregion": "Punjab and Rohilkand Plains", "SOIL_GRP": "Alluvial", "CLIM_STD": "Moist semi-arid to Dry subhumid", "LGP_ORDER": 4, "lgp_ref": "120-150 days", "AWC_REF": "Medium", "AREA_KM2": 43126.615051589863 }, "geometry": { "type": "Polygon", "coordinates": [ [ [ 75.3327097, 32.2186747 ], [ 75.313861599999981, 32.1959263 ], [ 75.321681500000011, 32.1746537 ], [ 75.283042899999984, 32.142781 ], [ 75.2654784, 32.1001951 ], [ 75.2396571, 32.0909365 ], [ 75.210010199999985, 32.1173327 ], [ 75.179002, 32.0686544 ], [ 75.130822099999989, 32.0836331 ], [ 75.106635, 32.0603475 ], [ 75.0722974, 32.0631683 ], [ 75.0134193, 32.034998299999984 ], [ 74.9286144, 32.0665331 ], [ 74.8765264, 32.0465267 ], [ 74.8792976, 32.025281 ], [ 74.832503399999979, 31.998914799999977 ], [ 74.823192, 31.956559 ], [ 74.7599484, 31.9533528 ], [ 74.753590899999978, 31.9401215 ], [ 74.721459, 31.9371198 ], [ 74.7230727, 31.921074 ], [ 74.6737286, 31.9199956 ], [ 74.6403093, 31.8847384 ], [ 74.6128309, 31.886989 ], [ 74.5940842, 31.8454134 ], [ 74.5693051, 31.8295827 ], [ 74.5652066, 31.7550337 ], [ 74.508600700000017, 31.7424733 ], [ 74.4860362, 31.7224347 ], [ 74.5360756, 31.6809228 ], [ 74.557815, 31.6115881 ], [ 74.613178800000014, 31.5641035 ], [ 75.1932638, 31.5102438 ], [ 75.452015599999982, 31.260472599999986 ], [ 75.7816804, 30.9975162 ], [ 75.9208402, 30.8632894 ], [ 76.154432200000016, 30.520766 ], [ 76.2942898, 30.469583899999986 ], [ 76.570116, 30.260377 ], [ 76.544634899999977, 30.223253 ], [ 76.5962038, 30.2526018 ], [ 76.6241712, 30.2269952 ], [ 76.616404, 30.2111895 ], [ 76.6510697, 30.2019095 ], [ 76.6396844, 30.1510559 ], [ 76.6224548, 30.1386485 ], [ 76.668137099999981, 30.0995604 ], [ 76.7128795, 29.9884969 ], [ 76.7487539, 29.9468455 ], [ 77.047331899999975, 29.816345499999986 ], [ 77.1287931, 29.7660571 ], [ 77.124668399999962, 29.7437476 ], [ 77.154997299999977, 29.7010648 ], [ 77.4475262, 29.553187699999985 ], [ 78.274863700000012, 28.8537929 ], [ 78.560906100000011, 28.662516799999988 ], [ 78.845708, 28.5095056 ], [ 78.9943503, 28.4046787 ], [ 79.0520834, 28.4718272 ], [ 79.1643312, 28.5282809 ], [ 79.2733926, 28.6768505 ], [ 79.37743679999997, 28.7791953 ], [ 79.418632700000018, 28.8549427 ], [ 79.4144089, 28.922926599999986 ], [ 79.388829199999989, 28.9309312 ], [ 79.3715153, 28.9643728 ], [ 79.363703300000012, 28.9463181 ], [ 79.3072631, 28.9481926 ], [ 79.2158804, 29.023017 ], [ 79.177449, 29.0112053 ], [ 79.1660441, 29.0268217 ], [ 79.177270299999975, 29.0451624 ], [ 79.1488602, 29.0632551 ], [ 79.1559119, 29.1005333 ], [ 79.142776499999982, 29.1232808 ], [ 79.1127078, 29.1256058 ], [ 79.038943599999982, 29.1662076 ], [ 79.038353099999981, 29.143791699999987 ], [ 79.022919099999967, 29.1511541 ], [ 79.0206788, 29.130148 ], [ 79.0428847, 29.1241505 ], [ 79.028897599999979, 29.1117895 ], [ 79.012455899999964, 29.1104839 ], [ 78.9742715, 29.1607485 ], [ 78.956292699999963, 29.143531 ], [ 78.912304300000017, 29.1445725 ], [ 78.911121, 29.196550399999985 ], [ 78.864645799999977, 29.2552884 ], [ 78.811879100000013, 29.251851 ], [ 78.725893199999973, 29.3113783 ], [ 78.7695184, 29.3437762 ], [ 78.794590599999978, 29.3404571 ], [ 78.8009348, 29.3232892 ], [ 78.821171799999988, 29.376897199999988 ], [ 78.8410088, 29.3621862 ], [ 78.8447395, 29.375364199999989 ], [ 78.8824286, 29.3863718 ], [ 78.9321687, 29.4541579 ], [ 78.7978272, 29.4700832 ], [ 78.7514043, 29.4990401 ], [ 78.7056912, 29.5029566 ], [ 78.5888635, 29.5746995 ], [ 78.530192, 29.6333237 ], [ 78.500159299999964, 29.7356007 ], [ 78.3638523, 29.7805505 ], [ 78.3135497, 29.8596124 ], [ 78.0990139, 30.0269021 ], [ 77.9948769, 30.1893145 ], [ 77.9299536, 30.2509348 ], [ 77.7239095, 30.33372390000001 ], [ 77.6474062, 30.4059518 ], [ 77.5881203, 30.4068567 ], [ 77.5784544, 30.3799948 ], [ 77.523039, 30.4440235 ], [ 77.499955599999979, 30.4078059 ], [ 77.4480188, 30.3989157 ], [ 77.4289645, 30.4080837 ], [ 77.4664935, 30.4355956 ], [ 77.4637313, 30.4604896 ], [ 77.413660299999989, 30.4140266 ], [ 77.359172499999971, 30.4572528 ], [ 77.32376, 30.449003 ], [ 77.276642299999978, 30.4621133 ], [ 77.2648769, 30.4798811 ], [ 77.2156455, 30.4758505 ], [ 77.198456099999987, 30.5214444 ], [ 77.144175599999983, 30.5371386 ], [ 77.124622399999978, 30.5629656 ], [ 77.1707098, 30.5951984 ], [ 77.1651183, 30.686234 ], [ 77.090262199999984, 30.7406062 ], [ 77.0471229, 30.7513256 ], [ 77.026473199999984, 30.7381354 ], [ 77.0020433, 30.773049 ], [ 77.0114615, 30.8102883 ], [ 76.9925397, 30.7948111 ], [ 76.967217, 30.8072566 ], [ 76.915747699999983, 30.8934158 ], [ 76.8659395, 30.8669087 ], [ 76.8292723, 30.892308299999989 ], [ 76.8237678, 30.9267058 ], [ 76.783370599999984, 30.902756 ], [ 76.7261715, 30.9599032 ], [ 76.6761841, 30.96769440000001 ], [ 76.6236435, 31.0009073 ], [ 76.6126275, 31.0502802 ], [ 76.6395219, 31.106985 ], [ 76.6031127, 31.1245167 ], [ 76.6042851, 31.1797278 ], [ 76.6493994, 31.2098214 ], [ 76.6302636, 31.2263247 ], [ 76.594555699999972, 31.2132596 ], [ 76.615641, 31.2478334 ], [ 76.584567099999987, 31.277143700000011 ], [ 76.5489303, 31.2523757 ], [ 76.5512143, 31.2809954 ], [ 76.5320865, 31.2593677 ], [ 76.5282971, 31.2801606 ], [ 76.502593, 31.270506 ], [ 76.480751199999986, 31.307384399999982 ], [ 76.4451269, 31.2800584 ], [ 76.4623014, 31.3031911 ], [ 76.393388799999983, 31.3885687 ], [ 76.4045445, 31.3947259 ], [ 76.3773651, 31.4388352 ], [ 76.3733362, 31.41309540000001 ], [ 76.3299546, 31.3999009 ], [ 76.3506898, 31.3504414 ], [ 76.3099583, 31.3397118 ], [ 76.3100449, 31.3166708 ], [ 76.2750687, 31.3033363 ], [ 76.186663199999984, 31.3043901 ], [ 76.180204799999984, 31.3391615 ], [ 76.1489302, 31.359538399999987 ], [ 76.1675266, 31.4118072 ], [ 76.0583462, 31.6012479 ], [ 76.017094, 31.6449184 ], [ 75.9364491, 31.8158852 ], [ 75.9861435, 31.813164 ], [ 75.909423299999986, 31.9487288 ], [ 75.7991641, 31.9935301 ], [ 75.704757, 32.0610231 ], [ 75.6643007, 32.076770399999987 ], [ 75.613410099999982, 32.0656951 ], [ 75.5936438, 32.0814396 ], [ 75.606220099999987, 32.0835577 ], [ 75.3327097, 32.2186747 ] ] ] } },
{ "type": "Feature", "properties": { "FEATURE_ID": "AESR_04_1_P01", "AESR_UID": "AESR_04_1", "aesr_code": "4.1", "PART_NO": 1, "NPARTS": 1, "aer_code": 4, "subregion": "North Punjab Plain", "SOIL_GRP": "Alluvial", "CLIM_STD": "Dry semi-arid", "LGP_ORDER": 3, "lgp_ref": "90-120 days", "AWC_REF": "Medium", "AREA_KM2": 118970.89163784415 }, "geometry": { "type": "Polygon", "coordinates": [ [ [ 74.613178800000014, 31.5641035 ], [ 74.6168432, 31.5354709 ], [ 74.578694699999986, 31.503146299999983 ], [ 74.6393726, 31.4879118 ], [ 74.656324199999986, 31.4279057 ], [ 74.6477497, 31.4158478 ], [ 74.631251, 31.4300041 ], [ 74.6025136, 31.4227234 ], [ 74.5879649, 31.383848499999988 ], [ 74.5535318, 31.3668991 ], [ 74.5528135, 31.33504210000001 ], [ 74.530355499999985, 31.3162684 ], [ 74.544556299999982, 31.3042971 ], [ 74.5235049, 31.2735743 ], [ 74.5345495, 31.2487227 ], [ 74.5166801, 31.1395842 ], [ 74.555516599999976, 31.1226672 ], [ 74.5639638, 31.086505799999973 ], [ 74.604882799999984, 31.0881889 ], [ 74.6045383, 31.1341913 ], [ 74.6336649, 31.1378019 ], [ 74.6433819, 31.1219991 ], [ 74.6633334, 31.1355338 ], [ 74.6895618, 31.1312307 ], [ 74.706624399999981, 31.0959554 ], [ 74.66808709999998, 31.0550909 ], [ 74.6059673, 31.041342499999988 ], [ 74.5918077, 31.0582828 ], [ 74.5655844, 31.0542118 ], [ 74.5484084, 30.9929798 ], [ 74.506736, 30.9664251 ], [ 74.4926294, 30.9771164 ], [ 74.4596739, 30.969665700000011 ], [ 74.4604936, 30.9529301 ], [ 74.425147899999985, 30.942927899999987 ], [ 74.4288609, 30.927117 ], [ 74.4134218, 30.9265075 ], [ 74.4268311, 30.9122155 ], [ 74.372294400000015, 30.8949457 ], [ 74.3641899, 30.8787723 ], [ 74.3846054, 30.8626673 ], [ 74.3274848, 30.84879620000001 ], [ 74.296940699999965, 30.8008238 ], [ 74.308535, 30.7839096 ], [ 74.26413, 30.773179900000013 ], [ 74.2877873, 30.7404888 ], [ 74.271754099999981, 30.7307454 ], [ 74.3942383, 30.694645500000011 ], [ 74.4527641, 30.7002768 ], [ 74.544644299999973, 30.8049592 ], [ 74.5819254, 30.8170837 ], [ 74.7544621, 30.8118399 ], [ 74.8747196, 30.7503698 ], [ 74.974935699999989, 30.5611909 ], [ 75.1394388, 30.537155199999983 ], [ 75.2250371, 30.4925105 ], [ 75.329510199999987, 30.2813689 ], [ 75.4998806, 30.1990368 ], [ 75.5947661, 30.118115 ], [ 75.7476536, 29.926043899999986 ], [ 75.759087599999972, 29.8091104 ], [ 75.782363, 29.8223479 ], [ 75.8067709, 29.8040275 ], [ 75.839786199999978, 29.8091762 ], [ 75.87446, 29.7490787 ], [ 75.9079704, 29.7522257 ], [ 75.9515702, 29.7305919 ], [ 75.93616489999998, 29.6074463 ], [ 75.9564674, 29.5170658 ], [ 76.006398800000014, 29.472861 ], [ 76.1643712, 29.4039762 ], [ 76.2104461, 29.3687017 ], [ 76.2835255, 29.1248758 ], [ 76.2474503, 28.9481572 ], [ 76.339545699999988, 28.8653647 ], [ 76.3866951, 28.7845348 ], [ 76.4133245, 28.6971544 ], [ 76.4185993, 28.6335554 ], [ 76.3038972, 28.4427816 ], [ 76.309935899999985, 28.3548929 ], [ 76.3359034, 28.2887048 ], [ 76.3218717, 28.1770645 ], [ 76.2851998, 28.1681272 ], [ 76.3640232, 28.1237124 ], [ 76.3479386, 28.1049781 ], [ 76.305715699999979, 28.0963708 ], [ 76.3616112, 28.0608226 ], [ 76.3450355, 28.0249242 ], [ 76.324812799999975, 28.0162653 ], [ 76.2983126, 28.02521 ], [ 76.2983155, 28.044422599999987 ], [ 76.273149099999983, 28.0640884 ], [ 76.234112699999983, 28.0505767 ], [ 76.185468, 28.05471 ], [ 76.2015215, 28.0306427 ], [ 76.221929099999983, 28.0270887 ], [ 76.182318199999983, 28.0173518 ], [ 76.162937899999989, 27.9944469 ], [ 76.1874507, 27.9682597 ], [ 76.174336199999971, 27.9104812 ], [ 76.2065345, 27.8943669 ], [ 76.200940799999984, 27.8592895 ], [ 76.231100500000011, 27.8362676 ], [ 76.180648800000014, 27.8028417 ], [ 76.095794, 27.8639456 ], [ 76.0034882, 27.7174291 ], [ 75.8893542, 27.4494932 ], [ 75.8197586, 27.4111888 ], [ 75.6714453, 27.3658468 ], [ 75.5386137, 27.3475532 ], [ 75.431364699999989, 27.3007014 ], [ 75.3316159, 27.2004761 ], [ 75.2676921, 27.0915209 ], [ 75.2077354, 27.0240107 ], [ 75.1232441, 26.9605784 ], [ 74.9730374, 26.9530619 ], [ 74.969870499999985, 26.7886243 ], [ 75.105427, 26.544622799999988 ], [ 75.1834486, 26.5214803 ], [ 75.6351866, 26.4872571 ], [ 75.8530329, 26.5260411 ], [ 76.128699, 26.5367498 ], [ 76.170360899999977, 26.5012647 ], [ 76.1591171, 26.3366812 ], [ 76.1205182, 26.273649599999988 ], [ 76.0366613, 26.2350259 ], [ 75.9936497, 26.1864518 ], [ 76.0120039, 26.117529599999987 ], [ 76.0568105, 26.1077116 ], [ 76.09071849999998, 26.0574319 ], [ 76.109001599999985, 25.988491399999983 ], [ 76.1738364, 25.9827914 ], [ 76.2494896, 26.021155 ], [ 76.259177899999983, 25.9666005 ], [ 76.21736439999998, 25.8779261 ], [ 76.241784, 25.8252901 ], [ 76.373395299999984, 25.8435684 ], [ 76.575727499999985, 25.8400029 ], [ 76.6029897, 25.8714795 ], [ 76.6321662, 25.8658406 ], [ 76.6517731, 25.9038159 ], [ 76.727948199999972, 25.8952369 ], [ 76.7512305, 25.9041365 ], [ 76.7682056, 25.9169606 ], [ 76.7617374, 25.9365864 ], [ 76.8122042, 25.9478521 ], [ 76.8462364, 26.0061192 ], [ 76.8364242, 26.0244274 ], [ 76.876523099999986, 26.051260900000013 ], [ 76.8939522, 26.0881149 ], [ 76.992361499999987, 26.1270811 ], [ 77.041175299999978, 26.1766262 ], [ 77.0982081, 26.1855499 ], [ 77.130646399999989, 26.2325824 ], [ 77.2097964, 26.2320104 ], [ 77.2967932, 26.290155 ], [ 77.341666299999986, 26.3517592 ], [ 77.3732825, 26.366033 ], [ 77.4395371, 26.3594962 ], [ 77.434873400000015, 26.4013964 ], [ 77.530131499999982, 26.4093593 ], [ 77.675202099999979, 26.5026974 ], [ 77.7215235, 26.4986274 ], [ 77.7519643, 26.539607 ], [ 77.8206898, 26.5491412 ], [ 77.8281791, 26.5941557 ], [ 77.887229499999989, 26.6145939 ], [ 77.9115114, 26.6604521 ], [ 77.955841, 26.6593211 ], [ 78.0002386, 26.6968992 ], [ 78.093819, 26.6772996 ], [ 78.0973015, 26.7323289 ], [ 78.124260599999985, 26.7488469 ], [ 78.1035988, 26.7836466 ], [ 78.1211724, 26.796772500000014 ], [ 78.1880459, 26.7877704 ], [ 78.175899, 26.8261427 ], [ 78.2313704, 26.8313929 ], [ 78.26928, 26.8151453 ], [ 78.2905355, 26.8582661 ], [ 78.359887199999989, 26.8685353 ], [ 78.3982249, 26.819074200000014 ], [ 78.4344069, 26.8264868 ], [ 78.459283399999975, 26.7922298 ], [ 78.5241152, 26.7792948 ], [ 78.574394099999978, 26.7518802 ], [ 78.6105406, 26.7502551 ], [ 78.6290566, 26.7693872 ], [ 78.6676476, 26.7634164 ], [ 78.6860377, 26.7865585 ], [ 78.724058900000017, 26.7943888 ], [ 78.7270705, 26.7758859 ], [ 78.7497756, 26.786702 ], [ 78.7794046, 26.7583899 ], [ 78.7953023, 26.7618031 ], [ 78.8329699, 26.9358843 ], [ 78.8692743, 26.972631299999989 ], [ 79.011599499999988, 26.9954784 ], [ 79.272383, 26.9677171 ], [ 79.3292833, 26.9862102 ], [ 79.39402979999997, 27.0703722 ], [ 79.397773399999977, 27.1396889 ], [ 79.3686513, 27.2562825 ], [ 79.257616599999977, 27.401662 ], [ 79.2489234, 27.4891268 ], [ 79.1745235, 27.6127067 ], [ 79.153029699999976, 27.7656826 ], [ 79.0542321, 27.8270799 ], [ 78.8033201, 27.9164885 ], [ 78.613218699999976, 28.0424698 ], [ 78.3808773, 28.2260624 ], [ 78.321790899999982, 28.3383584 ], [ 78.3165933, 28.4184207 ], [ 78.3571046, 28.4698219 ], [ 78.402378700000014, 28.4739231 ], [ 78.468660699999987, 28.4454439 ], [ 78.5602539, 28.362543599999988 ], [ 78.609815500000011, 28.3484169 ], [ 78.6921002, 28.3527557 ], [ 78.8849056, 28.4824129 ], [ 78.560906100000011, 28.662516799999988 ], [ 78.274863700000012, 28.8537929 ], [ 77.4475262, 29.553187699999985 ], [ 77.154997299999977, 29.7010648 ], [ 77.124668399999962, 29.7437476 ], [ 77.1287931, 29.7660571 ], [ 77.047331899999975, 29.816345499999986 ], [ 76.7487539, 29.9468455 ], [ 76.7128795, 29.9884969 ], [ 76.668137099999981, 30.0995604 ], [ 76.6224548, 30.1386485 ], [ 76.6396844, 30.1510559 ], [ 76.6510697, 30.2019095 ], [ 76.616404, 30.2111895 ], [ 76.6241712, 30.2269952 ], [ 76.5962038, 30.2526018 ], [ 76.544634899999977, 30.223253 ], [ 76.570116, 30.260377 ], [ 76.2942898, 30.469583899999986 ], [ 76.154432200000016, 30.520766 ], [ 75.9208402, 30.8632894 ], [ 75.7816804, 30.9975162 ], [ 75.452015599999982, 31.260472599999986 ], [ 75.1932638, 31.5102438 ], [ 74.613178800000014, 31.5641035 ] ] ] } },
{ "type": "Feature", "properties": { "FEATURE_ID": "AESR_12_3_P01", "AESR_UID": "AESR_12_3", "aesr_code": "12.3", "PART_NO": 1, "NPARTS": 1, "aer_code": 12, "subregion": "Chhotanagpur Plateau and Garjat Hills", "SOIL_GRP": "Red/Lateritic", "CLIM_STD": "Dry subhumid", "LGP_ORDER": 5, "lgp_ref": "150-180 Days", "AWC_REF": "Medium", "AREA_KM2": 65446.126032025 }, "geometry": { "type": "Polygon", "coordinates": [ [ [ 87.595197699999986, 25.3223361 ], [ 87.586047399999984, 25.3488184 ], [ 87.5534374, 25.3313748 ], [ 87.541587899999982, 25.2805805 ], [ 87.49608689999998, 25.3056366 ], [ 87.501691899999983, 25.262951299999987 ], [ 87.47862, 25.241366 ], [ 87.478092, 25.1951948 ], [ 87.397817, 25.2279912 ], [ 87.3759308, 25.2055396 ], [ 87.3295522, 25.2235494 ], [ 87.2971249, 25.0898359 ], [ 87.2566288, 25.1063894 ], [ 87.2399269, 25.0863676 ], [ 87.217419499999977, 25.0901417 ], [ 87.182728699999984, 25.0645742 ], [ 87.1502664, 25.0185569 ], [ 87.1569128, 24.8591699 ], [ 87.120452699999987, 24.8562751 ], [ 87.08328, 24.818893199999987 ], [ 87.1026285, 24.8022698 ], [ 87.0605997, 24.671504 ], [ 87.0563195, 24.6077321 ], [ 87.030232500000011, 24.6220553 ], [ 87.016085499999988, 24.6072127 ], [ 86.9360753, 24.6437108 ], [ 86.940099299999972, 24.6274316 ], [ 86.9040436, 24.5874741 ], [ 86.9171119, 24.5396646 ], [ 86.8823789, 24.5682715 ], [ 86.860609099999976, 24.5514191 ], [ 86.8430644, 24.5692082 ], [ 86.8063129, 24.5655231 ], [ 86.8118246, 24.5953956 ], [ 86.783204, 24.620617 ], [ 86.756966899999981, 24.6188321 ], [ 86.7376782, 24.5766887 ], [ 86.6745432, 24.561519 ], [ 86.6091428, 24.6058663 ], [ 86.552909699999987, 24.535893 ], [ 86.5297681, 24.5365861 ], [ 86.5119676, 24.5185549 ], [ 86.494779799999975, 24.4259549 ], [ 86.4720404, 24.4228324 ], [ 86.4583959, 24.3696276 ], [ 86.4218172, 24.3801818 ], [ 86.3570281, 24.4445757 ], [ 86.3258261, 24.4410254 ], [ 86.2855215, 24.4628148 ], [ 86.3188102, 24.5092531 ], [ 86.310468499999985, 24.559012 ], [ 86.3292712, 24.584791700000011 ], [ 86.270596400000017, 24.5765193 ], [ 86.2239104, 24.6123878 ], [ 86.22223, 24.5918085 ], [ 86.2014526, 24.5857987 ], [ 86.172195299999984, 24.5843014 ], [ 86.1398634, 24.6041209 ], [ 86.124856, 24.6424286 ], [ 86.1402281, 24.6760153 ], [ 86.1310791, 24.7056356 ], [ 86.09327159999998, 24.7467394 ], [ 86.0458048, 24.7417007 ], [ 86.057326799999984, 24.7798892 ], [ 86.016348, 24.7683335 ], [ 85.9729035, 24.7326426 ], [ 85.9344887, 24.74083 ], [ 85.910927099999967, 24.7629957 ], [ 85.803250599999984, 24.6811562 ], [ 85.7880162, 24.639065 ], [ 85.7985889, 24.5777175 ], [ 85.8615257, 24.4960965 ], [ 85.868865299999982, 24.2916179 ], [ 85.8323702, 24.2198602 ], [ 85.7168713, 24.1632489 ], [ 85.696897600000014, 24.0116024 ], [ 85.6526264, 23.909616 ], [ 85.5894449, 23.5980113 ], [ 85.381721099999979, 23.3738476 ], [ 85.2276199, 23.2359742 ], [ 85.108464899999987, 23.2247781 ], [ 85.067645200000015, 23.1926204 ], [ 84.9846982, 23.0064291 ], [ 84.983913899999976, 22.8998046 ], [ 85.0453641, 22.7027633 ], [ 85.079656200000016, 22.4757462 ], [ 85.0634986, 22.4476154 ], [ 85.0871117, 22.3984646 ], [ 85.0804855, 22.3516618 ], [ 85.099375200000011, 22.3441931 ], [ 85.094375, 22.3172319 ], [ 85.120428, 22.3173685 ], [ 85.121239799999984, 22.3035563 ], [ 85.076928799999976, 22.2753544 ], [ 85.0758883, 22.2339168 ], [ 85.031833099999986, 22.1573543 ], [ 85.0301702, 22.1154076 ], [ 84.9862648, 22.0881218 ], [ 85.008774799999983, 22.0834049 ], [ 85.050310199999984, 22.1141373 ], [ 85.1018249, 22.1029419 ], [ 85.12524, 22.0700367 ], [ 85.1618925, 22.074035299999988 ], [ 85.1735295, 22.0523092 ], [ 85.1707063, 22.0688239 ], [ 85.183080499999988, 22.070323 ], [ 85.2170468, 22.04684 ], [ 85.2211877, 22.0144228 ], [ 85.2754582, 21.9594389 ], [ 85.3511154, 21.9567761 ], [ 85.3761078, 21.9290798 ], [ 85.3514753, 21.8373477 ], [ 85.2803181, 21.8203601 ], [ 85.218251, 21.7689098 ], [ 85.187003, 21.7041961 ], [ 85.2166102, 21.6617505 ], [ 85.267307699999975, 21.6258733 ], [ 85.2966929, 21.4494131 ], [ 85.3208153, 21.4022708 ], [ 85.356197099999974, 21.3766514 ], [ 85.4518941, 21.3634663 ], [ 85.7080678, 21.3929421 ], [ 85.9854104, 21.4845043 ], [ 86.0530655, 21.5402857 ], [ 86.086835799999989, 21.6510331 ], [ 86.0782243, 21.6903771 ], [ 85.946271, 21.7711976 ], [ 85.907892, 21.9043242 ], [ 85.918013799999983, 22.0089056 ], [ 85.9572728, 22.0357129 ], [ 86.008304199999984, 22.1169881 ], [ 86.0003543, 22.135719 ], [ 86.032422, 22.1890854 ], [ 85.975544399999976, 22.2471411 ], [ 86.014226900000011, 22.2963528 ], [ 86.0490016, 22.3098608 ], [ 86.0141524, 22.3136065 ], [ 86.0261634, 22.3330267 ], [ 85.9986436, 22.3417593 ], [ 86.026987099999985, 22.378596 ], [ 86.0145016, 22.4277916 ], [ 85.9987386, 22.4256014 ], [ 85.959316, 22.4593633 ], [ 85.9750761, 22.503118 ], [ 86.0278181, 22.5238777 ], [ 86.024127499999963, 22.5469214 ], [ 86.0442579, 22.5668538 ], [ 86.074943699999977, 22.5463842 ], [ 86.1130251, 22.4883195 ], [ 86.2237931, 22.4716955 ], [ 86.2259788, 22.4526041 ], [ 86.2853475, 22.4490672 ], [ 86.3581916, 22.3491463 ], [ 86.4387337, 22.3053645 ], [ 86.4437681, 22.3271659 ], [ 86.5052857, 22.3447393 ], [ 86.5376657, 22.3020533 ], [ 86.5837072, 22.3016975 ], [ 86.596166699999969, 22.2787512 ], [ 86.650743, 22.2653291 ], [ 86.6563056, 22.2372012 ], [ 86.7260606, 22.2208795 ], [ 86.7205288, 22.147647 ], [ 86.7953419, 22.1581063 ], [ 86.8021048, 22.1303405 ], [ 86.8369667, 22.0993747 ], [ 86.9718961, 22.0820622 ], [ 87.030826300000015, 22.0331502 ], [ 87.0390642, 21.9936537 ], [ 87.0027209, 21.9121011 ], [ 87.034967199999983, 21.8699838 ], [ 87.099293199999977, 21.865032 ], [ 87.098214199999987, 21.9125072 ], [ 87.162913099999983, 21.9351327 ], [ 87.175457299999977, 21.9771205 ], [ 87.1347885, 22.8250013 ], [ 87.1483829, 23.0731735 ], [ 87.2899979, 23.483619 ], [ 87.523098099999984, 23.8089991 ], [ 87.6075671, 23.8926571 ], [ 87.7014463, 24.1687849 ], [ 87.6759641, 24.2072663 ], [ 87.6427901, 24.2130972 ], [ 87.640793499999987, 24.2440071 ], [ 87.652215099999964, 24.2500389 ], [ 87.662101, 24.2368817 ], [ 87.686399299999977, 24.2479277 ], [ 87.707677899999979, 24.2613972 ], [ 87.715362399999989, 24.2935124 ], [ 87.732218499999988, 24.2876685 ], [ 87.761289799999986, 24.3050223 ], [ 87.797605, 24.397771 ], [ 87.8150402, 24.4079498 ], [ 87.8102592, 24.4194668 ], [ 87.7898209, 24.4158583 ], [ 87.796099199999986, 24.4390586 ], [ 87.8200074, 24.4526345 ], [ 87.8141769, 24.4778466 ], [ 87.8279557, 24.4956476 ], [ 87.8152985, 24.4933425 ], [ 87.8117735, 24.5118248 ], [ 87.8002288, 24.4922976 ], [ 87.8114615, 24.546395 ], [ 87.774588, 24.5829103 ], [ 87.81414909999998, 24.5773844 ], [ 87.853296899999989, 24.552238 ], [ 87.89239259999998, 24.5638958 ], [ 87.9150446, 24.5950237 ], [ 87.9132001, 24.6093159 ], [ 87.8778519, 24.611848 ], [ 87.9067064, 24.6137118 ], [ 87.9073584, 24.6270294 ], [ 87.889728, 24.6277701 ], [ 87.911389199999988, 24.6337596 ], [ 87.918516900000014, 24.6596481 ], [ 87.8917679, 24.6751694 ], [ 87.9059995, 24.7226278 ], [ 87.882985499999975, 24.7400943 ], [ 87.872603199999986, 24.7304191 ], [ 87.8449637, 24.739201 ], [ 87.819172199999983, 24.7543482 ], [ 87.823328199999978, 24.766964 ], [ 87.8428074, 24.7887576 ], [ 87.840491399999976, 24.7642132 ], [ 87.859807299999986, 24.7652951 ], [ 87.8819083, 24.7946525 ], [ 87.872947599999961, 24.8239105 ], [ 87.903674099999989, 24.8254557 ], [ 87.894264099999987, 24.8538548 ], [ 87.97174459999998, 24.8821982 ], [ 87.9785756, 24.89736 ], [ 87.971768499999982, 24.9304471 ], [ 87.882409, 25.0287913 ], [ 87.782099799999983, 25.0919575 ], [ 87.789015699999979, 25.2467383 ], [ 87.71356609999998, 25.2569379 ], [ 87.6899862, 25.310604 ], [ 87.595197699999986, 25.3223361 ] ] ] } },
{ "type": "Feature", "properties": { "FEATURE_ID": "AESR_01_2_P01", "AESR_UID": "AESR_01_2", "aesr_code": "1.2", "PART_NO": 1, "NPARTS": 1, "aer_code": 1, "subregion": "Western Aspect of Ladakh Plateau and north Kashmir Himalayas", "SOIL_GRP": "Skeletal", "CLIM_STD": "Arid", "LGP_ORDER": 2, "lgp_ref": "60-90 days", "AWC_REF": "Low", "AREA_KM2": 74507.737740535071 }, "geometry": { "type": "Polygon", "coordinates": [ [ [ 77.3204381, 35.533971199999982 ], [ 77.378394300000011, 35.550348100000015 ], [ 77.4352896, 35.5173867 ], [ 77.4865967, 35.5320085 ], [ 77.460613200000012, 35.5477076 ], [ 77.4568505, 35.5936084 ], [ 77.427136899999979, 35.610544499999989 ], [ 77.431044699999973, 35.6545816 ], [ 77.401605299999986, 35.6625327 ], [ 77.3584377, 35.71772 ], [ 77.327599, 35.7190901 ], [ 77.3152037, 35.6991259 ], [ 77.2775463, 35.7204049 ], [ 77.267835799999986, 35.7090859 ], [ 77.2281865, 35.712485099999988 ], [ 77.221017699999976, 35.7282366 ], [ 77.1672819, 35.7345794 ], [ 77.1642257, 35.7667402 ], [ 77.115668, 35.7977796 ], [ 77.0206637, 35.7746434 ], [ 76.935224399999981, 35.7840569 ], [ 76.811792099999977, 35.844803899999981 ], [ 76.7227707, 35.9534305 ], [ 76.769701899999987, 36.0094378 ], [ 76.8077633, 36.0186625 ], [ 76.801852900000014, 36.0478586 ], [ 76.7196277, 36.0832085 ], [ 76.703736, 36.1288604 ], [ 76.6444494, 36.1840299 ], [ 76.6011647, 36.1655489 ], [ 76.5629732, 36.1730653 ], [ 76.4332462, 36.251163 ], [ 76.4500366, 36.269405399999989 ], [ 76.432004, 36.308161 ], [ 76.352408, 36.3598739 ], [ 76.254761099999982, 36.3477937 ], [ 76.1731349, 36.390302 ], [ 76.0772885, 36.474274 ], [ 75.923361799999981, 36.502447700000012 ], [ 75.7693646, 36.5733311 ], [ 75.6164786, 36.7615996 ], [ 75.4742109, 36.8107521 ], [ 75.4440392, 36.8872376 ], [ 75.4141899, 36.8918916 ], [ 75.4259198, 36.955752499999988 ], [ 75.4135017, 36.967507 ], [ 75.376278, 36.960450799999983 ], [ 75.35466, 36.9778094 ], [ 75.3449303, 37.0513722 ], [ 75.33289, 37.0552773 ], [ 75.2089627, 37.0368064 ], [ 75.1510845, 36.9670976 ], [ 75.0959607, 36.94279 ], [ 75.0187412, 36.9763707 ], [ 74.9413403, 36.934724 ], [ 74.9221708, 36.9060875 ], [ 74.8460463, 36.989938099999989 ], [ 74.840064099999978, 37.0222983 ], [ 74.778862499999988, 37.0297869 ], [ 74.7500327, 37.0117292 ], [ 74.7282434, 37.0259876 ], [ 74.7129324, 37.0743145 ], [ 74.693915, 37.077849799999981 ], [ 74.5818402, 37.043439800000016 ], [ 74.578690899999984, 36.948593699999982 ], [ 74.5544621, 36.953624599999976 ], [ 74.5322094, 36.9868466 ], [ 74.429909899999984, 36.9900332 ], [ 74.2613748, 36.8865661 ], [ 74.1690991, 36.9025418 ], [ 74.142728099999985, 36.8401015 ], [ 74.09268320000001, 36.838587 ], [ 74.055789, 36.8064144 ], [ 73.878771300000011, 36.894402 ], [ 73.8180671, 36.8856502 ], [ 73.693608, 36.9135548 ], [ 73.681430299999988, 36.88556770000001 ], [ 73.7190664, 36.8572 ], [ 73.7245135, 36.8339945 ], [ 73.806312899999966, 36.815399299999989 ], [ 73.820908899999978, 36.792828799999974 ], [ 73.869768599999986, 36.7822072 ], [ 73.9052722, 36.735989499999981 ], [ 73.897561599999989, 36.7028619 ], [ 73.8090609, 36.716713100000014 ], [ 73.7831039, 36.702359 ], [ 73.7250777, 36.7100031 ], [ 73.7005804, 36.6848678 ], [ 73.6331739, 36.6900719 ], [ 73.607462, 36.6985148 ], [ 73.600227300000014, 36.7203295 ], [ 73.543922, 36.7093549 ], [ 73.4415504, 36.7451206 ], [ 73.37210420000001, 36.7349393 ], [ 73.3608363, 36.715454799999989 ], [ 73.3147359, 36.706420299999984 ], [ 73.2149557, 36.6999892 ], [ 73.1893982, 36.721840099999987 ], [ 73.126481099999978, 36.6866213 ], [ 73.0854195, 36.699726500000011 ], [ 73.0920092, 36.6347666 ], [ 73.112472299999979, 36.6100963 ], [ 73.0615048, 36.537742399999971 ], [ 72.9959959, 36.514908700000014 ], [ 72.990357800000012, 36.4804581 ], [ 73.003855499999986, 36.47608 ], [ 72.992052499999986, 36.458105599999989 ], [ 72.9222748, 36.4629589 ], [ 72.879465699999983, 36.4433313 ], [ 72.883299100000016, 36.387345 ], [ 72.829727199999979, 36.3611439 ], [ 72.778550599999988, 36.3098811 ], [ 72.6923858, 36.275651 ], [ 72.693971, 36.250097899999979 ], [ 72.6367047, 36.2764832 ], [ 72.5970973, 36.264249399999983 ], [ 72.5515414, 36.1811614 ], [ 72.5738088, 36.1509632 ], [ 72.53400449999998, 36.10544 ], [ 72.5349442, 36.0679944 ], [ 72.5862065, 36.0504485 ], [ 72.596025399999988, 36.0273471 ], [ 72.5311341, 35.9528719 ], [ 72.5337248, 35.9174411 ], [ 72.6911415, 35.832877 ], [ 72.7375494, 35.8587985 ], [ 72.777290100000016, 35.8440242 ], [ 72.830226099999976, 35.8873614 ], [ 72.9016295, 35.8816694 ], [ 72.904665799999975, 35.853628 ], [ 72.9294096, 35.845540299999982 ], [ 72.999715, 35.8635237 ], [ 73.038109099999986, 35.8547623 ], [ 73.0777549, 35.8862233 ], [ 73.129516899999985, 35.8522609 ], [ 73.2021583, 35.9134934 ], [ 73.5876214, 35.9282028 ], [ 73.954827299999963, 35.846199499999983 ], [ 74.343904899999984, 35.7831755 ], [ 74.6638906, 35.688572699999987 ], [ 75.638072, 35.248831 ], [ 76.0406952, 35.0390742 ], [ 76.2891931, 34.891838799999988 ], [ 76.5164929, 34.6577147 ], [ 76.687621899999982, 34.3358981 ], [ 76.726771099999965, 34.1739063 ], [ 76.8120712, 34.0031123 ], [ 77.3951436, 33.6488151 ], [ 77.534133399999988, 33.5837569 ], [ 77.683284199999989, 32.9835928 ], [ 77.7305654, 32.9692909 ], [ 77.8081436, 32.9027371 ], [ 77.7838929, 32.8776009 ], [ 77.785592, 32.8557491 ], [ 77.8654598, 32.8255683 ], [ 77.8986645, 32.772464 ], [ 77.932906, 32.763076399999981 ], [ 77.9208592, 32.6900244 ], [ 78.0000115, 32.583246699999989 ], [ 78.0532834, 32.588638599999989 ], [ 78.0514709, 32.632352 ], [ 78.0828979, 32.620979099999985 ], [ 78.111043299999977, 32.6588628 ], [ 78.1391434, 32.6390099 ], [ 78.1702635, 32.675705499999985 ], [ 78.201672799999983, 32.6605023 ], [ 78.2306929, 32.665808600000013 ], [ 78.2543921, 32.6913028 ], [ 78.313608500000015, 32.7094152 ], [ 78.3055807, 32.7344702 ], [ 78.389361, 32.7584402 ], [ 78.3809816, 32.6684963 ], [ 78.4065673, 32.6196593 ], [ 78.314229799999978, 32.5739507 ], [ 78.3166967, 32.5256558 ], [ 78.2959817, 32.5043177 ], [ 78.3278232, 32.4722477 ], [ 78.428006399999987, 32.5318333 ], [ 78.459844, 32.5800131 ], [ 78.499552799999989, 32.5816989 ], [ 78.5733883, 32.6176128 ], [ 78.620919299999983, 32.5967151 ], [ 78.6623127, 32.654029800000011 ], [ 78.7230505, 32.6611928 ], [ 78.7675251, 32.6975292 ], [ 78.7626687, 32.6550829 ], [ 78.797106099999965, 32.598368 ], [ 78.7767747, 32.5583618 ], [ 78.8272237, 32.4387056 ], [ 78.8588661, 32.4406452 ], [ 78.9819216, 32.3378376 ], [ 79.033740100000017, 32.3859084 ], [ 79.1150936, 32.384224 ], [ 79.144327499999974, 32.4227351 ], [ 79.137420499999976, 32.4769474 ], [ 79.1951354, 32.482998600000016 ], [ 79.2378055, 32.5058593 ], [ 79.2508832, 32.5341194 ], [ 79.2951018, 32.550108 ], [ 79.320745599999981, 32.5927275 ], [ 79.394529899999981, 32.5723089 ], [ 79.406820299999978, 32.5296834 ], [ 79.4481287, 32.5325173 ], [ 79.4698097, 32.5763074 ], [ 79.5157406, 32.6081197 ], [ 79.627205, 32.739347099999989 ], [ 79.6032251, 32.7769693 ], [ 79.5679946, 32.7868139 ], [ 79.415390399999978, 32.967544700000012 ], [ 79.385551, 32.9679644 ], [ 79.384073099999981, 32.9890877 ], [ 79.350425399999978, 33.0050071 ], [ 79.079509399999978, 33.1001133 ], [ 78.932946799999968, 33.2145103 ], [ 78.804419099999976, 33.213642799999988 ], [ 78.4089261, 33.311185 ], [ 78.158006, 33.4526101 ], [ 78.017864, 33.6165282 ], [ 77.659251199999986, 33.921139800000013 ], [ 77.3333412, 34.2252254 ], [ 77.0685523, 34.7875647 ], [ 77.0473656, 34.9376512 ], [ 77.052603399999981, 35.0737924 ], [ 77.1023214, 35.1748432 ], [ 77.2121269, 35.319740599999989 ], [ 77.3204381, 35.533971199999982 ] ] ] } },
{ "type": "Feature", "properties": { "FEATURE_ID": "AESR_17_1_P01", "AESR_UID": "AESR_17_1", "aesr_code": "17.1", "PART_NO": 1, "NPARTS": 1, "aer_code": 17, "subregion": "Meghalaya Plateau and Nagaland Hills", "SOIL_GRP": "Red/Lateritic", "CLIM_STD": "Perhumid", "LGP_ORDER": 9, "lgp_ref": "270 - 300 days", "AWC_REF": "Medium", "AREA_KM2": 61444.875016904341 }, "geometry": { "type": "Polygon", "coordinates": [ [ [ 96.7036072, 27.6600569 ], [ 96.661753300000015, 27.6333407 ], [ 96.6071603, 27.6463314 ], [ 96.397712499999983, 27.6482946 ], [ 96.355422899999979, 27.6241436 ], [ 96.2992522, 27.5579405 ], [ 96.2116387, 27.5793339 ], [ 96.129325799999989, 27.6191799 ], [ 96.065056, 27.605953299999989 ], [ 96.005428099999989, 27.556273 ], [ 95.8819863, 27.5468408 ], [ 95.8901657, 27.4996625 ], [ 95.849767499999984, 27.4237416 ], [ 95.8677007, 27.4105041 ], [ 95.889069899999981, 27.4374358 ], [ 95.893381699999978, 27.3993196 ], [ 95.917212699999965, 27.4364528 ], [ 95.9502374, 27.4382382 ], [ 95.9682937, 27.4172456 ], [ 95.978084699999982, 27.4286376 ], [ 96.021045, 27.3641494 ], [ 95.997086299999978, 27.3564129 ], [ 95.9632862, 27.3099886 ], [ 95.9065195, 27.2848869 ], [ 95.8981369, 27.2572784 ], [ 95.8724484, 27.2599564 ], [ 95.860610699999981, 27.2873341 ], [ 95.810364, 27.2741413 ], [ 95.806474399999985, 27.2849919 ], [ 95.7213072, 27.2509903 ], [ 95.590372199999976, 27.223163 ], [ 95.574820399999979, 27.2447807 ], [ 95.5166191, 27.2625119 ], [ 95.460114299999987, 27.2073419 ], [ 95.4580528, 27.129419 ], [ 95.4205442, 27.1246367 ], [ 95.3772606, 27.0960806 ], [ 95.366772699999984, 27.1067943 ], [ 95.3489249, 27.098732 ], [ 95.248501299999987, 27.024323 ], [ 95.23123, 27.0398437 ], [ 95.214139299999985, 27.0276348 ], [ 95.1988154, 27.0386309 ], [ 95.110366499999984, 26.9611816 ], [ 95.021677, 26.9198006 ], [ 94.9860234, 26.9127232 ], [ 94.9286395, 26.946748 ], [ 94.8949631, 26.9320197 ], [ 94.821506, 26.8491926 ], [ 94.8025672, 26.8007572 ], [ 94.7567133, 26.7670182 ], [ 94.746155699999989, 26.776917 ], [ 94.686949, 26.7274301 ], [ 94.6537499, 26.7185316 ], [ 94.623111600000016, 26.71449 ], [ 94.60458060000002, 26.7342998 ], [ 94.5937566, 26.7211573 ], [ 94.6050836, 26.7122046 ], [ 94.575094, 26.686045 ], [ 94.54552240000001, 26.7060035 ], [ 94.498715599999983, 26.668864 ], [ 94.4684132, 26.6650166 ], [ 94.4629232, 26.6306416 ], [ 94.4083117, 26.6095962 ], [ 94.399778599999976, 26.5275061 ], [ 94.3514403, 26.5038727 ], [ 94.316799799999984, 26.4582009 ], [ 94.2942786, 26.476079 ], [ 94.282776499999983, 26.5589893 ], [ 94.186993499999986, 26.4560356 ], [ 94.1647778, 26.355586 ], [ 94.1757786, 26.339650800000012 ], [ 94.108351499999969, 26.3219414 ], [ 94.0049998, 26.1688799 ], [ 93.991172, 26.0681844 ], [ 93.9548936, 26.0028966 ], [ 93.97922589999996, 25.9151205 ], [ 93.915769499999982, 25.8832052 ], [ 93.882569599999982, 25.8414987 ], [ 93.8422525, 25.8582894 ], [ 93.807474699999972, 25.8120588 ], [ 93.7912371, 25.8117784 ], [ 93.7797726, 25.8420974 ], [ 93.7983553, 25.9054907 ], [ 93.773164699999967, 25.961904 ], [ 93.8391322, 26.1250219 ], [ 93.8581953, 26.2994036 ], [ 93.8386611, 26.4185093 ], [ 93.7587547, 26.5575961 ], [ 93.6579291, 26.6055561 ], [ 93.2135585, 26.5680059 ], [ 93.107348800000011, 26.5134194 ], [ 93.0677711, 26.4458703 ], [ 92.962014599999989, 26.420479 ], [ 92.9147514, 26.382857 ], [ 92.8782523, 26.3174527 ], [ 92.8706368, 26.26920680000001 ], [ 92.873036399999975, 26.2128 ], [ 93.108833, 26.0562417 ], [ 93.172468099999989, 25.9652978 ], [ 93.2308103, 25.8503138 ], [ 93.234206599999979, 25.7791128 ], [ 93.222396, 25.7434403 ], [ 93.174136599999983, 25.7206486 ], [ 93.115764, 25.7304864 ], [ 92.984796099999983, 25.8490788 ], [ 92.8321062, 25.9155497 ], [ 92.777762699999982, 25.9664695 ], [ 92.737755599999986, 26.0528518 ], [ 92.6877519, 26.0398307 ], [ 92.626092, 25.9910823 ], [ 92.570519299999987, 25.97603410000001 ], [ 92.587014899999986, 26.0333521 ], [ 92.5730323, 26.0833577 ], [ 92.518274300000016, 26.1317563 ], [ 92.402306799999977, 26.136151 ], [ 92.2756708, 26.0632835 ], [ 92.191423699999987, 26.065243 ], [ 92.1804181, 26.0778882 ], [ 92.1352146, 26.0443107 ], [ 92.095487099999971, 26.0469839 ], [ 92.05502629999998, 26.0313369 ], [ 91.993314099999978, 26.0396105 ], [ 91.924366399999982, 25.9981694 ], [ 91.91927819999998, 26.0201152 ], [ 91.8855946, 26.02869380000001 ], [ 91.872559799999976, 26.0508975 ], [ 91.8782517, 26.0964385 ], [ 91.8218582, 26.1175201 ], [ 91.7928997, 26.0858197 ], [ 91.7338248, 26.0580635 ], [ 91.722614299999975, 25.9529187 ], [ 91.6717442, 25.9042846 ], [ 91.613676699999985, 25.9388797 ], [ 91.640495899999976, 25.9637822 ], [ 91.6273058, 25.9848306 ], [ 91.634787599999981, 26.021351899999988 ], [ 91.599723, 26.01602590000001 ], [ 91.578541799999982, 26.0321065 ], [ 91.505963199999982, 25.9133758 ], [ 91.538511399999962, 25.9330281 ], [ 91.53392860000001, 25.9227512 ], [ 91.477354799999986, 25.8703092 ], [ 91.510344599999968, 25.8664889 ], [ 91.528359, 25.8891438 ], [ 91.52794609999998, 25.8719238 ], [ 91.446987899999982, 25.8401306 ], [ 91.4215247, 25.8538492 ], [ 91.336286099999981, 25.8380463 ], [ 91.278304, 25.7461977 ], [ 91.258062299999963, 25.7471038 ], [ 91.2265697, 25.7227278 ], [ 91.1947239, 25.7289143 ], [ 91.182735299999976, 25.7756581 ], [ 91.1993639, 25.8583327 ], [ 91.181913199999968, 25.8420926 ], [ 91.1557936, 25.849425399999987 ], [ 91.0662345, 25.8197988 ], [ 91.0529021, 25.8283398 ], [ 91.081545699999978, 25.852038 ], [ 91.0521375, 25.84824810000001 ], [ 91.023848, 25.822083 ], [ 91.0038324, 25.8217206 ], [ 91.0323384, 25.887488 ], [ 90.970631599999976, 25.8866681 ], [ 90.9460516, 25.9470744 ], [ 90.919178699999989, 25.9426786 ], [ 90.922387, 25.9128333 ], [ 90.886333599999986, 25.951298 ], [ 90.840132, 25.9377753 ], [ 90.813323099999977, 25.9517489 ], [ 90.781471299999978, 25.9078976 ], [ 90.7611525, 25.9107033 ], [ 90.7623989, 25.9212709 ], [ 90.743982, 25.9148482 ], [ 90.7509396, 25.9569496 ], [ 90.689602399999984, 25.9504726 ], [ 90.6309105, 25.9166996 ], [ 90.6283627, 25.8986079 ], [ 90.610095, 25.9119988 ], [ 90.6326142, 25.9371372 ], [ 90.5861338, 25.9595182 ], [ 90.516224199999982, 25.896018 ], [ 90.538194499999975, 25.9577766 ], [ 90.5095321, 25.9957817 ], [ 90.4811546, 26.015036 ], [ 90.4324933, 25.9888467 ], [ 90.3978901, 26.0139179 ], [ 90.3506329, 26.0027865 ], [ 90.32830340000001, 25.97425010000001 ], [ 90.290584199999984, 25.963792 ], [ 90.212508200000016, 25.9614867 ], [ 90.186588299999983, 25.9443759 ], [ 90.157529099999977, 25.9646381 ], [ 90.1228183, 25.9612084 ], [ 90.0462564, 25.8907457 ], [ 90.008939699999971, 25.8786968 ], [ 90.026054799999983, 25.8655373 ], [ 90.0124712, 25.8468558 ], [ 89.9487607, 25.8245312 ], [ 89.959363899999985, 25.7745307 ], [ 89.932044199999979, 25.7414408 ], [ 89.8995621, 25.7442201 ], [ 89.8983736, 25.7273494 ], [ 89.9509184, 25.6589414 ], [ 90.021156799999972, 25.6022979 ], [ 90.0059881, 25.584312 ], [ 89.9830491, 25.59086 ], [ 89.9703146, 25.5718424 ], [ 89.890314, 25.5580465 ], [ 89.870664099999985, 25.5397898 ], [ 89.879389799999984, 25.4915109 ], [ 89.856088, 25.4766176 ], [ 89.8185482, 25.3881034 ], [ 89.8376859, 25.2954925 ], [ 89.8774268, 25.2867092 ], [ 89.910918399999986, 25.3072928 ], [ 89.97506030000001, 25.3004907 ], [ 89.9837662, 25.2847723 ], [ 90.1152161, 25.2236757 ], [ 90.334579099999985, 25.1911566 ], [ 90.380227, 25.161219 ], [ 90.4474412, 25.1432401 ], [ 90.5132626, 25.1678951 ], [ 90.6392006, 25.1726316 ], [ 90.658012099999979, 25.19258 ], [ 90.677805599999985, 25.1669572 ], [ 90.7349699, 25.1541173 ], [ 90.783022699999975, 25.1831978 ], [ 90.8224403, 25.1629604 ], [ 90.8723103, 25.15909 ], [ 91.0844651, 25.2013522 ], [ 91.137685699999977, 25.1923779 ], [ 91.267625799999976, 25.2062038 ], [ 91.341355, 25.1730657 ], [ 91.4168803, 25.1718806 ], [ 91.4804834, 25.1345198 ], [ 91.6058938, 25.1731033 ], [ 91.603965699999961, 25.1463645 ], [ 91.6450431, 25.1237456 ], [ 91.6971719, 25.1398321 ], [ 91.707840799999985, 25.1561683 ], [ 91.7469984, 25.1480382 ], [ 91.749683499999975, 25.1710871 ], [ 91.950143700000012, 25.1827029 ], [ 91.9862362, 25.1709726 ], [ 92.013907799999984, 25.1885431 ], [ 92.0776378, 25.1856015 ], [ 92.178958, 25.1227188 ], [ 92.192846899999978, 25.1216918 ], [ 92.190697899999975, 25.1354098 ], [ 92.2277693, 25.117934 ], [ 92.21232879999998, 25.111101 ], [ 92.232428399999975, 25.0965451 ], [ 92.3003479, 25.0714823 ], [ 92.3364944, 25.0818902 ], [ 92.347903099999982, 25.0499431 ], [ 92.4253448, 25.0295205 ], [ 92.4637276, 25.0349634 ], [ 92.4848402, 25.1058688 ], [ 92.543398599999989, 25.097313 ], [ 92.525191, 25.1377704 ], [ 92.6665793, 25.1089131 ], [ 92.757753899999969, 25.1209662 ], [ 92.8416406, 25.060205 ], [ 93.0225415, 25.0964018 ], [ 93.046851799999985, 25.0845642 ], [ 93.0491807, 25.0415625 ], [ 93.091051, 24.9915378 ], [ 93.213941, 24.9859443 ], [ 93.25236, 24.9704748 ], [ 93.262802599999986, 25.000656 ], [ 93.2464459, 25.0000743 ], [ 93.248355199999978, 25.0152393 ], [ 93.267704099999975, 25.0460878 ], [ 93.3040858, 25.0443311 ], [ 93.335288199999979, 25.092137399999988 ], [ 93.3526633, 25.1780815 ], [ 93.403199499999985, 25.2592897 ], [ 93.473625399999975, 25.3053722 ], [ 93.4763065, 25.2751131 ], [ 93.5103135, 25.2716157 ], [ 93.504635199999981, 25.2401345 ], [ 93.554151699999977, 25.2464364 ], [ 93.607333899999986, 25.1978307 ], [ 93.692187599999968, 25.3572687 ], [ 93.717435899999984, 25.3572221 ], [ 93.8084176, 25.4610804 ], [ 93.803514, 25.494548 ], [ 93.76530649999998, 25.4954959 ], [ 93.770194800000013, 25.5358854 ], [ 93.819227899999987, 25.5398993 ], [ 93.8360094, 25.5585518 ], [ 93.899673799999988, 25.564077 ], [ 93.9645803, 25.55179 ], [ 93.97982949999998, 25.5664328 ], [ 94.0097383, 25.5664301 ], [ 94.014092, 25.5912628 ], [ 94.085167, 25.5546795 ], [ 94.0912925, 25.5276446 ], [ 94.137849099999968, 25.51850550000001 ], [ 94.159259399999982, 25.5500293 ], [ 94.193963699999983, 25.5471238 ], [ 94.189787199999984, 25.5254676 ], [ 94.213848599999977, 25.4948506 ], [ 94.285676199999983, 25.5061594 ], [ 94.3124083, 25.4888358 ], [ 94.4190992, 25.5368185 ], [ 94.428887599999982, 25.5869025 ], [ 94.472914, 25.6157394 ], [ 94.504204599999966, 25.6110123 ], [ 94.571872499999984, 25.6915848 ], [ 94.5944379, 25.6851542 ], [ 94.5748676, 25.6385838 ], [ 94.5939445, 25.6376849 ], [ 94.5544381, 25.579684 ], [ 94.55603779999997, 25.5065749 ], [ 94.6643907, 25.448883 ], [ 94.755031099999982, 25.4853022 ], [ 94.771069099999977, 25.4745167 ], [ 94.8107975, 25.4885051 ], [ 94.851369499999961, 25.5564009 ], [ 94.90329509999998, 25.560076299999984 ], [ 94.887323099999961, 25.5861392 ], [ 94.918021599999989, 25.6041185 ], [ 94.935988299999977, 25.6620158 ], [ 95.0509507, 25.7554483 ], [ 95.050265899999971, 25.7979992 ], [ 95.0140206, 25.8650296 ], [ 95.020531299999988, 25.9030347 ], [ 95.03538469999998, 25.9280995 ], [ 95.1051273, 25.9610334 ], [ 95.1823046, 26.067333 ], [ 95.169756299999989, 26.089666 ], [ 95.1194235, 26.1027683 ], [ 95.117000399999966, 26.1620514 ], [ 95.1415182, 26.2073458 ], [ 95.1202836, 26.2318937 ], [ 95.1350076, 26.3811917 ], [ 95.1040979, 26.3947042 ], [ 95.105570200000017, 26.423483899999987 ], [ 95.065780899999965, 26.4504041 ], [ 95.1203148, 26.5233913 ], [ 95.114365099999986, 26.5416348 ], [ 95.154077, 26.5743895 ], [ 95.154372699999982, 26.6131301 ], [ 95.214492499999977, 26.6492353 ], [ 95.240110499999986, 26.6851925 ], [ 95.271616199999983, 26.6562632 ], [ 95.3021369, 26.6493588 ], [ 95.4228123, 26.6898201 ], [ 95.488669, 26.7547255 ], [ 95.532384299999975, 26.824276 ], [ 95.5543535, 26.8325965 ], [ 95.6110236, 26.8140691 ], [ 95.636357, 26.8721814 ], [ 95.672962099999978, 26.9030746 ], [ 95.7030299, 26.879931 ], [ 95.730310699999976, 26.880165 ], [ 95.757655799999981, 26.9075538 ], [ 95.760478699999979, 26.9567243 ], [ 95.8075948, 27.0131676 ], [ 95.8767299, 27.013049100000011 ], [ 95.9455684, 27.0521554 ], [ 96.036180699999989, 27.1885328 ], [ 96.098788599999978, 27.2238036 ], [ 96.181822399999987, 27.2464847 ], [ 96.234060500000012, 27.2770395 ], [ 96.278337599999986, 27.2714138 ], [ 96.310516399999983, 27.2940468 ], [ 96.34733940000001, 27.2802577 ], [ 96.470288599999975, 27.3040548 ], [ 96.521781, 27.2853806 ], [ 96.6002747, 27.3359411 ], [ 96.6199839, 27.364137 ], [ 96.698525599999982, 27.3566396 ], [ 96.711998099999988, 27.3718123 ], [ 96.801665799999981, 27.345186 ], [ 96.8489014, 27.2967784 ], [ 96.860788, 27.2628944 ], [ 96.8878043, 27.2538846 ], [ 96.86515009999998, 27.1898703 ], [ 96.917236299999985, 27.1654674 ], [ 96.983393499999977, 27.1564579 ], [ 97.061213599999988, 27.1005318 ], [ 97.1070899, 27.1105107 ], [ 97.144879499999988, 27.0919207 ], [ 97.1702315, 27.125892 ], [ 97.1657364, 27.1446212 ], [ 97.0992155, 27.2044957 ], [ 97.0928594, 27.2375042 ], [ 97.0392952, 27.2977963 ], [ 97.0023956, 27.320046899999987 ], [ 96.964769499999974, 27.4057932 ], [ 96.911256, 27.4534244 ], [ 96.9372028, 27.5208871 ], [ 96.9137047, 27.5794664 ], [ 96.898906299999965, 27.5847202 ], [ 96.900337, 27.6154465 ], [ 96.864973099999986, 27.630517 ], [ 96.7502688, 27.6321964 ], [ 96.7036072, 27.6600569 ] ] ] } },
{ "type": "Feature", "properties": { "FEATURE_ID": "AESR_17_2_P01", "AESR_UID": "AESR_17_2", "aesr_code": "17.2", "PART_NO": 1, "NPARTS": 1, "aer_code": 17, "subregion": "Purvachal (Eastern Range)", "SOIL_GRP": "Red/Yellow", "CLIM_STD": "Perhumid", "LGP_ORDER": 10, "lgp_ref": ">300 days", "AWC_REF": "Low to Medium", "AREA_KM2": 53225.659015772901 }, "geometry": { "type": "Polygon", "coordinates": [ [ [ 91.929538, 24.2093942 ], [ 91.913140399999989, 24.1403974 ], [ 91.895654899999982, 24.1355181 ], [ 91.850446699999978, 24.199023 ], [ 91.854730099999983, 24.2204591 ], [ 91.822379199999986, 24.2144838 ], [ 91.749765599999975, 24.2448342 ], [ 91.760900299999989, 24.1386896 ], [ 91.694561899999982, 24.1668006 ], [ 91.671369399999989, 24.2331067 ], [ 91.6544391, 24.219442 ], [ 91.6638628, 24.1890716 ], [ 91.629803200000012, 24.0966336 ], [ 91.6029505, 24.0954387 ], [ 91.5909377, 24.0744915 ], [ 91.563881399999985, 24.0752876 ], [ 91.387657399999981, 24.1089715 ], [ 91.384004199999978, 24.0726391 ], [ 91.4041634, 24.0539408 ], [ 91.379464399999989, 23.9983732 ], [ 91.3854019, 23.975943 ], [ 91.307315, 23.9895028 ], [ 91.2704075, 23.9578358 ], [ 91.2766413, 23.9283587 ], [ 91.238262599999985, 23.9248389 ], [ 91.2332116, 23.8856912 ], [ 91.2539842, 23.8376742 ], [ 91.2283507, 23.786869 ], [ 91.2275562, 23.7453229 ], [ 91.167369299999976, 23.748705 ], [ 91.154841299999987, 23.7293455 ], [ 91.157768100000013, 23.6893786 ], [ 91.207576599999982, 23.6821946 ], [ 91.203097, 23.6454944 ], [ 91.161510899999982, 23.6634975 ], [ 91.1632189, 23.6013996 ], [ 91.213302399999989, 23.5500623 ], [ 91.208134299999983, 23.5135333 ], [ 91.2497345, 23.4897269 ], [ 91.2996862, 23.3504875 ], [ 91.3170026, 23.3600154 ], [ 91.2945263, 23.3202813 ], [ 91.3179206, 23.3085707 ], [ 91.30293, 23.2928195 ], [ 91.3290607, 23.2528664 ], [ 91.327909599999984, 23.1644481 ], [ 91.353751799999984, 23.1004644 ], [ 91.385527599999975, 23.0653289 ], [ 91.421595399999987, 23.0714866 ], [ 91.384455199999977, 23.1951759 ], [ 91.416160399999981, 23.2822251 ], [ 91.424878899999982, 23.2605331 ], [ 91.4571498, 23.2582637 ], [ 91.470688499999966, 23.2325397 ], [ 91.458385399999983, 23.2200675 ], [ 91.485420599999983, 23.2138732 ], [ 91.4772908, 23.1937605 ], [ 91.5075459, 23.1864086 ], [ 91.4940455, 23.1558721 ], [ 91.517789499999978, 23.1442165 ], [ 91.507882899999984, 23.1273446 ], [ 91.5336955, 23.0896956 ], [ 91.537244199999989, 23.0396894 ], [ 91.551699099999979, 23.0391592 ], [ 91.545897299999965, 22.9977496 ], [ 91.558836899999989, 23.0021796 ], [ 91.558236299999976, 22.9817643 ], [ 91.5791997, 22.9699965 ], [ 91.59543739999998, 22.9769644 ], [ 91.6215456, 22.9441809 ], [ 91.6595959, 22.9804663 ], [ 91.7269114, 22.9943473 ], [ 91.774002699999983, 23.0409869 ], [ 91.7806869, 23.0334225 ], [ 91.7789773, 23.0699017 ], [ 91.8109025, 23.0694516 ], [ 91.835326599999973, 23.0957782 ], [ 91.8189819, 23.1031864 ], [ 91.7785198, 23.2511722 ], [ 91.788503099999986, 23.3065069 ], [ 91.848017700000014, 23.402316 ], [ 91.892551599999962, 23.4335343 ], [ 91.9424516, 23.4356887 ], [ 91.946755299999964, 23.4706633 ], [ 91.978706, 23.4821941 ], [ 91.9404298, 23.6642832 ], [ 91.9406808, 23.6879467 ], [ 91.9616158, 23.697985 ], [ 91.9564329, 23.7280402 ], [ 91.983886199999986, 23.7306985 ], [ 92.012407699999969, 23.6630892 ], [ 92.0519111, 23.6462858 ], [ 92.0812122, 23.6488396 ], [ 92.0898035, 23.6764241 ], [ 92.1067613, 23.676494 ], [ 92.154574, 23.7340368 ], [ 92.1772169, 23.7378226 ], [ 92.181363199999964, 23.7081114 ], [ 92.208438899999976, 23.7048621 ], [ 92.224435, 23.6528798 ], [ 92.2491933, 23.7179055 ], [ 92.282359399999976, 23.7150208 ], [ 92.295981700000013, 23.6874166 ], [ 92.2798688, 23.6377837 ], [ 92.3022667, 23.6237512 ], [ 92.295001399999975, 23.5966347 ], [ 92.31002159999997, 23.5904403 ], [ 92.3325297, 23.4295144 ], [ 92.347976299999985, 23.4346992 ], [ 92.365454200000016, 23.3751171 ], [ 92.3853595, 23.3600758 ], [ 92.373102299999985, 23.3285179 ], [ 92.405479299999982, 23.2424927 ], [ 92.357410800000011, 23.2341733 ], [ 92.366626, 23.1051866 ], [ 92.396715699999987, 23.055017 ], [ 92.375432500000016, 22.9337292 ], [ 92.401778, 22.9278181 ], [ 92.4038538, 22.9127352 ], [ 92.421692099999987, 22.9166558 ], [ 92.4366627, 22.8883041 ], [ 92.4486435, 22.8926599 ], [ 92.480539, 22.7506812 ], [ 92.510465599999989, 22.7350908 ], [ 92.520626799999974, 22.7012186 ], [ 92.5798254, 22.2786907 ], [ 92.599677899999975, 22.1808371 ], [ 92.6144218, 22.1691002 ], [ 92.60852509999998, 22.1265386 ], [ 92.584275600000012, 22.144055 ], [ 92.564991599999971, 22.1282352 ], [ 92.601094699999976, 22.0620205 ], [ 92.610130699999985, 21.9789827 ], [ 92.6821012, 22.0163972 ], [ 92.6816271, 22.103776 ], [ 92.6913124, 22.0756701 ], [ 92.697146599999982, 22.1466889 ], [ 92.7156638, 22.1509342 ], [ 92.814704, 22.0936712 ], [ 92.84655979999998, 22.0603873 ], [ 92.8652574, 22.0633455 ], [ 92.908279399999984, 21.9441901 ], [ 92.932039199999977, 22.0178837 ], [ 92.953176499999984, 22.027698 ], [ 92.9896924, 21.9785597 ], [ 93.006552199999987, 21.9815955 ], [ 92.997312, 22.048034 ], [ 93.013334199999989, 22.1030336 ], [ 93.062862799999976, 22.0994856 ], [ 93.0442499, 22.1361334 ], [ 93.0440227, 22.1950489 ], [ 93.078868200000016, 22.2057187 ], [ 93.151621099999986, 22.1753372 ], [ 93.167016499999988, 22.1971569 ], [ 93.1436892, 22.2382511 ], [ 93.2057563, 22.2580239 ], [ 93.188119199999988, 22.4241733 ], [ 93.172763099999983, 22.4482617 ], [ 93.139470199999977, 22.4602846 ], [ 93.1310964, 22.516964 ], [ 93.109163899999984, 22.5288658 ], [ 93.14307909999998, 22.5830755 ], [ 93.093069599999978, 22.7080939 ], [ 93.1103066, 22.7412108 ], [ 93.096965799999978, 22.8073809 ], [ 93.1138436, 22.8132112 ], [ 93.1364621, 22.9100096 ], [ 93.1660211, 22.9158927 ], [ 93.126991600000011, 22.9975996 ], [ 93.130757, 23.0442965 ], [ 93.139669699999985, 23.0573778 ], [ 93.165597499999976, 23.04573 ], [ 93.192187, 23.0569462 ], [ 93.250824899999969, 23.0029886 ], [ 93.2953028, 23.0021923 ], [ 93.33018, 23.0319652 ], [ 93.3625835, 23.1128765 ], [ 93.3912027, 23.1347191 ], [ 93.3715398, 23.1464556 ], [ 93.3923248, 23.2203634 ], [ 93.3635571, 23.3506049 ], [ 93.396471399999982, 23.360312 ], [ 93.4119585, 23.3840059 ], [ 93.39497, 23.4293483 ], [ 93.405437, 23.5044756 ], [ 93.4255809, 23.5341963 ], [ 93.426204499999983, 23.6494824 ], [ 93.4426326, 23.6783184 ], [ 93.4149409, 23.7080812 ], [ 93.4033344, 23.7575547 ], [ 93.3969409, 23.9262679 ], [ 93.3692825, 23.9365944 ], [ 93.332753700000012, 23.9830877 ], [ 93.3324535, 24.0862684 ], [ 93.3522641, 24.0937704 ], [ 93.349865099999988, 24.1085093 ], [ 93.36482679999996, 24.0890245 ], [ 93.418540799999988, 24.0719833 ], [ 93.467040799999978, 23.9697567 ], [ 93.506792299999987, 23.9446247 ], [ 93.5529816, 23.9608243 ], [ 93.561585099999988, 23.9851677 ], [ 93.57807480000001, 23.9658391 ], [ 93.6014587, 23.9650738 ], [ 93.618671899999981, 24.0096922 ], [ 93.737798899999973, 23.9943161 ], [ 93.7547874, 24.0045905 ], [ 93.8136993, 23.9247744 ], [ 93.904631099999975, 23.9518339 ], [ 93.951332600000015, 23.9447826 ], [ 93.96689809999998, 23.9284821 ], [ 94.0151424, 23.9283582 ], [ 94.0539737, 23.8918901 ], [ 94.093413700000013, 23.8877491 ], [ 94.119884599999978, 23.8368224 ], [ 94.1586729, 23.8467639 ], [ 94.168029, 23.9290692 ], [ 94.193208199999987, 23.9316306 ], [ 94.191754199999977, 23.9589312 ], [ 94.2426031, 24.0380338 ], [ 94.2303731, 24.0607341 ], [ 94.244485399999988, 24.0563518 ], [ 94.2570045, 24.0833303 ], [ 94.260095199999981, 24.1615325 ], [ 94.281112299999961, 24.1736141 ], [ 94.292562699999976, 24.2335725 ], [ 94.325428199999976, 24.2860822 ], [ 94.323842, 24.3326217 ], [ 94.3492091, 24.3356102 ], [ 94.3808365, 24.3729382 ], [ 94.3628555, 24.393272699999986 ], [ 94.4013921, 24.4146312 ], [ 94.4009853, 24.4813004 ], [ 94.427111499999981, 24.486797 ], [ 94.4630646, 24.5689554 ], [ 94.529037, 24.6256346 ], [ 94.54862679999998, 24.7097741 ], [ 94.574158, 24.7052216 ], [ 94.5792826, 24.7244939 ], [ 94.58857159999998, 24.7040531 ], [ 94.6084195, 24.7151853 ], [ 94.630908, 24.7579979 ], [ 94.635538, 24.8354438 ], [ 94.716782099999989, 24.9353779 ], [ 94.700903799999978, 24.9712693 ], [ 94.739997599999981, 25.0181717 ], [ 94.7435702, 25.1295876 ], [ 94.607011899999989, 25.1844611 ], [ 94.583567699999989, 25.2092374 ], [ 94.60020059999998, 25.2922153 ], [ 94.642805199999984, 25.3950986 ], [ 94.6746163, 25.4140191 ], [ 94.6808474, 25.453174699999987 ], [ 94.6314383, 25.4592363 ], [ 94.55603779999997, 25.5065749 ], [ 94.5544381, 25.579684 ], [ 94.5939445, 25.6376849 ], [ 94.5748676, 25.6385838 ], [ 94.5944379, 25.6851542 ], [ 94.571872499999984, 25.6915848 ], [ 94.504204599999966, 25.6110123 ], [ 94.472914, 25.6157394 ], [ 94.428887599999982, 25.5869025 ], [ 94.4190992, 25.5368185 ], [ 94.3124083, 25.4888358 ], [ 94.285676199999983, 25.5061594 ], [ 94.213848599999977, 25.4948506 ], [ 94.189787199999984, 25.5254676 ], [ 94.193963699999983, 25.5471238 ], [ 94.159259399999982, 25.5500293 ], [ 94.137849099999968, 25.51850550000001 ], [ 94.0912925, 25.5276446 ], [ 94.085167, 25.5546795 ], [ 94.014092, 25.5912628 ], [ 94.0097383, 25.5664301 ], [ 93.97982949999998, 25.5664328 ], [ 93.9645803, 25.55179 ], [ 93.89140949999998, 25.5637966 ], [ 93.771383299999968, 25.5364131 ], [ 93.76530649999998, 25.4954959 ], [ 93.803514, 25.494548 ], [ 93.8084176, 25.4610804 ], [ 93.717435899999984, 25.3572221 ], [ 93.692187599999968, 25.3572687 ], [ 93.607333899999986, 25.1978307 ], [ 93.554151699999977, 25.2464364 ], [ 93.504635199999981, 25.2401345 ], [ 93.5103135, 25.2716157 ], [ 93.4763065, 25.2751131 ], [ 93.473625399999975, 25.3053722 ], [ 93.403199499999985, 25.2592897 ], [ 93.3526633, 25.1780815 ], [ 93.335288199999979, 25.092137399999988 ], [ 93.3040858, 25.0443311 ], [ 93.267704099999975, 25.0460878 ], [ 93.248355199999978, 25.0152393 ], [ 93.2464459, 25.0000743 ], [ 93.262802599999986, 25.000656 ], [ 93.2509995, 24.9778461 ], [ 93.261824299999986, 24.9477702 ], [ 93.248690199999984, 24.9515076 ], [ 93.253550499999989, 24.9390268 ], [ 93.239425599999976, 24.9352823 ], [ 93.252676, 24.9152348 ], [ 93.238409, 24.9114634 ], [ 93.228486, 24.8737454 ], [ 93.196602299999981, 24.8529954 ], [ 93.196703199999988, 24.8077582 ], [ 93.1523259, 24.786365 ], [ 93.122101199999989, 24.8164801 ], [ 93.1092377, 24.8064085 ], [ 93.1066243, 24.7385666 ], [ 93.088137199999977, 24.7058828 ], [ 93.075244799999979, 24.7071158 ], [ 93.1040274, 24.671998 ], [ 93.0746929, 24.5929466 ], [ 93.106188099999983, 24.580209 ], [ 93.060378499999985, 24.5715774 ], [ 93.071915199999978, 24.5578002 ], [ 93.0349616, 24.4937359 ], [ 93.047681299999979, 24.4722417 ], [ 93.038267499999989, 24.4079045 ], [ 92.934935, 24.3925317 ], [ 92.9108127, 24.409938600000011 ], [ 92.904438399999989, 24.3914958 ], [ 92.8622158, 24.3966225 ], [ 92.8283214, 24.3749666 ], [ 92.8307086, 24.3976934 ], [ 92.800208799999979, 24.416299 ], [ 92.7647482, 24.5181638 ], [ 92.6901561, 24.3522627 ], [ 92.648536899999982, 24.3262976 ], [ 92.6238155, 24.3302552 ], [ 92.61107029999998, 24.2509717 ], [ 92.550189699999962, 24.2436383 ], [ 92.529159799999988, 24.1725943 ], [ 92.4854201, 24.1600703 ], [ 92.4655052, 24.1326687 ], [ 92.436162, 24.1503936 ], [ 92.4186262, 24.1923438 ], [ 92.4220793, 24.2510772 ], [ 92.212817499999986, 24.2476354 ], [ 91.929538, 24.2093942 ] ] ] } },
{ "type": "Feature", "properties": { "FEATURE_ID": "AESR_04_3_P01", "AESR_UID": "AESR_04_3", "aesr_code": "4.3", "PART_NO": 1, "NPARTS": 1, "aer_code": 4, "subregion": "Ganga-Yamuna Doab", "SOIL_GRP": "Alluvial", "CLIM_STD": "Moist semi-arid", "LGP_ORDER": 4, "lgp_ref": "120-150 days", "AWC_REF": "Medium to High", "AREA_KM2": 67186.163734748188 }, "geometry": { "type": "Polygon", "coordinates": [ [ [ 79.058456799999988, 28.3555452 ], [ 78.8849056, 28.4824129 ], [ 78.6921002, 28.3527557 ], [ 78.609815500000011, 28.3484169 ], [ 78.5602539, 28.362543599999988 ], [ 78.468660699999987, 28.4454439 ], [ 78.402378700000014, 28.4739231 ], [ 78.3571046, 28.4698219 ], [ 78.3165933, 28.4184207 ], [ 78.321790899999982, 28.3383584 ], [ 78.3808773, 28.2260624 ], [ 78.613218699999976, 28.0424698 ], [ 78.8033201, 27.9164885 ], [ 79.0542321, 27.8270799 ], [ 79.153029699999976, 27.7656826 ], [ 79.1745235, 27.6127067 ], [ 79.2489234, 27.4891268 ], [ 79.257616599999977, 27.401662 ], [ 79.3686513, 27.2562825 ], [ 79.397773399999977, 27.1396889 ], [ 79.39402979999997, 27.0703722 ], [ 79.3292833, 26.9862102 ], [ 79.272383, 26.9677171 ], [ 79.011599499999988, 26.9954784 ], [ 78.8692743, 26.972631299999989 ], [ 78.8329699, 26.9358843 ], [ 78.7953023, 26.7618031 ], [ 78.7708337, 26.7610264 ], [ 78.7497756, 26.786702 ], [ 78.7316274, 26.7735321 ], [ 78.724058900000017, 26.7943888 ], [ 78.6860377, 26.7865585 ], [ 78.6676476, 26.7634164 ], [ 78.6290566, 26.7693872 ], [ 78.6105406, 26.7502551 ], [ 78.550807499999976, 26.7633636 ], [ 78.4830722, 26.6709584 ], [ 78.3001415, 26.5195835 ], [ 78.2884213, 26.4229822 ], [ 78.309274, 26.3643412 ], [ 78.6599702, 26.169156 ], [ 78.799636499999977, 25.9555056 ], [ 78.8630907, 25.907154100000017 ], [ 78.9359382, 25.9492711 ], [ 79.0306021, 25.9347168 ], [ 79.0569852, 25.9166214 ], [ 79.055156, 25.8910496 ], [ 79.0816318, 25.8583436 ], [ 79.194979, 25.8041955 ], [ 79.304078, 25.7718555 ], [ 79.3947957, 25.7777125 ], [ 79.5415961, 25.8932407 ], [ 79.618215399999983, 25.9208332 ], [ 79.700998799999979, 25.9173627 ], [ 79.767697199999972, 25.8754845 ], [ 80.0139206, 25.9194746 ], [ 80.1451457, 25.917582 ], [ 80.3307942, 25.8844353 ], [ 80.3347829, 25.866169100000011 ], [ 80.3509975, 25.891694 ], [ 80.4298087, 25.9188824 ], [ 80.52251889999998, 25.8802586 ], [ 80.544626, 25.8582735 ], [ 80.508194599999982, 25.8310095 ], [ 80.506010499999974, 25.789022 ], [ 80.568295399999968, 25.7358555 ], [ 80.628648099999978, 25.7100598 ], [ 80.7132295, 25.6969129 ], [ 80.850308, 25.7017018 ], [ 80.984944500000012, 25.6497779 ], [ 81.048451, 25.5324887 ], [ 81.150885, 25.5080221 ], [ 81.16864529999998, 25.4695376 ], [ 81.160167799999982, 25.4221167 ], [ 81.1899416, 25.3798846 ], [ 81.322205, 25.338631799999987 ], [ 81.4161319, 25.2903136 ], [ 81.5487596, 25.2926979 ], [ 81.5564622, 25.2652226 ], [ 81.525596, 25.2034259 ], [ 81.5574813, 25.1831153 ], [ 81.574851799999976, 25.1922859 ], [ 81.594041599999969, 25.1831874 ], [ 81.5902147, 25.1648402 ], [ 81.621911699999984, 25.1671213 ], [ 81.6260579, 25.142875 ], [ 81.599420099999989, 25.1196193 ], [ 81.6096211, 25.0968615 ], [ 81.625157, 25.1192683 ], [ 81.640349, 25.0999452 ], [ 81.6021727, 25.0764708 ], [ 81.612722399999981, 25.0574396 ], [ 81.6302688, 25.0536353 ], [ 81.6670702, 25.0764479 ], [ 81.6902551, 25.0405463 ], [ 81.740760699999981, 25.0455193 ], [ 81.7975674, 25.007032 ], [ 81.8377353, 25.0162385 ], [ 81.8944889, 24.9898017 ], [ 81.9068107, 25.006591 ], [ 81.920346100000017, 24.9279882 ], [ 81.9047265, 24.8896052 ], [ 81.9674047, 24.8278195 ], [ 82.0131488, 24.8479102 ], [ 82.0854335, 24.820624299999988 ], [ 82.211175, 24.907931 ], [ 82.29958809999998, 25.0722817 ], [ 82.296332599999971, 25.1892459 ], [ 82.3507483, 25.2371426 ], [ 82.624604600000012, 25.2717154 ], [ 82.721002900000016, 25.2700524 ], [ 82.8744482, 25.1844637 ], [ 83.0263617, 25.2692599 ], [ 83.074440600000017, 25.2634416 ], [ 83.1565619, 25.3348649 ], [ 83.1765825, 25.3856068 ], [ 83.157185099999978, 25.4688152 ], [ 83.085895, 25.5165243 ], [ 83.0672955, 25.6362277 ], [ 83.03640369999998, 25.6928453 ], [ 82.8128811, 25.7944516 ], [ 82.469656300000011, 25.9877475 ], [ 82.300881599999983, 26.0390185 ], [ 81.8059172, 26.0990875 ], [ 81.706610200000014, 26.1318484 ], [ 81.607529099999979, 26.1864478 ], [ 81.559962699999986, 26.2672468 ], [ 81.4743836, 26.3362204 ], [ 81.2864785, 26.4498177 ], [ 81.091377799999989, 26.7091981 ], [ 80.929739099999978, 26.8294338 ], [ 80.772982, 26.9105488 ], [ 80.618631099999988, 26.9696024 ], [ 80.4291076, 27.1088476 ], [ 80.3317166, 27.2719876 ], [ 80.26153309999998, 27.5395079 ], [ 80.051716, 27.8458875 ], [ 79.9751714, 27.9212032 ], [ 79.6740224, 28.0423207 ], [ 79.567168099999989, 28.0687819 ], [ 79.3751038, 28.1482862 ], [ 79.1940122, 28.1887541 ], [ 79.1197577, 28.2247846 ], [ 79.058456799999988, 28.3555452 ] ] ] } },
{ "type": "Feature", "properties": { "FEATURE_ID": "AESR_02_3_P01", "AESR_UID": "AESR_02_3", "aesr_code": "2.3", "PART_NO": 1, "NPARTS": 1, "aer_code": 2, "subregion": "Rajasthan Bagar (Western Plain)", "SOIL_GRP": "Desert", "CLIM_STD": "Arid", "LGP_ORDER": 2, "lgp_ref": "60-90 days", "AWC_REF": "Low", "AREA_KM2": 134141.87216868286 }, "geometry": { "type": "Polygon", "coordinates": [ [ [ 74.7544621, 30.8118399 ], [ 74.5819254, 30.8170837 ], [ 74.544644299999973, 30.8049592 ], [ 74.4527641, 30.7002768 ], [ 74.3942383, 30.694645500000011 ], [ 74.271754099999981, 30.7307454 ], [ 74.233007799999967, 30.7231813 ], [ 74.1993393, 30.6686399 ], [ 74.1509471, 30.6325694 ], [ 74.1290416, 30.6336469 ], [ 74.120073300000016, 30.6074039 ], [ 74.1016028, 30.6143316 ], [ 74.1031565, 30.5768373 ], [ 74.0783438, 30.5564074 ], [ 74.092869499999978, 30.550358499999987 ], [ 74.0774914, 30.5265874 ], [ 74.0561473, 30.5224241 ], [ 74.049008599999965, 30.5409436 ], [ 74.012674799999985, 30.5319765 ], [ 74.0204036, 30.5132694 ], [ 73.988721, 30.510409 ], [ 73.9593885, 30.459441599999984 ], [ 73.9352026, 30.4893696 ], [ 73.9306077, 30.438994699999984 ], [ 73.9720859, 30.4335433 ], [ 73.8853747, 30.3653501 ], [ 73.967971, 30.261157699999988 ], [ 74.1269997, 30.2864847 ], [ 74.298871099999985, 30.2653751 ], [ 74.4376032, 29.9494042 ], [ 74.5287461, 29.9429879 ], [ 74.5146406, 29.9073927 ], [ 74.5433175, 29.9021767 ], [ 74.563133, 29.8651098 ], [ 74.5420297, 29.838783699999983 ], [ 74.4899888, 29.8148495 ], [ 74.4783796, 29.7578113 ], [ 74.4812369, 29.7435804 ], [ 74.520842500000015, 29.740134 ], [ 74.5960512, 29.7678035 ], [ 74.6147946, 29.7521142 ], [ 74.5755116, 29.562643 ], [ 74.623363499999982, 29.5261174 ], [ 74.587698599999968, 29.4576461 ], [ 74.5515787, 29.4656898 ], [ 74.5378195, 29.4486779 ], [ 74.5399771, 29.424088 ], [ 74.566499, 29.4176661 ], [ 74.60533980000001, 29.3610859 ], [ 74.604344699999984, 29.3271853 ], [ 74.6198662, 29.3269506 ], [ 74.4580223, 28.9949811 ], [ 74.3852407, 28.8953518 ], [ 74.233271799999983, 28.841391399999988 ], [ 74.1479297, 28.7800176 ], [ 74.1190501, 28.6915357 ], [ 74.1190758, 28.4583525 ], [ 74.0254088, 28.3479601 ], [ 73.8170497, 28.3400021 ], [ 73.69888659999998, 28.2867615 ], [ 73.666384799999989, 28.061836799999988 ], [ 73.7779081, 27.8036425 ], [ 73.774231199999988, 27.6575665 ], [ 73.7037447, 27.5380078 ], [ 73.5843994, 27.523473400000011 ], [ 73.4162265, 27.3997532 ], [ 73.3560703, 27.2998842 ], [ 73.269606400000015, 27.286479699999987 ], [ 73.1961328, 27.2346432 ], [ 73.1735435, 27.0486515 ], [ 72.9153991, 26.8034525 ], [ 72.8273215, 26.6338177 ], [ 72.781845299999972, 26.290634 ], [ 72.7782531, 26.1637498 ], [ 72.800048, 25.9697832 ], [ 72.777710099999979, 25.7932464 ], [ 72.5454422, 25.5287201 ], [ 72.4084093, 25.4830593 ], [ 72.0876004, 25.4572655 ], [ 72.01626730000001, 25.3950732 ], [ 71.8397113, 25.1321819 ], [ 71.6010324, 25.0120457 ], [ 71.4021889, 24.9425394 ], [ 71.254437099999976, 24.7936602 ], [ 71.2233682, 24.6359234 ], [ 71.2889036, 24.6128055 ], [ 71.3129477, 24.64543 ], [ 71.3481809, 24.6590277 ], [ 71.3745261, 24.6265451 ], [ 71.3725935, 24.3437866 ], [ 71.3239251, 24.1762922 ], [ 71.3110022, 24.0718241 ], [ 71.3808711, 23.721845 ], [ 71.464723299999989, 23.5556937 ], [ 71.5214579, 23.4978366 ], [ 71.80450639999998, 23.4156821 ], [ 71.834752600000016, 23.3696277 ], [ 71.9027541, 23.3879854 ], [ 71.9737984, 23.4576294 ], [ 71.9765225, 23.5419626 ], [ 72.0078699, 23.6131544 ], [ 72.1825459, 23.6148736 ], [ 72.272976, 23.6304548 ], [ 72.3078205, 23.7127321 ], [ 72.3013175, 23.8222031 ], [ 72.376137699999987, 23.9028055 ], [ 72.6147321, 23.9767106 ], [ 72.6940172, 24.0536984 ], [ 72.7645327, 24.0753388 ], [ 72.9094399, 24.0491774 ], [ 73.010069, 24.2513747 ], [ 73.0041101, 24.2876907 ], [ 72.9614498, 24.3513926 ], [ 72.98734869999997, 24.3640115 ], [ 72.9591294, 24.3838618 ], [ 72.986619, 24.4209637 ], [ 72.977037199999984, 24.4511462 ], [ 73.082660299999986, 24.6392083 ], [ 73.2433194, 24.8316751 ], [ 73.35068, 25.0289697 ], [ 73.5731413, 25.1822225 ], [ 73.6973705, 25.3799087 ], [ 73.8010338, 25.5108328 ], [ 73.9713162, 25.8294659 ], [ 73.99984809999998, 25.8524983 ], [ 74.04891419999997, 25.839763 ], [ 74.1180114, 25.859445799999985 ], [ 74.1598096, 25.9462934 ], [ 74.1627365, 26.0000008 ], [ 74.197974599999981, 26.0549119 ], [ 74.3406534, 26.1819494 ], [ 74.3795821, 26.2783452 ], [ 74.2853981, 26.2700566 ], [ 74.2944774, 26.428691600000011 ], [ 74.3413496, 26.4693574 ], [ 74.4563408, 26.5002591 ], [ 74.6679155, 26.617172 ], [ 74.7024839, 26.7619741 ], [ 74.7716764, 26.8592238 ], [ 74.850401199999979, 26.9251044 ], [ 74.908779699999982, 26.9586444 ], [ 75.0205591, 26.9476244 ], [ 75.1232441, 26.9605784 ], [ 75.2077354, 27.0240107 ], [ 75.2676921, 27.0915209 ], [ 75.3316159, 27.2004761 ], [ 75.431364699999989, 27.3007014 ], [ 75.5386137, 27.3475532 ], [ 75.6714453, 27.3658468 ], [ 75.8197586, 27.4111888 ], [ 75.8893542, 27.4494932 ], [ 76.0034882, 27.7174291 ], [ 76.095794, 27.8639456 ], [ 76.180648800000014, 27.8028417 ], [ 76.231100500000011, 27.8362676 ], [ 76.200940799999984, 27.8592895 ], [ 76.2065345, 27.8943669 ], [ 76.174336199999971, 27.9104812 ], [ 76.1874507, 27.9682597 ], [ 76.162937899999989, 27.9944469 ], [ 76.182318199999983, 28.0173518 ], [ 76.221929099999983, 28.0270887 ], [ 76.2015215, 28.0306427 ], [ 76.185468, 28.05471 ], [ 76.234112699999983, 28.0505767 ], [ 76.273149099999983, 28.0640884 ], [ 76.2983155, 28.044422599999987 ], [ 76.2983126, 28.02521 ], [ 76.324812799999975, 28.0162653 ], [ 76.354195799999971, 28.0410457 ], [ 76.3629388, 28.0694532 ], [ 76.305715699999979, 28.0963708 ], [ 76.3479386, 28.1049781 ], [ 76.3640232, 28.1237124 ], [ 76.2851998, 28.1681272 ], [ 76.3218717, 28.1770645 ], [ 76.3359034, 28.2887048 ], [ 76.309935899999985, 28.3548929 ], [ 76.3038972, 28.4427816 ], [ 76.4185993, 28.6335554 ], [ 76.4133245, 28.6971544 ], [ 76.3866951, 28.7845348 ], [ 76.339545699999988, 28.8653647 ], [ 76.2474503, 28.9481572 ], [ 76.2835255, 29.1248758 ], [ 76.2104461, 29.3687017 ], [ 76.1643712, 29.4039762 ], [ 76.006398800000014, 29.472861 ], [ 75.9564674, 29.5170658 ], [ 75.93616489999998, 29.6074463 ], [ 75.9515702, 29.7305919 ], [ 75.9079704, 29.7522257 ], [ 75.87446, 29.7490787 ], [ 75.839786199999978, 29.8091762 ], [ 75.8067709, 29.8040275 ], [ 75.782363, 29.8223479 ], [ 75.759087599999972, 29.8091104 ], [ 75.7476536, 29.926043899999986 ], [ 75.5947661, 30.118115 ], [ 75.4998806, 30.1990368 ], [ 75.329510199999987, 30.2813689 ], [ 75.2250371, 30.4925105 ], [ 75.1394388, 30.537155199999983 ], [ 74.974935699999989, 30.5611909 ], [ 74.8747196, 30.7503698 ], [ 74.7544621, 30.8118399 ] ] ] } },
{ "type": "Feature", "properties": { "FEATURE_ID": "AESR_15_4_P01", "AESR_UID": "AESR_15_4", "aesr_code": "15.4", "PART_NO": 1, "NPARTS": 1, "aer_code": 15, "subregion": "Upper Brahmaputra Plain", "SOIL_GRP": "Alluvial", "CLIM_STD": "Perhumid", "LGP_ORDER": 10, "lgp_ref": ">300 days", "AWC_REF": "Medium", "AREA_KM2": 21677.518693515962 }, "geometry": { "type": "Polygon", "coordinates": [ [ [ 93.2933738, 26.5770711 ], [ 93.6579291, 26.6055561 ], [ 93.699976299999989, 26.5920971 ], [ 93.7587547, 26.5575961 ], [ 93.8386611, 26.4185093 ], [ 93.8581953, 26.2994036 ], [ 93.8391322, 26.1250219 ], [ 93.773164699999967, 25.961904 ], [ 93.7983553, 25.9054907 ], [ 93.7797726, 25.8420974 ], [ 93.7912371, 25.8117784 ], [ 93.807474699999972, 25.8120588 ], [ 93.8422525, 25.8582894 ], [ 93.882569599999982, 25.8414987 ], [ 93.915769499999982, 25.8832052 ], [ 93.97922589999996, 25.9151205 ], [ 93.9548936, 26.0028966 ], [ 93.991172, 26.0681844 ], [ 94.0049998, 26.1688799 ], [ 94.108351499999969, 26.3219414 ], [ 94.1757786, 26.339650800000012 ], [ 94.1647778, 26.355586 ], [ 94.186993499999986, 26.4560356 ], [ 94.282776499999983, 26.5589893 ], [ 94.2942786, 26.476079 ], [ 94.316799799999984, 26.4582009 ], [ 94.3514403, 26.5038727 ], [ 94.399778599999976, 26.5275061 ], [ 94.4083117, 26.6095962 ], [ 94.4629232, 26.6306416 ], [ 94.4684132, 26.6650166 ], [ 94.498715599999983, 26.668864 ], [ 94.54552240000001, 26.7060035 ], [ 94.575094, 26.686045 ], [ 94.6050836, 26.7122046 ], [ 94.5937566, 26.7211573 ], [ 94.60458060000002, 26.7342998 ], [ 94.623111600000016, 26.71449 ], [ 94.6537499, 26.7185316 ], [ 94.686949, 26.7274301 ], [ 94.746155699999989, 26.776917 ], [ 94.7567133, 26.7670182 ], [ 94.8025672, 26.8007572 ], [ 94.821506, 26.8491926 ], [ 94.8949631, 26.9320197 ], [ 94.9286395, 26.946748 ], [ 94.9860234, 26.9127232 ], [ 95.021677, 26.9198006 ], [ 95.110366499999984, 26.9611816 ], [ 95.1988154, 27.0386309 ], [ 95.214139299999985, 27.0276348 ], [ 95.23123, 27.0398437 ], [ 95.248501299999987, 27.024323 ], [ 95.3489249, 27.098732 ], [ 95.366772699999984, 27.1067943 ], [ 95.3772606, 27.0960806 ], [ 95.4205442, 27.1246367 ], [ 95.4580528, 27.129419 ], [ 95.460114299999987, 27.2073419 ], [ 95.5113471, 27.2601667 ], [ 95.5352411, 27.2644615 ], [ 95.590372199999976, 27.223163 ], [ 95.7213072, 27.2509903 ], [ 95.806474399999985, 27.2849919 ], [ 95.810364, 27.2741413 ], [ 95.860610699999981, 27.2873341 ], [ 95.8724484, 27.2599564 ], [ 95.894015200000013, 27.2559896 ], [ 95.9065195, 27.2848869 ], [ 95.9632862, 27.3099886 ], [ 95.997086299999978, 27.3564129 ], [ 96.018497, 27.3607886 ], [ 95.978084699999982, 27.4286376 ], [ 95.9682937, 27.4172456 ], [ 95.9502374, 27.4382382 ], [ 95.917212699999965, 27.4364528 ], [ 95.893381699999978, 27.3993196 ], [ 95.889069899999981, 27.4374358 ], [ 95.8677007, 27.4105041 ], [ 95.849767499999984, 27.4237416 ], [ 95.8901657, 27.4996625 ], [ 95.8819863, 27.5468408 ], [ 95.8406156, 27.560355800000011 ], [ 95.821991099999977, 27.5755315 ], [ 95.824987499999963, 27.5968668 ], [ 95.788002599999984, 27.6173747 ], [ 95.802373799999984, 27.6430037 ], [ 95.7788256, 27.6603378 ], [ 95.7941611, 27.6863829 ], [ 95.775594, 27.6908534 ], [ 95.759364499999975, 27.725375199999988 ], [ 95.785935, 27.7340115 ], [ 95.781706699999987, 27.7524939 ], [ 95.824359499999986, 27.803543200000011 ], [ 95.929869299999979, 27.8847738 ], [ 95.9788672, 27.9628018 ], [ 95.827471300000013, 27.9720318 ], [ 95.608512099999984, 27.9528347 ], [ 95.5729934, 27.9374838 ], [ 95.5176582, 27.876879100000011 ], [ 95.386095400000016, 27.837289 ], [ 95.318436299999973, 27.866583 ], [ 95.0331924, 27.7705808 ], [ 94.867965599999977, 27.741639 ], [ 94.8414057, 27.6995689 ], [ 94.7447087, 27.6595467 ], [ 94.6915103, 27.6634183 ], [ 94.6845757, 27.6458013 ], [ 94.5283898, 27.5921554 ], [ 94.4618483, 27.554142699999989 ], [ 94.433267899999976, 27.5996261 ], [ 94.3579516, 27.5740156 ], [ 94.3003874, 27.6010413 ], [ 94.278407199999975, 27.5901305 ], [ 94.25653, 27.6105495 ], [ 94.269171299999982, 27.6294091 ], [ 94.237585, 27.6294209 ], [ 94.2135862, 27.6077568 ], [ 94.2288656, 27.5724652 ], [ 94.258823299999989, 27.5541986 ], [ 94.2619835, 27.5201995 ], [ 94.159474199999977, 27.4748587 ], [ 94.063075099999978, 27.3603642 ], [ 94.0021664, 27.3315712 ], [ 93.958647399999975, 27.2916507 ], [ 93.810611599999987, 27.1486784 ], [ 93.833953399999984, 27.069676 ], [ 93.7892973, 27.0510808 ], [ 93.775584, 27.0592403 ], [ 93.770359199999987, 27.0401697 ], [ 93.707457, 27.0052636 ], [ 93.6975679, 26.9890105 ], [ 93.744111699999976, 26.935855 ], [ 93.757724899999985, 26.8857847 ], [ 93.651054599999981, 26.7313798 ], [ 93.5987768, 26.7261574 ], [ 93.398320399999974, 26.7605595 ], [ 93.35901530000001, 26.7492589 ], [ 93.3370606, 26.7218097 ], [ 93.2933738, 26.5770711 ] ] ] } },
{ "type": "Feature", "properties": { "FEATURE_ID": "AESR_16_1_P01", "AESR_UID": "AESR_16_1", "aesr_code": "16.1", "PART_NO": 1, "NPARTS": 1, "aer_code": 16, "subregion": "Foot-hills of Eastern Himalayas (Bhutan foot-hills)", "SOIL_GRP": "Tarai", "CLIM_STD": "Perhumid", "LGP_ORDER": 9, "lgp_ref": "270 - 300 days", "AWC_REF": "Low to Medium", "AREA_KM2": 13020.491526423313 }, "geometry": { "type": "Polygon", "coordinates": [ [ [ 88.865446799999987, 26.6231422 ], [ 88.943267699999964, 26.5730069 ], [ 89.0368875, 26.5456861 ], [ 89.315467400000017, 26.4909386 ], [ 89.42271, 26.4845119 ], [ 89.627217199999976, 26.4208336 ], [ 89.8067919, 26.457228 ], [ 90.4310585, 26.4271657 ], [ 90.865100099999978, 26.5500984 ], [ 91.1117184, 26.5388652 ], [ 91.157515800000013, 26.5966183 ], [ 91.181925299999989, 26.6040271 ], [ 91.271621899999985, 26.5823339 ], [ 91.2966979, 26.5591673 ], [ 91.309213899999989, 26.5094445 ], [ 91.342909, 26.5070023 ], [ 91.400370199999969, 26.5424875 ], [ 91.490747399999989, 26.5663833 ], [ 91.56153, 26.5611645 ], [ 91.604510099999985, 26.548825 ], [ 91.64582679999998, 26.4816648 ], [ 91.7331138, 26.4720805 ], [ 91.826904, 26.5321535 ], [ 91.910329, 26.5532867 ], [ 92.015066499999989, 26.5483218 ], [ 92.058097299999986, 26.5724791 ], [ 92.0683089, 26.6083189 ], [ 92.111951299999987, 26.6385197 ], [ 92.204145199999985, 26.6435621 ], [ 92.3813222, 26.6143705 ], [ 92.40678269999998, 26.6481316 ], [ 92.3361587, 26.7709332 ], [ 92.3367354, 26.8880893 ], [ 92.3562404, 26.9341287 ], [ 92.3060927, 26.922809 ], [ 92.3069598, 26.9081325 ], [ 92.279600899999977, 26.901082 ], [ 92.2578147, 26.9108662 ], [ 92.1981436, 26.8896778 ], [ 92.1112737, 26.8925889 ], [ 92.0922887, 26.8597468 ], [ 92.0489005, 26.8463363 ], [ 91.989044899999982, 26.8571093 ], [ 91.9009105, 26.9150833 ], [ 91.8614469, 26.9130177 ], [ 91.8056051, 26.8510644 ], [ 91.6909241, 26.8041685 ], [ 91.627573799999979, 26.8204519 ], [ 91.496627600000011, 26.7889759 ], [ 91.412375799999978, 26.8348423 ], [ 91.340336, 26.7789672 ], [ 91.26646310000001, 26.8043639 ], [ 91.1009335, 26.8192628 ], [ 91.058291099999977, 26.7789451 ], [ 91.000396299999977, 26.7877797 ], [ 90.727721799999969, 26.7671814 ], [ 90.564829, 26.8007151 ], [ 90.427268099999964, 26.8979038 ], [ 90.3692653, 26.897817 ], [ 90.3169208, 26.850628 ], [ 90.2201187, 26.8535009 ], [ 90.189317800000012, 26.8095444 ], [ 90.1939427, 26.7703926 ], [ 90.1513487, 26.7547162 ], [ 90.0728386, 26.7319392 ], [ 89.9631514, 26.7230296 ], [ 89.867873500000016, 26.7368814 ], [ 89.860409, 26.702735 ], [ 89.812671, 26.7149089 ], [ 89.7813543, 26.6989862 ], [ 89.7621928, 26.7363587 ], [ 89.731940299999977, 26.7222357 ], [ 89.679416199999977, 26.7402869 ], [ 89.6642212, 26.718391 ], [ 89.6199405, 26.7255495 ], [ 89.6601616, 26.7634146 ], [ 89.6504262, 26.780852199999988 ], [ 89.627487599999981, 26.77683 ], [ 89.5647036, 26.8154576 ], [ 89.4651816, 26.8061678 ], [ 89.4551819, 26.8337658 ], [ 89.3970275, 26.8408639 ], [ 89.383215099999987, 26.8661959 ], [ 89.3344144, 26.8400372 ], [ 89.3222073, 26.8527045 ], [ 89.261693799999989, 26.8167758 ], [ 89.1959409, 26.8084235 ], [ 89.1790903, 26.821559 ], [ 89.1372701, 26.8079744 ], [ 89.108302099999989, 26.8362077 ], [ 89.096702, 26.8938528 ], [ 89.052859599999977, 26.9035322 ], [ 89.0313999, 26.9401426 ], [ 88.968889099999984, 26.9239948 ], [ 88.946419899999981, 26.9422677 ], [ 88.9602683, 26.968062 ], [ 88.925656499999988, 26.9960494 ], [ 88.885373, 26.950736 ], [ 88.8788127, 26.9644953 ], [ 88.8222236, 26.9786086 ], [ 88.7601636, 26.930911 ], [ 88.5214319, 26.87387570000001 ], [ 88.447196, 26.8120989 ], [ 88.4310946, 26.7661787 ], [ 88.4417655, 26.692576 ], [ 88.865446799999987, 26.6231422 ] ] ] } },
{ "type": "Feature", "properties": { "FEATURE_ID": "AESR_07_2_P01", "AESR_UID": "AESR_07_2", "aesr_code": "7.2", "PART_NO": 1, "NPARTS": 1, "aer_code": 7, "subregion": "North Telangana Plateau", "SOIL_GRP": "Mixed Red-Black", "CLIM_STD": "Moist semi-arid", "LGP_ORDER": 4, "lgp_ref": "120-150 days", "AWC_REF": "Medium to Very High", "AREA_KM2": 91170.412158045961 }, "geometry": { "type": "Polygon", "coordinates": [ [ [ 79.092255499999979, 18.9918622 ], [ 78.95562, 19.0714082 ], [ 78.877216599999983, 19.0384908 ], [ 78.7421177, 19.0109449 ], [ 78.6264646, 18.9288334 ], [ 78.6032305, 18.8153114 ], [ 78.6594999, 18.6432744 ], [ 78.5944945, 18.5470562 ], [ 78.5661696, 18.3908029 ], [ 78.5685774, 18.2298054 ], [ 78.5240629, 18.1809131 ], [ 78.1730729, 18.152536 ], [ 78.177170800000013, 18.1146172 ], [ 78.0631153, 18.0882085 ], [ 77.9536762, 18.1147565 ], [ 77.6681886, 18.2832647 ], [ 77.606676199999981, 18.2799131 ], [ 77.585105399999989, 18.2582408 ], [ 77.5885926, 18.2187146 ], [ 77.567929699999979, 18.1919694 ], [ 77.6014621, 18.1539141 ], [ 77.6042833, 18.1015518 ], [ 77.601189, 18.0864558 ], [ 77.5493746, 18.0559161 ], [ 77.5959858, 18.0124365 ], [ 77.6104423, 18.0202784 ], [ 77.6326339, 17.9948471 ], [ 77.65003440000001, 17.9955476 ], [ 77.6572816, 17.9717354 ], [ 77.647863699999988, 17.9487813 ], [ 77.627568700000012, 17.9601176 ], [ 77.6204402, 17.9053039 ], [ 77.5889463, 17.9106253 ], [ 77.600523, 17.8729039 ], [ 77.5765176, 17.8752371 ], [ 77.553491299999976, 17.8205063 ], [ 77.5296853, 17.8292638 ], [ 77.5145335, 17.8039028 ], [ 77.508124599999974, 17.7850608 ], [ 77.5697605, 17.7666813 ], [ 77.5658416, 17.7496986 ], [ 77.54311, 17.7280094 ], [ 77.453918799999968, 17.6938381 ], [ 77.4435255, 17.5841447 ], [ 77.4937349, 17.5690249 ], [ 77.50538419999998, 17.5436778 ], [ 77.531241099999988, 17.5760174 ], [ 77.5522581, 17.5522983 ], [ 77.5937798, 17.5656277 ], [ 77.5957038, 17.5355939 ], [ 77.68982, 17.5087105 ], [ 77.6882205, 17.4759538 ], [ 77.652218299999987, 17.4842274 ], [ 77.6568853, 17.5062721 ], [ 77.6445465, 17.4790535 ], [ 77.615005399999987, 17.47296 ], [ 77.6146832, 17.4472723 ], [ 77.57717049999998, 17.4571945 ], [ 77.576546, 17.4325395 ], [ 77.5373643, 17.4439234 ], [ 77.5139933, 17.4302203 ], [ 77.514537800000014, 17.4155243 ], [ 77.5394175, 17.4071223 ], [ 77.531932899999987, 17.3751703 ], [ 77.502988099999982, 17.3571107 ], [ 77.455343399999975, 17.373459 ], [ 77.4377661, 17.2913174 ], [ 77.4583083, 17.2789875 ], [ 77.418670099999972, 17.2330069 ], [ 77.409171199999975, 17.2405019 ], [ 77.3840188, 17.2228603 ], [ 77.402517299999985, 17.2118949 ], [ 77.395205, 17.1955117 ], [ 77.3743988, 17.1931884 ], [ 77.3636351, 17.1647647 ], [ 77.3800358, 17.1410814 ], [ 77.466564399999982, 17.1074059 ], [ 77.503468399999974, 17.0108359 ], [ 77.4823993, 16.9937639 ], [ 77.471798199999981, 16.9207171 ], [ 77.457416899999984, 16.9126181 ], [ 77.475305099999986, 16.7829175 ], [ 77.4416108, 16.7869487 ], [ 77.42750719999998, 16.7183369 ], [ 77.4710201, 16.7158037 ], [ 77.46926449999998, 16.682193 ], [ 77.4206873, 16.6666828 ], [ 77.437114099999988, 16.641567 ], [ 77.4736498, 16.6508716 ], [ 77.4580741, 16.6177777 ], [ 77.468471099999988, 16.5882475 ], [ 77.3955618, 16.5691649 ], [ 77.4198516, 16.5480269 ], [ 77.4195471, 16.5218893 ], [ 77.3832234, 16.5147547 ], [ 77.3704211, 16.4881498 ], [ 77.3005889, 16.4954111 ], [ 77.2959544, 16.4776031 ], [ 77.2389911, 16.4719711 ], [ 77.2886481, 16.4070441 ], [ 77.069772, 15.9037 ], [ 77.1474313, 15.9450467 ], [ 77.2531735, 15.9623049 ], [ 77.380830099999983, 15.9380056 ], [ 77.4311514, 15.9471122 ], [ 77.611597599999982, 15.9168538 ], [ 77.6643028, 15.8817686 ], [ 77.7216075, 15.891892 ], [ 77.8048893, 15.8707935 ], [ 77.855925199999987, 15.8793519 ], [ 77.8935542, 15.9014831 ], [ 78.0080389, 15.8650118 ], [ 78.0231313, 15.9009085 ], [ 78.0424831, 15.9078634 ], [ 78.0699838, 15.850473199999989 ], [ 78.116007, 15.8331755 ], [ 78.1322727, 15.8549276 ], [ 78.1711891, 15.855043 ], [ 78.1865224, 15.9064494 ], [ 78.2445497, 15.9351059 ], [ 78.2632024, 16.0372303 ], [ 78.322867, 16.0351785 ], [ 78.41243489999998, 16.0870446 ], [ 78.566214699999989, 16.0627367 ], [ 78.624161199999989, 16.105304 ], [ 78.721048, 16.0333241 ], [ 78.782551099999978, 16.0303745 ], [ 78.844047, 16.0941459 ], [ 78.845323199999982, 16.1634041 ], [ 78.8704572, 16.1597993 ], [ 78.8802483, 16.1169575 ], [ 78.8966818, 16.1053959 ], [ 78.918111, 16.1120814 ], [ 78.9294989, 16.128718 ], [ 78.9130128, 16.1886056 ], [ 78.9330669, 16.2090746 ], [ 79.0386331, 16.2525792 ], [ 79.141027899999983, 16.2433937 ], [ 79.184526, 16.2242414 ], [ 79.226668899999964, 16.2467846 ], [ 79.237756, 16.3072898 ], [ 79.220414, 16.4006489 ], [ 79.2439876, 16.4653618 ], [ 79.2330024, 16.5149373 ], [ 79.2738428, 16.5681709 ], [ 79.4345235, 16.5894308 ], [ 79.505162, 16.6374584 ], [ 79.562027, 16.6416191 ], [ 79.6079888, 16.6703229 ], [ 79.6561758, 16.6691367 ], [ 79.676786, 16.6911297 ], [ 79.7309347, 16.6998091 ], [ 79.783121399999985, 16.7367411 ], [ 79.818561500000015, 16.6978319 ], [ 79.8701916, 16.7056338 ], [ 79.9105285, 16.6454272 ], [ 79.932129899999978, 16.638374 ], [ 79.966654899999966, 16.6497112 ], [ 80.0563996, 16.7527908 ], [ 80.078129899999979, 16.8211524 ], [ 80.0502576, 16.8335345 ], [ 80.0414995, 16.8598625 ], [ 80.0000166, 16.8705791 ], [ 80.0178633, 16.9145413 ], [ 80.054171299999979, 16.9725379 ], [ 80.092585599999978, 16.9704922 ], [ 80.096008700000013, 16.9946999 ], [ 80.142235199999988, 16.9927044 ], [ 80.1904794, 17.0522448 ], [ 80.209667299999978, 17.0205376 ], [ 80.226254899999986, 17.0270434 ], [ 80.24419, 17.0098 ], [ 80.270646, 17.0181228 ], [ 80.3099222, 16.9635174 ], [ 80.3278628, 16.8787731 ], [ 80.3673324, 16.862835 ], [ 80.3816746, 16.8191274 ], [ 80.4078844, 16.8396101 ], [ 80.4084306, 16.8577457 ], [ 80.4613923, 16.8234364 ], [ 80.465218599999986, 16.7982325 ], [ 80.5717187, 16.7712426 ], [ 80.6130266, 16.7961971 ], [ 80.563450699999976, 16.8330801 ], [ 80.573776, 16.8772701 ], [ 80.595587, 16.882191 ], [ 80.592961299999985, 16.9346739 ], [ 80.5404786, 16.9581935 ], [ 80.529428599999989, 16.9444337 ], [ 80.5000034, 16.9561486 ], [ 80.49654959999998, 16.9254549 ], [ 80.3668349, 16.9783461 ], [ 80.3964652, 17.0149977 ], [ 80.3755056, 17.0641417 ], [ 80.398629, 17.0837769 ], [ 80.429112, 17.0325803 ], [ 80.4548545, 17.024794 ], [ 80.461485, 17.0447838 ], [ 80.4908068, 17.0580361 ], [ 80.5046913, 17.1155468 ], [ 80.528014399999989, 17.115865 ], [ 80.568776, 17.1457568 ], [ 80.665370399999986, 17.0957292 ], [ 80.648319, 17.0631243 ], [ 80.6927409, 17.076777 ], [ 80.7345019, 17.0727257 ], [ 80.8413567, 17.034061099999988 ], [ 80.86772209999998, 17.0592027 ], [ 80.8638572, 17.1196417 ], [ 80.8791022, 17.1544991 ], [ 80.922126, 17.1542004 ], [ 80.9141234, 17.2094219 ], [ 80.939438, 17.2131954 ], [ 81.0001021, 17.1880127 ], [ 81.0350102, 17.1950193 ], [ 81.0553794, 17.2221524 ], [ 81.071047400000012, 17.2124691 ], [ 81.1716587, 17.2410523 ], [ 81.189435199999977, 17.263057 ], [ 81.179435099999978, 17.3048178 ], [ 81.190355, 17.3305491 ], [ 81.2760239, 17.3284601 ], [ 81.339158, 17.4005105 ], [ 81.380661100000012, 17.3657168 ], [ 81.4245204, 17.3702257 ], [ 81.502254, 17.4573676 ], [ 81.5042222, 17.4906455 ], [ 81.1847956, 17.8564367 ], [ 81.167961499999976, 17.8599161 ], [ 81.1060991, 17.8243559 ], [ 81.0820055, 17.7935753 ], [ 81.040834099999984, 17.7969488 ], [ 81.0126714, 17.845438 ], [ 80.974151, 18.0501192 ], [ 80.952115, 18.0875664 ], [ 80.9817874, 18.1745687 ], [ 80.90882329999998, 18.1410586 ], [ 80.8700768, 18.1390073 ], [ 80.8562076, 18.2038507 ], [ 80.8755066, 18.2134613 ], [ 80.867097, 18.23215 ], [ 80.837566600000017, 18.2402179 ], [ 80.805942399999978, 18.1724696 ], [ 80.742515699999984, 18.1777928 ], [ 80.741203599999977, 18.2247835 ], [ 80.796219399999984, 18.2557879 ], [ 80.752495199999984, 18.308033 ], [ 80.7240757, 18.3886083 ], [ 80.734353599999963, 18.4146263 ], [ 80.6987928, 18.4249296 ], [ 80.7066595, 18.441556 ], [ 80.658499399999982, 18.477699 ], [ 80.640358400000011, 18.5241542 ], [ 80.539580799999982, 18.591119 ], [ 80.51825, 18.6206439 ], [ 80.4577056, 18.6312184 ], [ 80.3890275, 18.5984363 ], [ 80.369967099999982, 18.6085406 ], [ 80.3492879, 18.5912349 ], [ 80.274847799999989, 18.7224368 ], [ 80.2539599, 18.7057828 ], [ 80.209171900000015, 18.7018614 ], [ 80.196214399999988, 18.6800201 ], [ 80.165325799999977, 18.7003066 ], [ 80.1180102, 18.680523 ], [ 80.053475800000015, 18.7250845 ], [ 80.0194066, 18.7708128 ], [ 79.9389589, 18.7883455 ], [ 79.9009182, 18.8346388 ], [ 79.7778886, 18.7030927 ], [ 79.7260197, 18.6949722 ], [ 79.462936099999979, 18.8388851 ], [ 79.355372, 18.8299042 ], [ 79.2056029, 18.8734923 ], [ 79.092255499999979, 18.9918622 ] ] ] } },
{ "type": "Feature", "properties": { "FEATURE_ID": "AESR_01_1_P01", "AESR_UID": "AESR_01_1", "aesr_code": "1.1", "PART_NO": 1, "NPARTS": 1, "aer_code": 1, "subregion": "Eastern aspects of Ladakh Plateau", "SOIL_GRP": "Skeletal", "CLIM_STD": "Hyper-arid", "LGP_ORDER": null, "lgp_ref": "< 60 days", "AWC_REF": "Very Low", "AREA_KM2": 56447.959853746019 }, "geometry": { "type": "Polygon", "coordinates": [ [ [ 79.3322767, 33.0138803 ], [ 79.3937631, 33.0361847 ], [ 79.3773911, 33.0847365 ], [ 79.4466571, 33.2058197 ], [ 79.454905599999989, 33.2585483 ], [ 79.3700546, 33.2826502 ], [ 79.315715099999977, 33.2732141 ], [ 79.2406241, 33.2978063 ], [ 79.110764, 33.2919422 ], [ 79.0178028, 33.335480299999986 ], [ 78.989183200000014, 33.3335277 ], [ 78.9333479, 33.4327963 ], [ 78.9427906, 33.5093003 ], [ 78.9151622, 33.574346 ], [ 78.9144745, 33.6278712 ], [ 78.989918, 33.6111873 ], [ 79.0477974, 33.6277215 ], [ 79.1070734, 33.616884299999988 ], [ 79.091167499999983, 33.6869997 ], [ 79.0539614, 33.678140800000016 ], [ 79.0205221, 33.7057374 ], [ 79.042971100000017, 33.749706 ], [ 79.0684903, 33.7564399 ], [ 79.0602676, 33.7803202 ], [ 79.047255300000018, 33.7661193 ], [ 79.0341398, 33.7837147 ], [ 79.016752299999979, 33.7786952 ], [ 79.0191938, 33.7988154 ], [ 79.0008259, 33.8033275 ], [ 78.948309, 33.920717599999989 ], [ 78.9056826, 33.9762064 ], [ 78.952019899999968, 34.028868 ], [ 79.022371, 34.0509034 ], [ 79.112583899999962, 34.0197162 ], [ 79.1358088, 34.0272452 ], [ 79.151628, 34.0681042 ], [ 79.1712355, 34.0728667 ], [ 79.198054, 34.0512431 ], [ 79.426577, 34.0174328 ], [ 79.437891800000017, 34.0285544 ], [ 79.414489199999977, 34.0549041 ], [ 79.420349799999968, 34.0781292 ], [ 79.4947399, 34.1358784 ], [ 79.5072264, 34.2057945 ], [ 79.544482699999989, 34.207291799999986 ], [ 79.5857404, 34.244447199999982 ], [ 79.5919103, 34.2827822 ], [ 79.5595684, 34.332432100000013 ], [ 79.561209199999965, 34.410010699999987 ], [ 79.5281389, 34.4179853 ], [ 79.5085103, 34.4742797 ], [ 79.5932518, 34.5008239 ], [ 79.662016499999979, 34.4796742 ], [ 79.794032799999982, 34.4850545 ], [ 79.814544, 34.5000658 ], [ 79.8102907, 34.5313081 ], [ 79.7584611, 34.5547161 ], [ 79.7710126, 34.5820763 ], [ 79.793015, 34.5896387 ], [ 79.775911499999964, 34.6275926 ], [ 79.816542499999983, 34.6434387 ], [ 79.860666199999983, 34.688754399999986 ], [ 79.944561, 34.681063 ], [ 80.06904, 34.714777099999985 ], [ 80.073149499999985, 34.828431699999989 ], [ 80.123673499999981, 34.893427299999985 ], [ 80.174756, 35.0023287 ], [ 80.183537199999975, 35.1667308 ], [ 80.226001599999975, 35.2200194 ], [ 80.2709241, 35.3442312 ], [ 80.281077199999984, 35.4408598 ], [ 80.3280137, 35.469650799999989 ], [ 80.2915043, 35.6074185 ], [ 80.237335699999988, 35.641935699999983 ], [ 80.1081024, 35.6809255 ], [ 80.03823869999998, 35.7997622 ], [ 79.999177399999979, 35.8377529 ], [ 79.9299883, 35.827448 ], [ 79.871092800000014, 35.7830275 ], [ 79.737536800000015, 35.8020087 ], [ 79.518374, 35.8835141 ], [ 79.4220667, 35.896528300000014 ], [ 79.378072299999985, 35.9952872 ], [ 79.2154633, 35.978780799999974 ], [ 79.1898094, 35.9471953 ], [ 79.194049499999977, 35.886924399999984 ], [ 79.1325342, 35.8362169 ], [ 79.0216393, 35.8487482 ], [ 78.960506099999975, 35.8925928 ], [ 78.8237588, 35.8558331 ], [ 78.768773399999972, 35.8696695 ], [ 78.664953499999982, 35.8573873 ], [ 78.5212694, 35.7637693 ], [ 78.4232214, 35.785320599999984 ], [ 78.386102, 35.7355077 ], [ 78.2733421, 35.721954 ], [ 78.2720743, 35.668890399999988 ], [ 78.2550733, 35.645634 ], [ 78.1996629, 35.6691583 ], [ 78.1860808, 35.624031 ], [ 78.1621968, 35.6293805 ], [ 78.156665099999984, 35.5520269 ], [ 78.1373162, 35.538869 ], [ 78.077711, 35.549157099999988 ], [ 78.0419504, 35.5873856 ], [ 77.9910182, 35.5818402 ], [ 77.9524806, 35.6069765 ], [ 77.966753299999979, 35.571595699999975 ], [ 77.931231699999984, 35.5157527 ], [ 77.964908, 35.4960119 ], [ 77.982543, 35.4558634 ], [ 77.9220403, 35.4944511 ], [ 77.901281199999985, 35.4680538 ], [ 77.8184824, 35.512939599999989 ], [ 77.772805799999986, 35.4953508 ], [ 77.7335906, 35.524548299999985 ], [ 77.722962099999975, 35.4755277 ], [ 77.6723566, 35.4705512 ], [ 77.644961799999976, 35.4891032 ], [ 77.6141138, 35.4696371 ], [ 77.512463499999981, 35.488618599999988 ], [ 77.439628399999975, 35.461543199999987 ], [ 77.348689, 35.493695 ], [ 77.3205576, 35.5335179 ], [ 77.2121269, 35.319740599999989 ], [ 77.1023214, 35.1748432 ], [ 77.052603399999981, 35.0737924 ], [ 77.0473656, 34.9376512 ], [ 77.0685523, 34.7875647 ], [ 77.3333412, 34.2252254 ], [ 77.659251199999986, 33.921139800000013 ], [ 78.017864, 33.6165282 ], [ 78.158006, 33.4526101 ], [ 78.4089261, 33.311185 ], [ 78.804419099999976, 33.213642799999988 ], [ 78.932946799999968, 33.2145103 ], [ 79.079509399999978, 33.1001133 ], [ 79.3322767, 33.0138803 ] ] ] } },
{ "type": "Feature", "properties": { "FEATURE_ID": "AESR_04_2_P01", "AESR_UID": "AESR_04_2", "aesr_code": "4.2", "PART_NO": 1, "NPARTS": 1, "aer_code": 4, "subregion": "North Gujarat Plain", "SOIL_GRP": "Grey Brown", "CLIM_STD": "Dry semi-arid", "LGP_ORDER": 3, "lgp_ref": "90-120 days", "AWC_REF": "Medium", "AREA_KM2": 72121.622636359956 }, "geometry": { "type": "Polygon", "coordinates": [ [ [ 75.105427, 26.544622799999988 ], [ 74.969870499999985, 26.7886243 ], [ 74.9730374, 26.9530619 ], [ 74.908779699999982, 26.9586444 ], [ 74.8134398, 26.8995507 ], [ 74.7331554, 26.8068216 ], [ 74.7024839, 26.7619741 ], [ 74.6679155, 26.617172 ], [ 74.4563408, 26.5002591 ], [ 74.3413496, 26.4693574 ], [ 74.2944774, 26.428691600000011 ], [ 74.2853981, 26.2700566 ], [ 74.3795821, 26.2783452 ], [ 74.3406534, 26.1819494 ], [ 74.197974599999981, 26.0549119 ], [ 74.1627365, 26.0000008 ], [ 74.1598096, 25.9462934 ], [ 74.1180114, 25.859445799999985 ], [ 74.04891419999997, 25.839763 ], [ 73.99984809999998, 25.8524983 ], [ 73.9713162, 25.8294659 ], [ 73.8010338, 25.5108328 ], [ 73.6973705, 25.3799087 ], [ 73.5731413, 25.1822225 ], [ 73.35068, 25.0289697 ], [ 73.2433194, 24.8316751 ], [ 73.082660299999986, 24.6392083 ], [ 72.977037199999984, 24.4511462 ], [ 72.986619, 24.4209637 ], [ 72.9591294, 24.3838618 ], [ 72.98734869999997, 24.3640115 ], [ 72.9614498, 24.3513926 ], [ 73.0041101, 24.2876907 ], [ 73.010069, 24.2513747 ], [ 72.9094399, 24.0491774 ], [ 72.7645327, 24.0753388 ], [ 72.6940172, 24.0536984 ], [ 72.6147321, 23.9767106 ], [ 72.376137699999987, 23.9028055 ], [ 72.3013175, 23.8222031 ], [ 72.3078205, 23.7127321 ], [ 72.272976, 23.6304548 ], [ 72.1825459, 23.6148736 ], [ 72.0078699, 23.6131544 ], [ 71.9765225, 23.5419626 ], [ 71.9737984, 23.4576294 ], [ 71.9027541, 23.3879854 ], [ 71.834752600000016, 23.3696277 ], [ 71.8702777, 23.3154862 ], [ 71.8682588, 23.2421675 ], [ 71.5697587, 22.6524076 ], [ 71.3631665, 22.3967285 ], [ 71.0535235, 22.28034 ], [ 71.213153, 22.1489279 ], [ 71.314925599999981, 22.1548137 ], [ 71.5046251, 22.1985412 ], [ 71.6718483, 22.2883672 ], [ 72.1273451, 22.4957357 ], [ 72.1164467, 22.4805306 ], [ 72.3674943, 22.4970486 ], [ 72.454227, 22.5635993 ], [ 72.528212700000012, 22.6477657 ], [ 72.6766294, 22.7428216 ], [ 72.903845, 22.7719089 ], [ 73.015244699999982, 22.8282966 ], [ 73.0460134, 22.917517 ], [ 73.1840475, 22.9969416 ], [ 73.4619885, 23.0493853 ], [ 73.5193431, 23.0884215 ], [ 73.5934146, 23.1903286 ], [ 73.6630772, 23.2225079 ], [ 73.6965661, 23.3482732 ], [ 73.7571876, 23.4553089 ], [ 73.779645, 23.4330818 ], [ 73.828854, 23.445134 ], [ 73.891003899999987, 23.3354353 ], [ 73.9357754, 23.3396557 ], [ 74.0387473, 23.5580076 ], [ 74.1273135, 23.6467842 ], [ 74.1632396, 23.7895885 ], [ 74.354657, 23.8967384 ], [ 74.3867046, 24.3197173 ], [ 74.312572399999979, 24.4925319 ], [ 74.2050424, 24.6323638 ], [ 74.1481452, 24.7691767 ], [ 74.1831957, 24.9387105 ], [ 74.297327, 25.1379686 ], [ 74.380419100000012, 25.1970676 ], [ 74.5942924, 25.2071219 ], [ 74.8471211, 25.1816266 ], [ 74.9425431, 25.2067064 ], [ 75.289060499999977, 25.4326508 ], [ 75.5306577, 25.6998625 ], [ 75.6154362, 25.7363776 ], [ 75.711586, 25.7561086 ], [ 75.9024889, 25.8416262 ], [ 76.0257335, 25.8594338 ], [ 76.241784, 25.8252901 ], [ 76.21736439999998, 25.8779261 ], [ 76.259177899999983, 25.9666005 ], [ 76.2494896, 26.021155 ], [ 76.1738364, 25.9827914 ], [ 76.109001599999985, 25.988491399999983 ], [ 76.09071849999998, 26.0574319 ], [ 76.0568105, 26.1077116 ], [ 76.0120039, 26.117529599999987 ], [ 75.9936497, 26.1864518 ], [ 76.0366613, 26.2350259 ], [ 76.1205182, 26.273649599999988 ], [ 76.1591171, 26.3366812 ], [ 76.170360899999977, 26.5012647 ], [ 76.128699, 26.5367498 ], [ 75.8530329, 26.5260411 ], [ 75.6351866, 26.4872571 ], [ 75.1834486, 26.5214803 ], [ 75.105427, 26.544622799999988 ] ] ] } },
{ "type": "Feature", "properties": { "FEATURE_ID": "AESR_05_3_P01", "AESR_UID": "AESR_05_3", "aesr_code": "5.3", "PART_NO": 1, "NPARTS": 1, "aer_code": 5, "subregion": "Coastal Kathiawar Peninsula", "SOIL_GRP": "Coastal/Deltaic Alluvium", "CLIM_STD": "Moist semi-arid", "LGP_ORDER": 4, "lgp_ref": "120-150 days", "AWC_REF": "Low to Medium", "AREA_KM2": 11432.530704876197 }, "geometry": { "type": "MultiPolygon", "coordinates": [ [ [ [ 69.600716399999968, 21.943892 ], [ 69.3657401, 21.8334713 ], [ 69.5909748, 21.6354198 ], [ 69.5876408, 21.6209698 ], [ 69.593195, 21.6293049 ], [ 69.5909748, 21.6384716 ], [ 69.613748499999986, 21.6276417 ], [ 69.7751408, 21.4598599 ], [ 69.7782001, 21.4629192 ], [ 69.7956943, 21.4526424 ], [ 69.8048649, 21.4640293 ], [ 69.79986, 21.4520817 ], [ 69.7876377, 21.4515324 ], [ 69.7784748, 21.4587498 ], [ 69.7792988, 21.4551411 ], [ 69.9904194, 21.215971 ], [ 70.1804218, 21.035696 ], [ 70.2262516, 20.9990292 ], [ 70.247644399999984, 21.0004215 ], [ 70.2395878, 20.9926395 ], [ 70.2581882, 20.9726429 ], [ 70.3737507, 20.8948612 ], [ 70.4170856, 20.8870831 ], [ 70.41292, 20.8754177 ], [ 70.4473667, 20.8479176 ], [ 70.6145878, 20.7698612 ], [ 70.65708349999997, 20.7645855 ], [ 70.666254, 20.7523594 ], [ 70.6734714, 20.7645855 ], [ 70.7034779, 20.7379169 ], [ 70.827638600000014, 20.6901417 ], [ 70.8448582, 20.7073612 ], [ 70.874033, 20.7048626 ], [ 70.8529148, 20.7540302 ], [ 70.8748646, 20.7268047 ], [ 70.9219531, 20.7443517 ], [ 70.9401262, 20.73323 ], [ 70.991251, 20.7459736 ], [ 70.9868107, 20.7220821 ], [ 71.010973, 20.7398624 ], [ 71.065408699999978, 20.7337513 ], [ 71.085977499999984, 20.7562504 ], [ 71.154863399999982, 20.759306 ], [ 71.155695, 20.7784748 ], [ 71.202081699999979, 20.7884731 ], [ 71.2090321, 20.8020878 ], [ 71.3845844, 20.8570843 ], [ 71.377908699999978, 20.8740292 ], [ 71.386804599999977, 20.8634701 ], [ 71.438188499999981, 20.8687496 ], [ 71.4770832, 20.8898602 ], [ 71.488199200000011, 20.9148617 ], [ 71.515977899999967, 20.9223614 ], [ 71.514864, 20.9481945 ], [ 71.5651417, 20.9495831 ], [ 71.6279163, 20.969305 ], [ 71.6465321, 20.9948635 ], [ 71.6795826, 20.9973621 ], [ 71.7151432, 21.0204182 ], [ 71.7293034, 21.0134716 ], [ 71.7854252, 21.0315304 ], [ 71.7782001, 21.0368214 ], [ 71.7782001, 21.0398655 ], [ 71.8068104, 21.037916199999987 ], [ 71.80208780000001, 21.0629215 ], [ 71.8790302, 21.0895824 ], [ 71.899309199999962, 21.1093121 ], [ 71.9768085, 21.1209698 ], [ 71.9898624, 21.141531 ], [ 72.008188199999978, 21.1326427 ], [ 72.0181904, 21.1543102 ], [ 72.1137485, 21.1965275 ], [ 72.11236, 21.2226391 ], [ 72.0909748, 21.2265301 ], [ 72.081255, 21.2484722 ], [ 72.0981998, 21.2640286 ], [ 72.092912599999977, 21.2873631 ], [ 72.1090183, 21.2829227 ], [ 72.121530499999977, 21.3254223 ], [ 72.235139799999985, 21.4565296 ], [ 72.269029599999982, 21.5737515 ], [ 72.3059711, 21.6284695 ], [ 72.241247199999989, 21.7873631 ], [ 72.2154179, 21.8020802 ], [ 72.205141099999977, 21.8223629 ], [ 72.1829166, 21.8237514 ], [ 72.2031956, 21.8248615 ], [ 72.2470875, 21.7909718 ], [ 72.2645817, 21.7404194 ], [ 72.2531986, 21.8973637 ], [ 72.220140499999985, 21.9479198 ], [ 72.1901417, 21.9370823 ], [ 72.1537495, 21.9573612 ], [ 72.052733099999969, 21.6929407 ], [ 71.8667985, 21.4818014 ], [ 71.458364, 21.200013 ], [ 71.286494, 21.1444022 ], [ 70.8109503, 21.1129689 ], [ 70.394723199999987, 21.2058202 ], [ 70.2335022, 21.2747158 ], [ 70.0827893, 21.3746543 ], [ 69.600716399999968, 21.943892 ] ] ], [ [ [ 70.9378331, 20.732714 ], [ 70.882360499999976, 20.7287502 ], [ 70.873476, 20.7098637 ], [ 70.9140186, 20.6990299 ], [ 70.923471400000011, 20.7115307 ], [ 70.9770832, 20.7015324 ], [ 70.9973621, 20.7134724 ], [ 70.9623661, 20.7218075 ], [ 70.960138299999969, 20.7362499 ], [ 70.9378331, 20.732714 ] ] ], [ [ [ 72.35299, 21.613471 ], [ 72.345414, 21.602351 ], [ 72.358749, 21.579861 ], [ 72.365142, 21.59764 ], [ 72.35299, 21.613471 ] ] ], [ [ [ 72.273751, 21.749583 ], [ 72.267638, 21.736531 ], [ 72.287636, 21.707362 ], [ 72.28264, 21.734582 ], [ 72.273751, 21.749583 ] ] ], [ [ [ 72.354027, 21.9432 ], [ 72.347923, 21.92819 ], [ 72.36042, 21.924584 ], [ 72.357917, 21.927638 ], [ 72.354027, 21.9432 ] ] ], [ [ [ 71.7051334, 20.9987545 ], [ 71.695421200000013, 20.9968128 ], [ 71.7037525, 20.9951382 ], [ 71.7051334, 20.9987545 ] ] ], [ [ [ 71.7140293, 20.9987545 ], [ 71.706255, 20.9970798 ], [ 71.7140293, 20.9977436 ], [ 71.7140293, 20.9987545 ] ] ], [ [ [ 72.103203, 21.27042 ], [ 72.102082, 21.270691 ], [ 72.09903, 21.26541 ], [ 72.103203, 21.27042 ] ] ], [ [ [ 72.255981, 21.7566784 ], [ 72.25625, 21.754306 ], [ 72.2583398, 21.7512506 ], [ 72.255981, 21.7566784 ] ] ], [ [ [ 72.260414, 21.7462077 ], [ 72.260696, 21.745141 ], [ 72.261507, 21.7440392 ], [ 72.260414, 21.7462077 ] ] ], [ [ [ 72.255418, 21.757084 ], [ 72.2559135, 21.7568091 ], [ 72.255418, 21.7577678 ], [ 72.255418, 21.757084 ] ] ], [ [ [ 72.254303, 21.759311 ], [ 72.2547762, 21.759042 ], [ 72.254303, 21.7599921 ], [ 72.254303, 21.759311 ] ] ], [ [ [ 72.261585899999972, 21.7438826 ], [ 72.261528, 21.743471 ], [ 72.2617924, 21.743472900000011 ], [ 72.261585899999972, 21.7438826 ] ] ], [ [ [ 72.249477199999973, 21.7740638 ], [ 72.249305, 21.774027 ], [ 72.249494099999964, 21.774027 ], [ 72.249477199999973, 21.7740638 ] ] ], [ [ [ 72.249581, 21.773471 ], [ 72.2497484, 21.773471 ], [ 72.249581, 21.773837 ], [ 72.249581, 21.773471 ] ] ], [ [ [ 72.261804, 21.743195 ], [ 72.2619325, 21.743195 ], [ 72.261804, 21.7434499 ], [ 72.261804, 21.743195 ] ] ], [ [ [ 72.249032, 21.774861 ], [ 72.2490939, 21.774861 ], [ 72.249032, 21.7749896 ], [ 72.249032, 21.774861 ] ] ], [ [ [ 72.254859, 21.75875 ], [ 72.254921599999989, 21.75875 ], [ 72.254859, 21.7588758 ], [ 72.254859, 21.75875 ] ] ], [ [ [ 72.255142, 21.758189 ], [ 72.2552005, 21.7581901 ], [ 72.255142, 21.7583076 ], [ 72.255142, 21.758189 ] ] ], [ [ [ 72.263192, 21.74069 ], [ 72.263195, 21.7406901 ], [ 72.263192, 21.740696 ], [ 72.263192, 21.74069 ] ] ] ] } },
{ "type": "Feature", "properties": { "FEATURE_ID": "AESR_15_3_P01", "AESR_UID": "AESR_15_3", "aesr_code": "15.3", "PART_NO": 1, "NPARTS": 2, "aer_code": 15, "subregion": "Teesta lower Brahmaputra Plain and Barak Valley", "SOIL_GRP": "Alluvial", "CLIM_STD": "Perhumid", "LGP_ORDER": 9, "lgp_ref": "270 - 300 days", "AWC_REF": "Medium", "AREA_KM2": 7640.9047333512844 }, "geometry": { "type": "Polygon", "coordinates": [ [ [ 92.757753899999969, 25.1209662 ], [ 92.6665793, 25.1089131 ], [ 92.525191, 25.1377704 ], [ 92.543398599999989, 25.097313 ], [ 92.4848402, 25.1058688 ], [ 92.4637276, 25.0349634 ], [ 92.42534449999998, 25.0295204 ], [ 92.419866899999988, 24.9802166 ], [ 92.465874899999989, 24.9625175 ], [ 92.455028399999989, 24.9422592 ], [ 92.488701800000015, 24.9423281 ], [ 92.4977654, 24.8679189 ], [ 92.457359900000014, 24.8757878 ], [ 92.438011199999977, 24.8595869 ], [ 92.396053399999985, 24.8550645 ], [ 92.307658, 24.9162496 ], [ 92.243640099999979, 24.903945 ], [ 92.253434399999975, 24.8814814 ], [ 92.2369884, 24.8610203 ], [ 92.247490699999986, 24.8330546 ], [ 92.2717556, 24.8287062 ], [ 92.2830873, 24.7871938 ], [ 92.2658329, 24.7741382 ], [ 92.2660696, 24.7124447 ], [ 92.226173799999984, 24.679983 ], [ 92.24005529999998, 24.6439898 ], [ 92.2215416, 24.605275 ], [ 92.2334168, 24.501714 ], [ 92.158807299999978, 24.5246572 ], [ 92.1717991, 24.4215631 ], [ 92.1392521, 24.4217027 ], [ 92.1241668, 24.3821783 ], [ 92.058040799999986, 24.3752975 ], [ 92.0058783, 24.3930326 ], [ 91.9745885, 24.3827631 ], [ 91.998566900000014, 24.3279657 ], [ 91.9623184, 24.3579504 ], [ 91.927933899999985, 24.3390766 ], [ 91.944697099999985, 24.2746835 ], [ 91.9308621, 24.2179854 ], [ 92.212817499999986, 24.2476354 ], [ 92.4220793, 24.2510772 ], [ 92.4186262, 24.1923438 ], [ 92.436162, 24.1503936 ], [ 92.4655052, 24.1326687 ], [ 92.4854201, 24.1600703 ], [ 92.529159799999988, 24.1725943 ], [ 92.550189699999962, 24.2436383 ], [ 92.61107029999998, 24.2509717 ], [ 92.6238155, 24.3302552 ], [ 92.648536899999982, 24.3262976 ], [ 92.6901561, 24.3522627 ], [ 92.7647482, 24.5181638 ], [ 92.800208799999979, 24.416299 ], [ 92.8307086, 24.3976934 ], [ 92.8283214, 24.3749666 ], [ 92.8622158, 24.3966225 ], [ 92.904438399999989, 24.3914958 ], [ 92.9108127, 24.409938600000011 ], [ 92.934935, 24.3925317 ], [ 93.038267499999989, 24.4079045 ], [ 93.047681299999979, 24.4722417 ], [ 93.0349616, 24.4937359 ], [ 93.071915199999978, 24.5578002 ], [ 93.060378499999985, 24.5715774 ], [ 93.106188099999983, 24.580209 ], [ 93.0746929, 24.5929466 ], [ 93.1040274, 24.671998 ], [ 93.075244799999979, 24.7071158 ], [ 93.088137199999977, 24.7058828 ], [ 93.1066243, 24.7385666 ], [ 93.1092377, 24.8064085 ], [ 93.122101199999989, 24.8164801 ], [ 93.1523259, 24.786365 ], [ 93.1924221, 24.8027317 ], [ 93.196602299999981, 24.8529954 ], [ 93.228486, 24.8737454 ], [ 93.238409, 24.9114634 ], [ 93.252676, 24.9152348 ], [ 93.239425599999976, 24.9352823 ], [ 93.26269880000001, 24.9627772 ], [ 93.213941, 24.9859443 ], [ 93.091051, 24.9915378 ], [ 93.0491807, 25.0415625 ], [ 93.046851799999985, 25.0845642 ], [ 93.0225415, 25.0964018 ], [ 92.8416406, 25.060205 ], [ 92.757753899999969, 25.1209662 ] ] ] } },
{ "type": "Feature", "properties": { "FEATURE_ID": "AESR_13_2_P01", "AESR_UID": "AESR_13_2", "aesr_code": "13.2", "PART_NO": 1, "NPARTS": 1, "aer_code": 13, "subregion": "Foothills of Central Himalayas", "SOIL_GRP": "Tarai", "CLIM_STD": "Moist subhumid", "LGP_ORDER": 6, "lgp_ref": "180-210 days", "AWC_REF": "High", "AREA_KM2": 19561.716007572588 }, "geometry": { "type": "Polygon", "coordinates": [ [ [ 84.092094299999985, 26.612381 ], [ 84.0910935, 26.640167 ], [ 84.1136232, 26.6299914 ], [ 84.161325499999975, 26.6358803 ], [ 84.1578293, 26.625122 ], [ 84.281436399999976, 26.5968478 ], [ 84.311886899999976, 26.6149698 ], [ 84.4236023, 26.6247596 ], [ 84.411484699999988, 26.6687602 ], [ 84.334936799999966, 26.681737199999986 ], [ 84.3073944, 26.750672 ], [ 84.2567405, 26.7266653 ], [ 84.2433506, 26.7368986 ], [ 84.234004799999965, 26.7544404 ], [ 84.2617345, 26.8060067 ], [ 84.250609299999979, 26.8597263 ], [ 84.2187322, 26.8682429 ], [ 84.1784241, 26.8317705 ], [ 84.141164299999971, 26.8528916 ], [ 84.1504004, 26.8847794 ], [ 84.110206099999985, 26.897995 ], [ 84.0995893, 26.8743134 ], [ 84.0615941, 26.8888205 ], [ 84.0572819, 26.9289251 ], [ 84.034552499999975, 26.939787600000013 ], [ 84.056324699999962, 26.9590137 ], [ 84.0461172, 26.9810815 ], [ 84.059217899999979, 26.987861700000011 ], [ 84.04018, 27.0088502 ], [ 84.0505779, 27.041697 ], [ 84.0005601, 27.0655519 ], [ 84.0305354, 27.092451 ], [ 84.02147, 27.1018366 ], [ 83.964778799999962, 27.083045700000014 ], [ 83.9492652, 27.0898954 ], [ 83.9608017, 27.1377725 ], [ 83.995037599999989, 27.1786503 ], [ 83.9644664, 27.2318739 ], [ 83.908005, 27.2562124 ], [ 83.9336881, 27.313195300000011 ], [ 83.91814909999998, 27.327132 ], [ 83.8691959, 27.3083927 ], [ 83.8407263, 27.3180468 ], [ 83.866561699999977, 27.3449053 ], [ 83.8233491, 27.3749731 ], [ 83.6098384, 27.469935 ], [ 83.4021026, 27.4779605 ], [ 83.390962499999986, 27.4284808 ], [ 83.4058595, 27.3985523 ], [ 83.3911463, 27.3726793 ], [ 83.3575992, 27.3399543 ], [ 83.311835599999981, 27.3291567 ], [ 83.2786656, 27.3465779 ], [ 83.272412599999981, 27.3806088 ], [ 83.184166799999986, 27.4528625 ], [ 83.0230247, 27.4525925 ], [ 82.95010809999998, 27.4722586 ], [ 82.925656499999988, 27.5004785 ], [ 82.741713, 27.5007546 ], [ 82.755002399999967, 27.5832508 ], [ 82.7378312, 27.6122422 ], [ 82.7441585, 27.6315547 ], [ 82.71609, 27.6620994 ], [ 82.7137669, 27.72832360000001 ], [ 82.555571799999981, 27.6865776 ], [ 82.4585704, 27.6761811 ], [ 82.2072098, 27.8456875 ], [ 82.126002799999981, 27.8656888 ], [ 82.073771599999986, 27.923956 ], [ 81.9713406, 27.9294541 ], [ 81.9273703, 27.8768331 ], [ 81.9281768, 27.8587361 ], [ 81.8905785, 27.8575772 ], [ 81.806814399999979, 27.9020878 ], [ 81.700329099999976, 27.9887721 ], [ 81.632871, 28.0027297 ], [ 81.481886399999979, 28.0811712 ], [ 81.484152699999981, 28.1140066 ], [ 81.4291712, 28.1710256 ], [ 81.3813254, 28.1731329 ], [ 81.3794535, 28.1452848 ], [ 81.3195949, 28.1353832 ], [ 81.328696800000017, 28.1569391 ], [ 81.3072791, 28.1640701 ], [ 81.3273567, 28.1709397 ], [ 81.3204242, 28.2018163 ], [ 81.240422099999989, 28.280944 ], [ 81.235641299999983, 28.330021 ], [ 81.2156783, 28.3574805 ], [ 81.1033478, 28.3777524 ], [ 81.043774300000024, 28.4121652 ], [ 81.0371309, 28.4002064 ], [ 81.0222619, 28.4131534 ], [ 81.0397883, 28.4298133 ], [ 81.01657, 28.4332984 ], [ 81.0138584, 28.4480056 ], [ 80.9721929, 28.4346166 ], [ 80.9783699, 28.4508653 ], [ 80.9393218, 28.451045 ], [ 80.9423072, 28.4662032 ], [ 80.928879099999989, 28.4543956 ], [ 80.9057185, 28.4590018 ], [ 80.90861049999998, 28.4949694 ], [ 80.879025599999977, 28.507296 ], [ 80.8659293, 28.4921837 ], [ 80.845034, 28.4967959 ], [ 80.7871112, 28.5245238 ], [ 80.7713634, 28.5652548 ], [ 80.7026626, 28.5753511 ], [ 80.6688629, 28.6398263 ], [ 80.59410219999998, 28.6460565 ], [ 80.5825983, 28.6835899 ], [ 80.5460299, 28.689511 ], [ 80.5086683, 28.6657919 ], [ 80.533112199999977, 28.568609 ], [ 80.522759799999989, 28.5575524 ], [ 80.471914, 28.5880703 ], [ 80.4657385, 28.6201755 ], [ 80.4383667, 28.6373553 ], [ 80.369269399999979, 28.6351681 ], [ 80.332454, 28.6666915 ], [ 80.32293, 28.6965423 ], [ 80.2622397, 28.7247317 ], [ 80.266271899999978, 28.7503808 ], [ 80.2106922, 28.7599233 ], [ 80.133388599999989, 28.8221436 ], [ 80.070348, 28.829226 ], [ 80.037542800000011, 28.7938047 ], [ 80.052297799999977, 28.777074 ], [ 80.0452585, 28.7553328 ], [ 80.0146155, 28.7209016 ], [ 79.979546899999988, 28.7095561 ], [ 79.934116599999982, 28.7266482 ], [ 79.9007214, 28.7797066 ], [ 79.913107399999973, 28.7960551 ], [ 79.8790831, 28.7903796 ], [ 79.852335199999985, 28.8025855 ], [ 79.8580417, 28.8152268 ], [ 79.887456399999976, 28.81227 ], [ 79.8659145, 28.8382127 ], [ 79.8363142, 28.8387124 ], [ 79.8277077, 28.8061784 ], [ 79.7951335, 28.79934050000001 ], [ 79.820500099999975, 28.8567407 ], [ 79.786346299999977, 28.8857414 ], [ 79.72404419999998, 28.8745885 ], [ 79.6779953, 28.8422271 ], [ 79.624994500000014, 28.8624741 ], [ 79.745470900000015, 28.7144133 ], [ 80.112711899999979, 28.5034484 ], [ 80.3309548, 28.4303258 ], [ 80.4375119, 28.2771225 ], [ 80.781734, 28.0608903 ], [ 80.912406, 27.9581769 ], [ 80.944287, 28.0138584 ], [ 81.176799, 28.0001601 ], [ 81.720065399999982, 27.703648599999987 ], [ 82.1977869, 27.3088076 ], [ 82.366259199999988, 27.221265700000011 ], [ 82.8324336, 27.0858955 ], [ 83.030080899999987, 27.1126171 ], [ 83.2407722, 27.1145013 ], [ 83.368347500000013, 27.0570945 ], [ 83.5197256, 26.8834882 ], [ 83.639989899999989, 26.8199199 ], [ 83.9079791, 26.7161401 ], [ 84.092094299999985, 26.612381 ] ] ] } },
{ "type": "Feature", "properties": { "FEATURE_ID": "AESR_13_1_P01", "AESR_UID": "AESR_13_1", "aesr_code": "13.1", "PART_NO": 1, "NPARTS": 1, "aer_code": 13, "subregion": "North Bihar and Avadh Plains", "SOIL_GRP": "Alluvial", "CLIM_STD": "Dry subhumid to Moist subhumid", "LGP_ORDER": 6, "lgp_ref": "180-210 days", "AWC_REF": "Low to Medium", "AREA_KM2": 85647.133748111082 }, "geometry": { "type": "Polygon", "coordinates": [ [ [ 82.1977869, 27.3088076 ], [ 81.720065399999982, 27.703648599999987 ], [ 81.52332509999998, 27.8028596 ], [ 81.380892299999971, 27.8952733 ], [ 81.176799, 28.0001601 ], [ 80.944287, 28.0138584 ], [ 80.912406, 27.9581769 ], [ 81.071314, 27.8259975 ], [ 81.258842099999981, 27.7225681 ], [ 81.2951001, 27.6639547 ], [ 81.318398, 27.5434616 ], [ 81.402125199999986, 27.3494923 ], [ 81.424684899999988, 27.1778815 ], [ 81.4847351, 27.082490499999988 ], [ 81.8115852, 26.8565219 ], [ 81.9651779, 26.7926442 ], [ 82.0671657, 26.8132285 ], [ 82.193079, 26.8042222 ], [ 82.224832599999985, 26.7599857 ], [ 82.3252259, 26.6928413 ], [ 82.4422441, 26.6509168 ], [ 82.8058902, 26.5645294 ], [ 83.0744563, 26.4244179 ], [ 83.22809, 26.4067199 ], [ 83.3915916, 26.3046781 ], [ 83.5481661, 26.253732 ], [ 83.7388028, 26.2638926 ], [ 83.7907635, 26.2407298 ], [ 83.8612702, 26.162311099999989 ], [ 83.9485353, 26.1053444 ], [ 84.0998388, 26.0942727 ], [ 84.1760004, 26.0233262 ], [ 84.1749273, 25.989376 ], [ 84.210499599999977, 25.9984569 ], [ 84.3049261, 25.9450053 ], [ 84.359977, 25.9573837 ], [ 84.4168291, 25.9294684 ], [ 84.431811299999978, 25.8905763 ], [ 84.537083599999988, 25.8760047 ], [ 84.548978499999976, 25.8604119 ], [ 84.5284337, 25.8594135 ], [ 84.535386899999963, 25.8326276 ], [ 84.5649442, 25.8358327 ], [ 84.6285705, 25.7924951 ], [ 84.6290695, 25.7708023 ], [ 84.6184574, 25.7756936 ], [ 84.6088563, 25.7590557 ], [ 84.6306264, 25.7457676 ], [ 84.6324738, 25.7263725 ], [ 84.752102299999976, 25.691455399999988 ], [ 84.819665599999979, 25.6864519 ], [ 84.9045691, 25.7130293 ], [ 85.0196152, 25.7254359 ], [ 85.059616, 25.7168308 ], [ 85.087982299999979, 25.699826 ], [ 85.121203600000015, 25.6431876 ], [ 85.243652599999976, 25.6010946 ], [ 85.3114727, 25.5154737 ], [ 85.4371243, 25.4497004 ], [ 85.5534881, 25.4221831 ], [ 85.614836499999967, 25.3892675 ], [ 85.7131032, 25.2467569 ], [ 85.7225789, 25.2069224 ], [ 85.6959102, 25.1494095 ], [ 85.707052699999977, 25.110975 ], [ 85.758105, 25.1032328 ], [ 85.7763192, 25.0440526 ], [ 85.825285599999987, 24.9910246 ], [ 85.8358445, 24.9408971 ], [ 85.914286800000013, 24.8677039 ], [ 86.044373, 24.8041527 ], [ 86.0596215, 24.7680746 ], [ 86.0458048, 24.7417007 ], [ 86.0699175, 24.752054 ], [ 86.1159803, 24.7326687 ], [ 86.1402281, 24.6760153 ], [ 86.124856, 24.6424286 ], [ 86.1398634, 24.6041209 ], [ 86.172195299999984, 24.5843014 ], [ 86.2014526, 24.5857987 ], [ 86.22223, 24.5918085 ], [ 86.2239104, 24.6123878 ], [ 86.270596400000017, 24.5765193 ], [ 86.3292712, 24.584791700000011 ], [ 86.310468499999985, 24.559012 ], [ 86.3188102, 24.5092531 ], [ 86.2855215, 24.4628148 ], [ 86.3258261, 24.4410254 ], [ 86.3570281, 24.4445757 ], [ 86.4218172, 24.3801818 ], [ 86.452514400000013, 24.3694391 ], [ 86.471866899999981, 24.3859872 ], [ 86.4720404, 24.4228324 ], [ 86.494779799999975, 24.4259549 ], [ 86.5119676, 24.5185549 ], [ 86.5297681, 24.5365861 ], [ 86.552909699999987, 24.535893 ], [ 86.6091428, 24.6058663 ], [ 86.6745432, 24.561519 ], [ 86.7376782, 24.5766887 ], [ 86.756966899999981, 24.6188321 ], [ 86.783204, 24.620617 ], [ 86.8118246, 24.5953956 ], [ 86.8063129, 24.5655231 ], [ 86.8430644, 24.5692082 ], [ 86.860609099999976, 24.5514191 ], [ 86.8823789, 24.5682715 ], [ 86.9171119, 24.5396646 ], [ 86.9040436, 24.5874741 ], [ 86.940099299999972, 24.6274316 ], [ 86.9360753, 24.6437108 ], [ 87.016085499999988, 24.6072127 ], [ 87.030232500000011, 24.6220553 ], [ 87.0563195, 24.6077321 ], [ 87.0605997, 24.671504 ], [ 87.1026285, 24.8022698 ], [ 87.083287099999978, 24.8091282 ], [ 87.0845421, 24.8230066 ], [ 87.120452699999987, 24.8562751 ], [ 87.1569128, 24.8591699 ], [ 87.164072100000013, 24.8863481 ], [ 87.152845399999975, 25.0248924 ], [ 87.217419499999977, 25.0901417 ], [ 87.2399269, 25.0863676 ], [ 87.2566288, 25.1063894 ], [ 87.2971249, 25.0898359 ], [ 87.3295522, 25.2235494 ], [ 87.3759308, 25.2055396 ], [ 87.397817, 25.2279912 ], [ 87.478092, 25.1951948 ], [ 87.47862, 25.241366 ], [ 87.501691899999983, 25.262951299999987 ], [ 87.4875095, 25.2956148 ], [ 87.49608689999998, 25.3056366 ], [ 87.545687, 25.2820931 ], [ 87.5534374, 25.3313748 ], [ 87.586047399999984, 25.3488184 ], [ 87.5871177, 25.328468 ], [ 87.6127894, 25.311844 ], [ 87.6899862, 25.310604 ], [ 87.71356609999998, 25.2569379 ], [ 87.789015699999979, 25.2467383 ], [ 87.7932768, 25.2210696 ], [ 87.8422645, 25.1998606 ], [ 87.828426499999978, 25.2349129 ], [ 87.854903, 25.2539898 ], [ 87.8606871, 25.2900616 ], [ 87.789754199999976, 25.3329141 ], [ 87.794638799999987, 25.3727025 ], [ 87.7715319, 25.3784379 ], [ 87.764963599999987, 25.4054612 ], [ 87.787222899999975, 25.445045 ], [ 87.8145148, 25.4345917 ], [ 87.839682399999987, 25.464958 ], [ 87.869304099999979, 25.4657828 ], [ 87.885087, 25.5163288 ], [ 87.904821499999983, 25.5046819 ], [ 87.931882299999984, 25.5365644 ], [ 87.9614338, 25.5384153 ], [ 87.9934181, 25.5243235 ], [ 87.9985212, 25.4982509 ], [ 88.009964399999987, 25.4944453 ], [ 88.013229, 25.5107803 ], [ 88.0332526, 25.4865502 ], [ 88.0760807, 25.4809168 ], [ 88.074541499999981, 25.5134498 ], [ 88.0414482, 25.5371093 ], [ 88.0268398, 25.5872739 ], [ 88.060122599999985, 25.6331702 ], [ 88.0413867, 25.6371329 ], [ 88.0543722, 25.6442076 ], [ 88.054514599999976, 25.6908379 ], [ 88.0220769, 25.6919818 ], [ 87.993755799999988, 25.7239052 ], [ 87.9669895, 25.7249066 ], [ 87.938458299999979, 25.7715159 ], [ 87.9045653, 25.7699527 ], [ 87.901156299999982, 25.8048585 ], [ 87.9166401, 25.8149648 ], [ 87.8895629, 25.8287644 ], [ 87.9170763, 25.8518862 ], [ 87.829095, 25.8715726 ], [ 87.809910699999989, 25.9207846 ], [ 87.836249200000012, 25.9355094 ], [ 87.848534799999982, 26.0444754 ], [ 87.9193454, 26.0909654 ], [ 87.937513599999988, 26.068958 ], [ 87.944253599999968, 26.0844778 ], [ 87.974494099999987, 26.081367 ], [ 87.960804499999981, 26.10278610000001 ], [ 87.9820176, 26.1216234 ], [ 87.963549899999975, 26.1288428 ], [ 87.9773715, 26.137125 ], [ 87.9705066, 26.1519426 ], [ 87.988531899999984, 26.159152 ], [ 88.019449599999973, 26.140864 ], [ 88.0438281, 26.1776736 ], [ 88.076199300000013, 26.1757015 ], [ 88.1182647, 26.2261741 ], [ 88.14517570000001, 26.2307888 ], [ 88.1508475, 26.2527636 ], [ 88.2206304, 26.2816491 ], [ 88.254586199999963, 26.3264861 ], [ 88.2826402, 26.33244119999998 ], [ 88.2982965, 26.353853 ], [ 88.2740237, 26.3810865 ], [ 88.2440626, 26.3752993 ], [ 88.236927199999982, 26.3938677 ], [ 88.2744011, 26.4216568 ], [ 88.249920599999982, 26.4491944 ], [ 88.2355277, 26.4470373 ], [ 88.221912499999988, 26.4656038 ], [ 88.2328119, 26.476118 ], [ 88.200372399999978, 26.4718894 ], [ 88.185677699999985, 26.4904257 ], [ 88.2399842, 26.5322271 ], [ 88.2220794, 26.5571113 ], [ 88.2212299, 26.5354384 ], [ 88.1924386, 26.5439727 ], [ 88.152087699999981, 26.5108118 ], [ 88.1052884, 26.5329891 ], [ 88.103426399999989, 26.4461412 ], [ 88.0333851, 26.3772576 ], [ 88.031185100000016, 26.3554486 ], [ 87.9993202, 26.36276770000001 ], [ 87.9932897, 26.3930774 ], [ 87.9294115, 26.4185097 ], [ 87.926785, 26.4458735 ], [ 87.900675299999975, 26.4488485 ], [ 87.911370800000014, 26.4584545 ], [ 87.891393599999986, 26.4861496 ], [ 87.850524400000012, 26.43562720000001 ], [ 87.7892111, 26.4678245 ], [ 87.766604199999989, 26.4090106 ], [ 87.740297699999985, 26.418725499999987 ], [ 87.7356127, 26.4075905 ], [ 87.679129, 26.4355265 ], [ 87.652826499999989, 26.3928053 ], [ 87.609366299999976, 26.3810414 ], [ 87.5496896, 26.4186191 ], [ 87.4628817, 26.4396787 ], [ 87.370157699999979, 26.4074158 ], [ 87.34116370000001, 26.3483096 ], [ 87.3136149, 26.3718584 ], [ 87.2667581, 26.3737356 ], [ 87.261875799999984, 26.4105169 ], [ 87.157509899999965, 26.4057334 ], [ 87.092456, 26.4521098 ], [ 87.0723724, 26.5864564 ], [ 87.045688599999977, 26.5872081 ], [ 87.015968099999967, 26.5337335 ], [ 86.940467, 26.5160414 ], [ 86.931896200000011, 26.4884843 ], [ 86.896383899999961, 26.4867389 ], [ 86.8967679, 26.4615562 ], [ 86.8428516, 26.4398771 ], [ 86.772834100000011, 26.458339 ], [ 86.7350981, 26.4244308 ], [ 86.572981099999978, 26.4978734 ], [ 86.5383251, 26.541335 ], [ 86.5010129, 26.5422031 ], [ 86.396414, 26.5946347 ], [ 86.343162, 26.6058907 ], [ 86.3456158, 26.6165338 ], [ 86.2564635, 26.6133219 ], [ 86.2216718, 26.5898266 ], [ 86.2011087, 26.5944667 ], [ 86.1945324, 26.6146048 ], [ 86.141208799999973, 26.6044897 ], [ 86.1393568, 26.6285863 ], [ 86.0301843, 26.666406799999987 ], [ 85.9600679, 26.6518917 ], [ 85.944493799999961, 26.6156078 ], [ 85.8524623, 26.5683679 ], [ 85.852145299999975, 26.6083483 ], [ 85.818224799999982, 26.603169099999988 ], [ 85.8022472, 26.6251741 ], [ 85.737266, 26.6503635 ], [ 85.724063, 26.6810322 ], [ 85.735432, 26.7383587 ], [ 85.726377700000015, 26.8166812 ], [ 85.643234, 26.8530747 ], [ 85.637156699999977, 26.87228850000001 ], [ 85.5883323, 26.8482528 ], [ 85.5763281, 26.8595873 ], [ 85.5673283, 26.8407917 ], [ 85.4587248, 26.7820525 ], [ 85.4094362, 26.7908949 ], [ 85.3367916, 26.7414051 ], [ 85.213383, 26.7584089 ], [ 85.180107199999981, 26.8093093 ], [ 85.1956235, 26.8689651 ], [ 85.110392, 26.871541 ], [ 85.0871707, 26.8540751 ], [ 85.034067, 26.8531049 ], [ 85.032898399999979, 26.8744897 ], [ 85.058790499999986, 26.8845821 ], [ 85.010815600000015, 26.8943716 ], [ 85.001692800000015, 26.9157052 ], [ 84.9714633, 26.9201878 ], [ 84.981255699999977, 26.9409197 ], [ 84.9616498, 26.9628069 ], [ 84.9009505, 26.9732793 ], [ 84.8289964, 27.0208188 ], [ 84.7973027, 26.996642799999986 ], [ 84.7775466, 27.0180491 ], [ 84.763222399999989, 27.000153 ], [ 84.6461699, 27.04667 ], [ 84.678313899999978, 27.1025572 ], [ 84.6914413, 27.2233209 ], [ 84.6261741, 27.3365077 ], [ 84.2942074, 27.3845645 ], [ 84.2551458, 27.4496921 ], [ 84.2184908, 27.4395767 ], [ 84.211085, 27.4674597 ], [ 84.151246599999979, 27.4907814 ], [ 84.154249099999973, 27.5186156 ], [ 84.129074899999978, 27.510797 ], [ 84.111193, 27.521290499999989 ], [ 84.053492, 27.4431959 ], [ 84.029947299999975, 27.4361973 ], [ 83.935981699999985, 27.4488437 ], [ 83.8743408, 27.4348581 ], [ 83.8508792, 27.4459698 ], [ 83.8370662, 27.4219355 ], [ 83.8859147, 27.370884699999984 ], [ 83.8390916, 27.3194517 ], [ 83.86476709999998, 27.3079406 ], [ 83.91814909999998, 27.327132 ], [ 83.9336881, 27.313195300000011 ], [ 83.908005, 27.2562124 ], [ 83.9644664, 27.2318739 ], [ 83.995037599999989, 27.1786503 ], [ 83.9608017, 27.1377725 ], [ 83.9492652, 27.0898954 ], [ 83.964778799999962, 27.083045700000014 ], [ 84.02147, 27.1018366 ], [ 84.0305354, 27.092451 ], [ 84.0005601, 27.0655519 ], [ 84.0505779, 27.041697 ], [ 84.04018, 27.0088502 ], [ 84.059217899999979, 26.987861700000011 ], [ 84.0461172, 26.9810815 ], [ 84.056324699999962, 26.9590137 ], [ 84.034552499999975, 26.939787600000013 ], [ 84.0572819, 26.9289251 ], [ 84.0615941, 26.8888205 ], [ 84.0995893, 26.8743134 ], [ 84.110206099999985, 26.897995 ], [ 84.1504004, 26.8847794 ], [ 84.141164299999971, 26.8528916 ], [ 84.1784241, 26.8317705 ], [ 84.2187322, 26.8682429 ], [ 84.250609299999979, 26.8597263 ], [ 84.2617345, 26.8060067 ], [ 84.234004799999965, 26.7544404 ], [ 84.2433506, 26.7368986 ], [ 84.2567405, 26.7266653 ], [ 84.3073944, 26.750672 ], [ 84.334936799999966, 26.681737199999986 ], [ 84.411484699999988, 26.6687602 ], [ 84.4236023, 26.6247596 ], [ 84.311886899999976, 26.6149698 ], [ 84.281436399999976, 26.5968478 ], [ 84.1578293, 26.625122 ], [ 84.161325499999975, 26.6358803 ], [ 84.1136232, 26.6299914 ], [ 84.0910935, 26.640167 ], [ 84.0927072, 26.6109556 ], [ 83.9079791, 26.7161401 ], [ 83.639989899999989, 26.8199199 ], [ 83.5197256, 26.8834882 ], [ 83.368347500000013, 27.0570945 ], [ 83.2407722, 27.1145013 ], [ 83.030080899999987, 27.1126171 ], [ 82.8324336, 27.0858955 ], [ 82.366259199999988, 27.221265700000011 ], [ 82.1977869, 27.3088076 ] ] ] } },
{ "type": "Feature", "properties": { "FEATURE_ID": "AESR_05_1_P01", "AESR_UID": "AESR_05_1", "aesr_code": "5.1", "PART_NO": 1, "NPARTS": 1, "aer_code": 5, "subregion": "Central Kathiawar Peninsula", "SOIL_GRP": "Black", "CLIM_STD": "Dry semi-arid", "LGP_ORDER": 3, "lgp_ref": "90-120 days", "AWC_REF": "Medium", "AREA_KM2": 23276.673918493569 }, "geometry": { "type": "MultiPolygon", "coordinates": [ [ [ [ 72.1273451, 22.4957357 ], [ 71.5046251, 22.1985412 ], [ 71.314925599999981, 22.1548137 ], [ 71.213153, 22.1489279 ], [ 71.0535235, 22.28034 ], [ 70.897948099999979, 22.1986002 ], [ 70.6860499, 22.0453345 ], [ 70.5839657, 22.0084882 ], [ 70.4114885, 22.0403434 ], [ 70.2495102, 22.0177565 ], [ 70.177111, 21.8482741 ], [ 70.0005219, 21.7634181 ], [ 69.877015499999985, 21.7551653 ], [ 69.7256482, 21.802395 ], [ 70.0827893, 21.3746543 ], [ 70.2335022, 21.2747158 ], [ 70.394723199999987, 21.2058202 ], [ 70.8109503, 21.1129689 ], [ 71.286494, 21.1444022 ], [ 71.458364, 21.200013 ], [ 71.8667985, 21.4818014 ], [ 72.052733099999969, 21.6929407 ], [ 72.147089, 21.9554195 ], [ 72.1609745, 21.9606915 ], [ 72.146532099999988, 21.9834728 ], [ 72.190698599999976, 21.9423618 ], [ 72.221254299999984, 21.9565296 ], [ 72.230974199999977, 22.0076427 ], [ 72.2137394, 21.9990292 ], [ 72.2004185, 22.0043049 ], [ 72.1798611, 22.0190296 ], [ 72.1723652, 22.0415325 ], [ 72.185968399999979, 22.0195827 ], [ 72.2326374, 22.0176411 ], [ 72.2331943, 22.0537548 ], [ 72.2781925, 22.0804195 ], [ 72.265417099999979, 22.1054211 ], [ 72.277360899999962, 22.0906963 ], [ 72.300142299999976, 22.1087513 ], [ 72.2979221, 22.0634708 ], [ 72.2865314, 22.0743046 ], [ 72.241533299999986, 22.0495853 ], [ 72.2606983, 22.0193119 ], [ 72.2631931, 21.9465313 ], [ 72.278474800000012, 21.9320812 ], [ 72.2709827, 21.9676418 ], [ 72.3237553, 22.130136500000013 ], [ 72.3104191, 22.1445827 ], [ 72.3126392, 22.1806965 ], [ 72.300142299999976, 22.1859684 ], [ 72.2943058, 22.202364 ], [ 72.317644099999981, 22.1806965 ], [ 72.3162441, 22.1465321 ], [ 72.3434925, 22.1248608 ], [ 72.357645, 22.1929226 ], [ 72.375970799999976, 22.1498623 ], [ 72.391527199999985, 22.1679173 ], [ 72.3620777, 22.2051411 ], [ 72.360139799999985, 22.2251415 ], [ 72.3709736, 22.245142 ], [ 72.3562489, 22.2712498 ], [ 72.3798618, 22.2573605 ], [ 72.3773594, 22.2262516 ], [ 72.3926411, 22.2131939 ], [ 72.3995838, 22.1993084 ], [ 72.4165287, 22.2273617 ], [ 72.4140263, 22.2970867 ], [ 72.3831882, 22.29986 ], [ 72.3723621, 22.3165264 ], [ 72.4040317, 22.3532009 ], [ 72.38237190000001, 22.3754215 ], [ 72.360685300000014, 22.3720799 ], [ 72.376237899999978, 22.3848591 ], [ 72.370335099999963, 22.4992302 ], [ 72.1164467, 22.4805306 ], [ 72.1273451, 22.4957357 ] ] ], [ [ [ 72.369584, 22.235139 ], [ 72.363471, 22.214028 ], [ 72.376526, 22.203751 ], [ 72.368187, 22.224029 ], [ 72.369584, 22.235139 ] ] ], [ [ [ 72.387642, 22.210137 ], [ 72.388191, 22.214582 ], [ 72.382637, 22.215694 ], [ 72.387642, 22.210137 ] ] ], [ [ [ 72.216248, 22.003472 ], [ 72.210418, 22.003192 ], [ 72.214302, 22.001252 ], [ 72.216248, 22.003472 ] ] ] ] } },
{ "type": "Feature", "properties": { "FEATURE_ID": "AESR_09_2_P01", "AESR_UID": "AESR_09_2", "aesr_code": "9.2", "PART_NO": 1, "NPARTS": 1, "aer_code": 9, "subregion": "Rohilkhand Avadh and south Bihar Plains", "SOIL_GRP": "Alluvial", "CLIM_STD": "Dry subhumid", "LGP_ORDER": 5, "lgp_ref": "150-180 days", "AWC_REF": "Medium to High", "AREA_KM2": 78039.575920901319 }, "geometry": { "type": "Polygon", "coordinates": [ [ [ 79.058456799999988, 28.3555452 ], [ 79.1197577, 28.2247846 ], [ 79.1940122, 28.1887541 ], [ 79.3751038, 28.1482862 ], [ 79.9751714, 27.9212032 ], [ 80.051716, 27.8458875 ], [ 80.26153309999998, 27.5395079 ], [ 80.3317166, 27.2719876 ], [ 80.4291076, 27.1088476 ], [ 80.618631099999988, 26.9696024 ], [ 80.772982, 26.9105488 ], [ 80.929739099999978, 26.8294338 ], [ 81.091377799999989, 26.7091981 ], [ 81.2864785, 26.4498177 ], [ 81.4743836, 26.3362204 ], [ 81.559962699999986, 26.2672468 ], [ 81.607529099999979, 26.1864478 ], [ 81.706610200000014, 26.1318484 ], [ 81.8059172, 26.0990875 ], [ 82.300881599999983, 26.0390185 ], [ 82.469656300000011, 25.9877475 ], [ 82.8128811, 25.7944516 ], [ 83.03640369999998, 25.6928453 ], [ 83.0672955, 25.6362277 ], [ 83.085895, 25.5165243 ], [ 83.157185099999978, 25.4688152 ], [ 83.1765825, 25.3856068 ], [ 83.1565619, 25.3348649 ], [ 83.074440600000017, 25.2634416 ], [ 83.120735699999983, 25.1845668 ], [ 83.088698, 24.9659629 ], [ 83.1119875, 24.8241919 ], [ 83.14683949999997, 24.7211564 ], [ 83.4078874, 24.5048305 ], [ 83.517396199999979, 24.5263773 ], [ 83.724504, 24.5039855 ], [ 83.8023013, 24.5285103 ], [ 83.8758156, 24.5320061 ], [ 83.9407679, 24.5508895 ], [ 84.0, 24.6371248 ], [ 84.0544999, 24.6114612 ], [ 84.1174334, 24.480777 ], [ 84.147619, 24.5041636 ], [ 84.1537455, 24.5396248 ], [ 84.1720884, 24.5330676 ], [ 84.161298, 24.5170018 ], [ 84.186906199999981, 24.5098086 ], [ 84.1805595, 24.5464758 ], [ 84.1959633, 24.554663 ], [ 84.2251272, 24.5345669 ], [ 84.2426637, 24.5525728 ], [ 84.2647655, 24.5301855 ], [ 84.2877195, 24.5513388 ], [ 84.276883199999986, 24.5636547 ], [ 84.3050607, 24.5625634 ], [ 84.333924299999978, 24.5022348 ], [ 84.3017739, 24.4802767 ], [ 84.3007713, 24.450379 ], [ 84.337943099999976, 24.4307936 ], [ 84.322609899999975, 24.4230515 ], [ 84.3433851, 24.395485600000011 ], [ 84.389724700000016, 24.3893933 ], [ 84.4024179, 24.367526 ], [ 84.4300078, 24.3589236 ], [ 84.42488179999998, 24.3311567 ], [ 84.4619809, 24.3384588 ], [ 84.4693865, 24.3173973 ], [ 84.485140299999983, 24.3159274 ], [ 84.508231100000017, 24.3323879 ], [ 84.486483100000015, 24.3091466 ], [ 84.5009298, 24.2869471 ], [ 84.5328947, 24.3393416 ], [ 84.52894, 24.3760793 ], [ 84.573195, 24.3837821 ], [ 84.5799062, 24.4121562 ], [ 84.6656214, 24.393637 ], [ 84.6862944, 24.4561801 ], [ 84.787256, 24.504698 ], [ 84.802699, 24.5293295 ], [ 84.8399628, 24.5113601 ], [ 84.841697799999977, 24.4524765 ], [ 84.8547896, 24.465884 ], [ 84.887463599999975, 24.462779 ], [ 84.9052477, 24.3722242 ], [ 84.9757623, 24.376088 ], [ 84.9976034, 24.41233870000001 ], [ 85.0392834, 24.4254745 ], [ 85.060450199999977, 24.4152824 ], [ 85.0833423, 24.4400064 ], [ 85.072619300000014, 24.3869585 ], [ 85.096552899999978, 24.3794132 ], [ 85.122193599999989, 24.4092259 ], [ 85.1764837, 24.4296836 ], [ 85.1578046, 24.4630325 ], [ 85.2310398, 24.4713869 ], [ 85.2535972, 24.4954738 ], [ 85.289047200000013, 24.4974109 ], [ 85.2896067, 24.5268635 ], [ 85.4934652, 24.5510258 ], [ 85.5252579, 24.5248724 ], [ 85.543404099999975, 24.5363375 ], [ 85.543764099999976, 24.5655354 ], [ 85.5615637, 24.5564389 ], [ 85.575235300000017, 24.565498 ], [ 85.5697975, 24.5915514 ], [ 85.583528700000016, 24.6032799 ], [ 85.6223662, 24.5832508 ], [ 85.6715887, 24.5822799 ], [ 85.6790242, 24.619709 ], [ 85.6564985, 24.6872596 ], [ 85.7036021, 24.7136933 ], [ 85.7117424, 24.7689908 ], [ 85.743741899999989, 24.8227787 ], [ 85.7841906, 24.799125 ], [ 85.8175871, 24.7947016 ], [ 85.8341428, 24.809829 ], [ 85.8846722, 24.8005242 ], [ 85.9173484, 24.7539684 ], [ 85.9570938, 24.7324686 ], [ 86.057326799999984, 24.7798892 ], [ 86.044373, 24.8041527 ], [ 85.914286800000013, 24.8677039 ], [ 85.864804, 24.9076217 ], [ 85.8358445, 24.9408971 ], [ 85.825285599999987, 24.9910246 ], [ 85.7763192, 25.0440526 ], [ 85.758105, 25.1032328 ], [ 85.707052699999977, 25.110975 ], [ 85.6959102, 25.1494095 ], [ 85.7225789, 25.2069224 ], [ 85.7131032, 25.2467569 ], [ 85.614836499999967, 25.3892675 ], [ 85.5534881, 25.4221831 ], [ 85.4371243, 25.4497004 ], [ 85.3114727, 25.5154737 ], [ 85.243652599999976, 25.6010946 ], [ 85.121203600000015, 25.6431876 ], [ 85.087982299999979, 25.699826 ], [ 85.059616, 25.7168308 ], [ 85.0196152, 25.7254359 ], [ 84.9045691, 25.7130293 ], [ 84.819665599999979, 25.6864519 ], [ 84.752102299999976, 25.691455399999988 ], [ 84.6324738, 25.7263725 ], [ 84.6306264, 25.7457676 ], [ 84.6088563, 25.7590557 ], [ 84.6184574, 25.7756936 ], [ 84.6290695, 25.7708023 ], [ 84.6285705, 25.7924951 ], [ 84.5649442, 25.8358327 ], [ 84.535386899999963, 25.8326276 ], [ 84.5284337, 25.8594135 ], [ 84.548978499999976, 25.8604119 ], [ 84.537083599999988, 25.8760047 ], [ 84.431811299999978, 25.8905763 ], [ 84.4168291, 25.9294684 ], [ 84.359977, 25.9573837 ], [ 84.3049261, 25.9450053 ], [ 84.210499599999977, 25.9984569 ], [ 84.1749273, 25.989376 ], [ 84.1760004, 26.0233262 ], [ 84.0998388, 26.0942727 ], [ 83.9485353, 26.1053444 ], [ 83.8612702, 26.162311099999989 ], [ 83.7907635, 26.2407298 ], [ 83.7388028, 26.2638926 ], [ 83.5481661, 26.253732 ], [ 83.3915916, 26.3046781 ], [ 83.22809, 26.4067199 ], [ 83.0744563, 26.4244179 ], [ 82.8058902, 26.5645294 ], [ 82.4422441, 26.6509168 ], [ 82.3252259, 26.6928413 ], [ 82.224832599999985, 26.7599857 ], [ 82.193079, 26.8042222 ], [ 82.0671657, 26.8132285 ], [ 81.9651779, 26.7926442 ], [ 81.8115852, 26.8565219 ], [ 81.4847351, 27.082490499999988 ], [ 81.424684899999988, 27.1778815 ], [ 81.402125199999986, 27.3494923 ], [ 81.318398, 27.5434616 ], [ 81.2951001, 27.6639547 ], [ 81.258842099999981, 27.7225681 ], [ 81.071314, 27.8259975 ], [ 80.781734, 28.0608903 ], [ 80.4375119, 28.2771225 ], [ 80.3309548, 28.4303258 ], [ 80.112711899999979, 28.5034484 ], [ 79.745470900000015, 28.7144133 ], [ 79.624994500000014, 28.8624741 ], [ 79.56535759999997, 28.8389394 ], [ 79.5657637, 28.8724174 ], [ 79.548253499999987, 28.8864386 ], [ 79.5189873, 28.8571913 ], [ 79.418632700000018, 28.8549427 ], [ 79.3501029, 28.7402673 ], [ 79.2733926, 28.6768505 ], [ 79.1643312, 28.5282809 ], [ 79.0220394, 28.4497994 ], [ 78.9943503, 28.4046787 ], [ 79.058456799999988, 28.3555452 ] ] ] } },
{ "type": "Feature", "properties": { "FEATURE_ID": "AESR_04_4_P01", "AESR_UID": "AESR_04_4", "aesr_code": "4.4", "PART_NO": 1, "NPARTS": 1, "aer_code": 4, "subregion": "Madhya Bharat Plateau and Bundelkhand Uplands", "SOIL_GRP": "Mixed Red-Black", "CLIM_STD": "Moist semi-arid", "LGP_ORDER": 4, "lgp_ref": "120-150 days", "AWC_REF": "Medium to High", "AREA_KM2": 53489.895996660707 }, "geometry": { "type": "Polygon", "coordinates": [ [ [ 78.359887199999989, 26.8685353 ], [ 78.2905355, 26.8582661 ], [ 78.26928, 26.8151453 ], [ 78.2313704, 26.8313929 ], [ 78.175899, 26.8261427 ], [ 78.1844, 26.7856962 ], [ 78.1137653, 26.7949642 ], [ 78.1038861, 26.7660274 ], [ 78.124260599999985, 26.7488469 ], [ 78.0973015, 26.7323289 ], [ 78.093819, 26.6772996 ], [ 78.0002386, 26.6968992 ], [ 77.955841, 26.6593211 ], [ 77.902477299999987, 26.6564919 ], [ 77.887229499999989, 26.6145939 ], [ 77.8281791, 26.5941557 ], [ 77.8206898, 26.5491412 ], [ 77.7519643, 26.539607 ], [ 77.7215235, 26.4986274 ], [ 77.675202099999979, 26.5026974 ], [ 77.530131499999982, 26.4093593 ], [ 77.434873400000015, 26.4013964 ], [ 77.4395371, 26.3594962 ], [ 77.3732825, 26.366033 ], [ 77.341666299999986, 26.3517592 ], [ 77.2967932, 26.290155 ], [ 77.2097964, 26.2320104 ], [ 77.130646399999989, 26.2325824 ], [ 77.0982081, 26.1855499 ], [ 77.041175299999978, 26.1766262 ], [ 76.992361499999987, 26.1270811 ], [ 76.8939522, 26.0881149 ], [ 76.876523099999986, 26.051260900000013 ], [ 76.8364242, 26.0244274 ], [ 76.8430336, 25.9968699 ], [ 76.800668899999977, 25.9390887 ], [ 76.7617374, 25.9365864 ], [ 76.7682056, 25.9169606 ], [ 76.7390642, 25.8974719 ], [ 76.6517731, 25.9038159 ], [ 76.6321662, 25.8658406 ], [ 76.5907805, 25.862731 ], [ 76.534654600000025, 25.7930329 ], [ 76.5358921, 25.7290443 ], [ 76.487574299999977, 25.7132389 ], [ 76.4829207, 25.6901777 ], [ 76.5159564, 25.6679353 ], [ 76.504561, 25.643459299999989 ], [ 76.5198526, 25.6287924 ], [ 76.527599600000016, 25.5194175 ], [ 76.607492, 25.3841081 ], [ 76.6861005, 25.340583 ], [ 76.7718385, 25.3312954 ], [ 76.775191899999982, 25.3072656 ], [ 76.8481856, 25.3255723 ], [ 76.8984861, 25.3174261 ], [ 76.9471093, 25.2703771 ], [ 76.9640726, 25.2921789 ], [ 77.0296148, 25.2960822 ], [ 77.044808899999978, 25.3200203 ], [ 77.0637274, 25.3168836 ], [ 77.0810037, 25.3346381 ], [ 77.1591606, 25.3081804 ], [ 77.2108139, 25.3063497 ], [ 77.2038363, 25.325438 ], [ 77.220712100000014, 25.3194097 ], [ 77.2260011, 25.3683211 ], [ 77.288870599999981, 25.4184458 ], [ 77.3112202, 25.431253500000011 ], [ 77.3602995, 25.4188515 ], [ 77.350182, 25.3827783 ], [ 77.361947899999961, 25.362751 ], [ 77.342251199999978, 25.3204688 ], [ 77.3696284, 25.3278727 ], [ 77.3806505, 25.3007305 ], [ 77.3554619, 25.2666737 ], [ 77.4122207, 25.2212009 ], [ 77.423797499999978, 25.187955 ], [ 77.396458200000012, 25.183129 ], [ 77.4042355, 25.1082405 ], [ 77.392361, 25.1169304 ], [ 77.3108974, 25.0800021 ], [ 77.354282899999973, 24.9441368 ], [ 77.4255546, 24.8874842 ], [ 77.519467899999981, 24.8646604 ], [ 77.6253427, 24.9150454 ], [ 77.642423899999969, 24.8939919 ], [ 77.7293605, 24.8861594 ], [ 77.758759299999966, 24.9231285 ], [ 77.908042499999979, 24.9830743 ], [ 77.9619642, 24.9533465 ], [ 77.9800004, 24.8683263 ], [ 78.030381299999988, 24.8476625 ], [ 78.197904, 24.8347889 ], [ 78.2301877, 24.7781652 ], [ 78.2266821, 24.7425555 ], [ 78.2747441, 24.6623588 ], [ 78.26504079999998, 24.5535197 ], [ 78.2226449, 24.5269812 ], [ 78.2462729, 24.5049446 ], [ 78.2457213, 24.4848338 ], [ 78.2757273, 24.4715718 ], [ 78.272966, 24.4427848 ], [ 78.3670915, 24.3812673 ], [ 78.332067799999976, 24.3251392 ], [ 78.3884432, 24.269501899999987 ], [ 78.4409252, 24.2932312 ], [ 78.4464606, 24.3210747 ], [ 78.4740198, 24.3348898 ], [ 78.511661699999976, 24.3894677 ], [ 78.5847591, 24.3526441 ], [ 78.629145399999985, 24.3054699 ], [ 78.6280445, 24.2818926 ], [ 78.6607855, 24.2693997 ], [ 78.675460199999989, 24.2407035 ], [ 78.7052139, 24.2301805 ], [ 78.7386376, 24.2495183 ], [ 78.752292299999965, 24.2349856 ], [ 78.766718799999978, 24.2542009 ], [ 78.798104299999977, 24.1760232 ], [ 78.8199773, 24.2060524 ], [ 78.830711499999978, 24.1970822 ], [ 78.8853695, 24.2188413 ], [ 78.8856274, 24.2497681 ], [ 78.918293, 24.2722541 ], [ 78.9143559, 24.2969606 ], [ 78.9735569, 24.3493742 ], [ 78.99112839999998, 24.4370037 ], [ 78.951132899999976, 24.4388887 ], [ 78.9153, 24.4623607 ], [ 78.9076674, 24.4839435 ], [ 78.920543299999977, 24.4963938 ], [ 78.9374679, 24.4801258 ], [ 78.973174399999976, 24.4925389 ], [ 78.9509366, 24.5050776 ], [ 78.9514652, 24.5517357 ], [ 78.919950300000011, 24.5767936 ], [ 78.8885386, 24.6351431 ], [ 78.873344199999977, 24.6409235 ], [ 78.8591701, 24.6163842 ], [ 78.845814199999978, 24.6236556 ], [ 78.8376051, 24.6043404 ], [ 78.7835786, 24.5885325 ], [ 78.7561353, 24.6003988 ], [ 78.7467681, 24.6553417 ], [ 78.7791535, 24.6994897 ], [ 78.7713801, 24.7902797 ], [ 78.7873778, 24.8102477 ], [ 78.7713593, 24.8565962 ], [ 78.6752263, 24.8975805 ], [ 78.6605597, 24.939359 ], [ 78.6473366, 24.935499 ], [ 78.6288862, 24.9600266 ], [ 78.6488655, 25.0565441 ], [ 78.627260199999981, 25.0866286 ], [ 78.604089, 25.092891 ], [ 78.6006927, 25.1523751 ], [ 78.568507, 25.2223831 ], [ 78.5756095, 25.2535242 ], [ 78.503700099999989, 25.2887384 ], [ 78.460973, 25.2654859 ], [ 78.4343035, 25.2835399 ], [ 78.447567499999977, 25.2990187 ], [ 78.474047, 25.2878832 ], [ 78.499205199999977, 25.3186903 ], [ 78.507278899999989, 25.2990024 ], [ 78.5321322, 25.3014029 ], [ 78.5485277, 25.3214728 ], [ 78.532254899999984, 25.3578569 ], [ 78.5833395, 25.3467913 ], [ 78.568275500000013, 25.3905235 ], [ 78.5955137, 25.3869433 ], [ 78.6107166, 25.411896100000011 ], [ 78.635813299999981, 25.4012942 ], [ 78.6409328, 25.4328741 ], [ 78.659983900000015, 25.4388179 ], [ 78.6930719, 25.4426117 ], [ 78.708707799999985, 25.4236916 ], [ 78.676345, 25.3987228 ], [ 78.6637685, 25.4149625 ], [ 78.6651224, 25.3828314 ], [ 78.7162903, 25.3736213 ], [ 78.7208513, 25.3478739 ], [ 78.7716505, 25.3532944 ], [ 78.7669524, 25.3969383 ], [ 78.7488643, 25.393447599999988 ], [ 78.7504645, 25.4075505 ], [ 78.820302899999987, 25.4252913 ], [ 78.7968374, 25.4368697 ], [ 78.7624271, 25.4286902 ], [ 78.732009299999987, 25.4581288 ], [ 78.739139099999989, 25.4954457 ], [ 78.7639445, 25.4709687 ], [ 78.796944199999984, 25.4783291 ], [ 78.8373157, 25.460532 ], [ 78.8531908, 25.449246 ], [ 78.821279300000029, 25.4411556 ], [ 78.8416569, 25.4273206 ], [ 78.8646226, 25.461988299999987 ], [ 78.8358051, 25.5047926 ], [ 78.883532799999983, 25.519124 ], [ 78.876536099999981, 25.545958 ], [ 78.8886555, 25.554982 ], [ 78.9179456, 25.5541396 ], [ 78.9244084, 25.536106 ], [ 78.933264, 25.5547656 ], [ 78.949299599999989, 25.546253299999989 ], [ 78.9494789, 25.5259763 ], [ 78.9239371, 25.5155758 ], [ 78.943163, 25.474878799999985 ], [ 78.910704599999988, 25.4418114 ], [ 78.9366212, 25.4232235 ], [ 78.9676461, 25.4337833 ], [ 78.9859775, 25.37095 ], [ 78.936051, 25.346743 ], [ 78.899867399999977, 25.3702181 ], [ 78.93857629999998, 25.3720458 ], [ 78.9568263, 25.395079899999988 ], [ 78.882155399999988, 25.3825592 ], [ 78.8450851, 25.3470817 ], [ 78.850839399999984, 25.327292499999988 ], [ 78.8218609, 25.3059034 ], [ 78.7992069, 25.3097085 ], [ 78.790502699999976, 25.2925423 ], [ 78.818955799999983, 25.2947846 ], [ 78.812869499999962, 25.265889 ], [ 78.8490013, 25.2241622 ], [ 78.879744799999983, 25.2831772 ], [ 78.8637582, 25.3119026 ], [ 78.883877, 25.3393875 ], [ 78.9262812, 25.3409319 ], [ 78.93501, 25.3266601 ], [ 78.96029, 25.3448249 ], [ 78.9774393, 25.2802074 ], [ 78.954914, 25.2786878 ], [ 78.9479613, 25.2576875 ], [ 78.915937299999982, 25.269346 ], [ 78.8989875, 25.2404647 ], [ 78.8831661, 25.2507626 ], [ 78.8790441, 25.161055 ], [ 78.9556517, 25.2152108 ], [ 79.003144099999986, 25.1910096 ], [ 79.0020455, 25.2287932 ], [ 78.9785223, 25.2399463 ], [ 78.9941673, 25.2699634 ], [ 79.0123875, 25.2719814 ], [ 79.0195068, 25.2432719 ], [ 79.0638477, 25.2207792 ], [ 79.031949, 25.1816486 ], [ 79.043129, 25.1689913 ], [ 79.0290778, 25.1382996 ], [ 79.0503736, 25.1332741 ], [ 79.091695, 25.1876259 ], [ 79.1278297, 25.1593057 ], [ 79.115187899999981, 25.1388434 ], [ 79.1365263, 25.1059451 ], [ 79.18671590000001, 25.1128774 ], [ 79.1741809, 25.13751 ], [ 79.1922968, 25.1462912 ], [ 79.2137956, 25.1089576 ], [ 79.2458274, 25.1115749 ], [ 79.251005899999981, 25.1359838 ], [ 79.2213585, 25.1435564 ], [ 79.2433123, 25.1561297 ], [ 79.266693500000017, 25.1484612 ], [ 79.267539, 25.1173178 ], [ 79.310729, 25.1285515 ], [ 79.3220861, 25.1470912 ], [ 79.304672, 25.1741854 ], [ 79.3125325, 25.1956131 ], [ 79.2910559, 25.1846303 ], [ 79.2811716, 25.2432526 ], [ 79.3183565, 25.2146428 ], [ 79.332940900000011, 25.2176013 ], [ 79.3401687, 25.1960159 ], [ 79.3545572, 25.2094174 ], [ 79.3367224, 25.2250669 ], [ 79.3487448, 25.2256519 ], [ 79.3477278, 25.2678922 ], [ 79.31765009999998, 25.2570549 ], [ 79.295366099999981, 25.2853458 ], [ 79.2787175, 25.2616146 ], [ 79.2670375, 25.2665466 ], [ 79.26776, 25.3053191 ], [ 79.3023968, 25.3352839 ], [ 79.3535714, 25.3281282 ], [ 79.338408, 25.2891669 ], [ 79.357378, 25.2835534 ], [ 79.360619, 25.2605267 ], [ 79.373381100000017, 25.2632207 ], [ 79.3751108, 25.2894504 ], [ 79.422989199999989, 25.2543947 ], [ 79.4651529, 25.2790474 ], [ 79.4981432, 25.2655436 ], [ 79.466896, 25.2646384 ], [ 79.434677, 25.2202498 ], [ 79.4503605, 25.2077756 ], [ 79.417200699999981, 25.2039654 ], [ 79.391459599999976, 25.1655098 ], [ 79.406700799999982, 25.108738 ], [ 79.4227, 25.1343627 ], [ 79.4387352, 25.1306681 ], [ 79.438642299999984, 25.1027975 ], [ 79.476004399999979, 25.1297424 ], [ 79.4681077, 25.0916544 ], [ 79.4974611, 25.0780911 ], [ 79.5732333, 25.172849 ], [ 79.597404399999988, 25.1426139 ], [ 79.610516799999985, 25.1500993 ], [ 79.6055794, 25.1267852 ], [ 79.6277536, 25.138018 ], [ 79.673904599999972, 25.1225049 ], [ 79.7534263, 25.1392957 ], [ 79.8390983, 25.09360580000001 ], [ 79.8637126, 25.0940023 ], [ 79.8554945, 25.1288658 ], [ 79.8799636, 25.1457743 ], [ 79.8550553, 25.2355898 ], [ 79.9103521, 25.2523181 ], [ 79.9214124, 25.2288719 ], [ 79.950567199999981, 25.2672896 ], [ 80.004740199999972, 25.2640941 ], [ 80.028835, 25.3385535 ], [ 80.078138299999978, 25.3385204 ], [ 80.09142150000001, 25.3512499 ], [ 80.131440399999974, 25.3338866 ], [ 80.1673549, 25.3730886 ], [ 80.1960878, 25.3791137 ], [ 80.2021554, 25.4116593 ], [ 80.2534257, 25.4003617 ], [ 80.2641281, 25.4241667 ], [ 80.318992100000017, 25.3828423 ], [ 80.3122039, 25.2844839 ], [ 80.3491519, 25.2742221 ], [ 80.3861986, 25.2331971 ], [ 80.4072343, 25.2386617 ], [ 80.431822399999987, 25.1699054 ], [ 80.359377, 25.1406444 ], [ 80.3556039, 25.1257723 ], [ 80.3768751, 25.1111379 ], [ 80.350046099999986, 25.0892567 ], [ 80.353071399999976, 25.0543689 ], [ 80.311397, 25.0431006 ], [ 80.289559200000014, 25.0558242 ], [ 80.2748987, 25.0260351 ], [ 80.322085199999975, 24.9993568 ], [ 80.3668476, 25.0219318 ], [ 80.3808347, 25.0042084 ], [ 80.3954029, 25.00831 ], [ 80.373792900000012, 25.0535837 ], [ 80.402186699999987, 25.0678554 ], [ 80.4133047, 25.0566915 ], [ 80.4179803, 25.072566 ], [ 80.448785899999976, 25.0779227 ], [ 80.4782421, 25.0405895 ], [ 80.501741700000011, 25.0375159 ], [ 80.4543545, 25.0411886 ], [ 80.433644, 25.0265552 ], [ 80.466246200000015, 25.0000987 ], [ 80.4603241, 24.9826131 ], [ 80.4813181, 24.976282 ], [ 80.521470800000017, 25.0087119 ], [ 80.5503044, 25.0026509 ], [ 80.548479, 25.0317534 ], [ 80.502268299999983, 25.0412476 ], [ 80.5080898, 25.0854469 ], [ 80.4825799, 25.0976917 ], [ 80.517623499999985, 25.0969087 ], [ 80.551536099999979, 25.0635906 ], [ 80.570568099999988, 25.0873717 ], [ 80.6149141, 25.068148 ], [ 80.5959411, 25.1050226 ], [ 80.60961530000003, 25.1187342 ], [ 80.6027803, 25.1511326 ], [ 80.6405624, 25.1192213 ], [ 80.6095103, 25.1003484 ], [ 80.628192499999983, 25.0855466 ], [ 80.643393799999984, 25.0935232 ], [ 80.664459499999978, 25.0704425 ], [ 80.6874316, 25.0778288 ], [ 80.681709899999987, 25.0501995 ], [ 80.735365399999978, 25.0678731 ], [ 80.784112099999987, 25.0577856 ], [ 80.784179299999977, 25.0803698 ], [ 80.7334298, 25.0939834 ], [ 80.733567199999982, 25.1188867 ], [ 80.7078503, 25.1331096 ], [ 80.731280199999986, 25.1447563 ], [ 80.7463055, 25.1305999 ], [ 80.8078256, 25.1424541 ], [ 80.8359344, 25.1063886 ], [ 80.844577699999988, 25.1886977 ], [ 80.886357799999985, 25.1916447 ], [ 80.913204499999964, 25.156404 ], [ 80.8732285, 25.1197451 ], [ 80.8788649, 25.0672027 ], [ 80.834862799999982, 25.0353356 ], [ 80.8563386, 24.9943449 ], [ 80.8267811, 24.9698351 ], [ 80.7981026, 24.9679673 ], [ 80.8103131, 24.9406826 ], [ 80.9081833, 24.9358712 ], [ 80.9054338, 24.952993 ], [ 80.9449938, 24.9687916 ], [ 80.9633689, 24.9220631 ], [ 80.980411699999976, 24.9359408 ], [ 81.0249561, 24.9288434 ], [ 81.0177002, 24.9506742 ], [ 81.0274165, 24.9413711 ], [ 81.034863299999984, 24.9513336 ], [ 81.0846204, 24.9486631 ], [ 81.1406141, 24.8885796 ], [ 81.169648, 24.954971 ], [ 81.207171, 24.9312675 ], [ 81.192635, 24.9257321 ], [ 81.2208129, 24.931043 ], [ 81.209956099999985, 24.992182 ], [ 81.2698915, 25.064892 ], [ 81.254030299999982, 25.1019357 ], [ 81.283155299999976, 25.1497774 ], [ 81.277512299999984, 25.1640839 ], [ 81.3147862, 25.1623564 ], [ 81.323029, 25.1127099 ], [ 81.3213541, 25.1599277 ], [ 81.338340199999962, 25.1688748 ], [ 81.3996096, 25.1196082 ], [ 81.4386069, 25.1301207 ], [ 81.4467243, 25.1069607 ], [ 81.4114369, 25.1029183 ], [ 81.4920813, 25.0715347 ], [ 81.5029914, 25.0786952 ], [ 81.515957599999979, 25.1033911 ], [ 81.4801628, 25.1315171 ], [ 81.498006499999988, 25.1307654 ], [ 81.5038317, 25.1488748 ], [ 81.533063, 25.1401922 ], [ 81.5384422, 25.1598811 ], [ 81.516220699999977, 25.1814719 ], [ 81.5572104, 25.1851755 ], [ 81.525596, 25.2034259 ], [ 81.5564622, 25.2652226 ], [ 81.5487596, 25.2926979 ], [ 81.4161319, 25.2903136 ], [ 81.322205, 25.338631799999987 ], [ 81.1899416, 25.3798846 ], [ 81.160167799999982, 25.4221167 ], [ 81.16864529999998, 25.4695376 ], [ 81.150885, 25.5080221 ], [ 81.048451, 25.5324887 ], [ 80.984944500000012, 25.6497779 ], [ 80.850308, 25.7017018 ], [ 80.7132295, 25.6969129 ], [ 80.628648099999978, 25.7100598 ], [ 80.568295399999968, 25.7358555 ], [ 80.506010499999974, 25.789022 ], [ 80.508194599999982, 25.8310095 ], [ 80.544626, 25.8582735 ], [ 80.52251889999998, 25.8802586 ], [ 80.4298087, 25.9188824 ], [ 80.3509975, 25.891694 ], [ 80.3347829, 25.866169100000011 ], [ 80.3307942, 25.8844353 ], [ 80.1451457, 25.917582 ], [ 80.0139206, 25.9194746 ], [ 79.767697199999972, 25.8754845 ], [ 79.700998799999979, 25.9173627 ], [ 79.618215399999983, 25.9208332 ], [ 79.5415961, 25.8932407 ], [ 79.3947957, 25.7777125 ], [ 79.304078, 25.7718555 ], [ 79.194979, 25.8041955 ], [ 79.0816318, 25.8583436 ], [ 79.055156, 25.8910496 ], [ 79.0569852, 25.9166214 ], [ 79.0306021, 25.9347168 ], [ 78.9359382, 25.9492711 ], [ 78.8630907, 25.907154100000017 ], [ 78.799636499999977, 25.9555056 ], [ 78.6599702, 26.169156 ], [ 78.309274, 26.3643412 ], [ 78.2884213, 26.4229822 ], [ 78.3001415, 26.5195835 ], [ 78.4830722, 26.6709584 ], [ 78.550807499999976, 26.7633636 ], [ 78.459283399999975, 26.7922298 ], [ 78.4344069, 26.8264868 ], [ 78.3982249, 26.819074200000014 ], [ 78.359887199999989, 26.8685353 ] ] ] } },
{ "type": "Feature", "properties": { "FEATURE_ID": "AESR_10_3_P01", "AESR_UID": "AESR_10_3", "aesr_code": "10.3", "PART_NO": 1, "NPARTS": 1, "aer_code": 10, "subregion": "Vindhyan Scarpland and Baghelkhand Plateau", "SOIL_GRP": "Mixed Red-Black", "CLIM_STD": "Dry subhumid", "LGP_ORDER": 5, "lgp_ref": "150-180 days", "AWC_REF": "Medium to High", "AREA_KM2": 64542.847256541201 }, "geometry": { "type": "Polygon", "coordinates": [ [ [ 78.9179456, 25.5541396 ], [ 78.876536099999981, 25.545958 ], [ 78.883532799999983, 25.519124 ], [ 78.8358051, 25.5047926 ], [ 78.8646226, 25.461988299999987 ], [ 78.8416569, 25.4273206 ], [ 78.821279300000029, 25.4411556 ], [ 78.8531908, 25.449246 ], [ 78.8373157, 25.460532 ], [ 78.796944199999984, 25.4783291 ], [ 78.7639445, 25.4709687 ], [ 78.739139099999989, 25.4954457 ], [ 78.732009299999987, 25.4581288 ], [ 78.7624271, 25.4286902 ], [ 78.7968374, 25.4368697 ], [ 78.820302899999987, 25.4252913 ], [ 78.7504645, 25.4075505 ], [ 78.7488643, 25.393447599999988 ], [ 78.7669524, 25.3969383 ], [ 78.7716505, 25.3532944 ], [ 78.7208513, 25.3478739 ], [ 78.7162903, 25.3736213 ], [ 78.6651224, 25.3828314 ], [ 78.6637685, 25.4149625 ], [ 78.676345, 25.3987228 ], [ 78.708707799999985, 25.4236916 ], [ 78.6930719, 25.4426117 ], [ 78.659983900000015, 25.4388179 ], [ 78.6409328, 25.4328741 ], [ 78.635813299999981, 25.4012942 ], [ 78.6107166, 25.411896100000011 ], [ 78.5955137, 25.3869433 ], [ 78.568275500000013, 25.3905235 ], [ 78.5833395, 25.3467913 ], [ 78.532254899999984, 25.3578569 ], [ 78.5485277, 25.3214728 ], [ 78.5321322, 25.3014029 ], [ 78.507278899999989, 25.2990024 ], [ 78.499205199999977, 25.3186903 ], [ 78.474047, 25.2878832 ], [ 78.447567499999977, 25.2990187 ], [ 78.4343035, 25.2835399 ], [ 78.460973, 25.2654859 ], [ 78.503700099999989, 25.2887384 ], [ 78.5714236, 25.2601159 ], [ 78.604089, 25.092891 ], [ 78.627260199999981, 25.0866286 ], [ 78.6488655, 25.0565441 ], [ 78.6288862, 24.9600266 ], [ 78.6473366, 24.935499 ], [ 78.6605597, 24.939359 ], [ 78.6752263, 24.8975805 ], [ 78.7740473, 24.8509139 ], [ 78.7879418, 24.8057936 ], [ 78.7713801, 24.7902797 ], [ 78.7791535, 24.6994897 ], [ 78.7467681, 24.6553417 ], [ 78.7561353, 24.6003988 ], [ 78.7835786, 24.5885325 ], [ 78.835525, 24.6032566 ], [ 78.879869899999974, 24.6423798 ], [ 78.9514652, 24.5517357 ], [ 78.9509366, 24.5050776 ], [ 78.973174399999976, 24.4925389 ], [ 78.9374679, 24.4801258 ], [ 78.9243282, 24.4980731 ], [ 78.9093367, 24.47394610000001 ], [ 78.951132899999976, 24.4388887 ], [ 78.9887488, 24.442879 ], [ 78.9945194, 24.4236234 ], [ 78.9735569, 24.3493742 ], [ 78.913657699999987, 24.2921672 ], [ 79.010531799999981, 24.1851122 ], [ 79.1861432, 24.1325457 ], [ 79.356037699999987, 24.1333523 ], [ 79.9083226, 23.9690106 ], [ 80.3112575, 23.9443592 ], [ 80.6246332, 24.065217 ], [ 80.7998652, 24.0838939 ], [ 80.884546499999985, 24.0493211 ], [ 80.8670293, 23.8106606 ], [ 80.771121699999981, 23.7137192 ], [ 80.606839699999981, 23.6657318 ], [ 80.5535852, 23.5830978 ], [ 80.5580971, 23.4027914 ], [ 80.594741, 23.3344354 ], [ 80.7631353, 23.2557231 ], [ 80.8792487, 23.2697159 ], [ 81.0110213, 23.2591538 ], [ 81.1475729, 23.1948416 ], [ 81.2312153, 23.1210979 ], [ 81.2411014, 23.0528001 ], [ 81.2135967, 22.9263342 ], [ 81.265724, 22.877184 ], [ 81.6734003, 22.6832143 ], [ 81.7062245, 22.6455705 ], [ 81.730307699999983, 22.6758909 ], [ 81.7562931, 22.6458259 ], [ 81.773352899999978, 22.6758316 ], [ 81.7539893, 22.7261147 ], [ 81.791685099999981, 22.7662256 ], [ 81.768260499999982, 22.8338262 ], [ 81.7768183, 22.8729544 ], [ 81.863763899999981, 22.8903617 ], [ 81.867448499999981, 22.914463 ], [ 81.947704, 22.9565835 ], [ 81.9446897, 23.0088968 ], [ 81.925897399999982, 23.0403258 ], [ 81.9455832, 23.077123 ], [ 82.031581, 23.0795066 ], [ 82.074641399999976, 23.1162067 ], [ 82.123376, 23.1032448 ], [ 82.158573, 23.1411618 ], [ 82.161273, 23.1574318 ], [ 82.1448471, 23.1643456 ], [ 82.1500101, 23.2269967 ], [ 82.1970125, 23.2838543 ], [ 82.3256005, 23.629762 ], [ 82.432636899999977, 23.696324 ], [ 82.4904222, 23.7963643 ], [ 82.504376399999984, 23.7839329 ], [ 82.5479829, 23.7901097 ], [ 82.5350816, 23.8229311 ], [ 82.5937152, 23.821765 ], [ 82.661104400000013, 23.856705 ], [ 82.6642661, 23.9067229 ], [ 82.709698899999978, 23.9238154 ], [ 82.755857, 23.9212079 ], [ 82.815532, 23.9619833 ], [ 82.805050899999983, 24.0040053 ], [ 82.760141, 24.007254 ], [ 82.7497977, 24.0201963 ], [ 82.774081099999975, 24.0766106 ], [ 82.716240299999981, 24.0794598 ], [ 82.6652689, 24.1333862 ], [ 82.678721099999976, 24.1570387 ], [ 82.728212, 24.1376293 ], [ 82.7440154, 24.1669587 ], [ 82.7349006, 24.221793 ], [ 82.7578235, 24.2346734 ], [ 82.772048, 24.2909122 ], [ 82.768549, 24.3714289 ], [ 82.7264745, 24.3695718 ], [ 82.7151241, 24.3835021 ], [ 82.7407006, 24.4310337 ], [ 82.731784199999979, 24.474565 ], [ 82.74459, 24.4979851 ], [ 82.723673300000016, 24.51148 ], [ 82.720592299999979, 24.5543583 ], [ 82.749265600000015, 24.5527486 ], [ 82.754091699999989, 24.5396955 ], [ 82.8088301, 24.5508911 ], [ 82.804461500000016, 24.5979088 ], [ 82.768159699999984, 24.597939 ], [ 82.770887700000017, 24.6437427 ], [ 82.703280099999986, 24.6422794 ], [ 82.704076200000017, 24.6737097 ], [ 82.6660757, 24.6983238 ], [ 82.5374058, 24.649832499999988 ], [ 82.5265714, 24.6761681 ], [ 82.4569998, 24.6756717 ], [ 82.440479399999987, 24.7040134 ], [ 82.409766099999985, 24.6815302 ], [ 82.41729, 24.5956606 ], [ 82.368959100000012, 24.5997793 ], [ 82.337897099999978, 24.6214891 ], [ 82.3020455, 24.6114526 ], [ 82.304577499999979, 24.6676679 ], [ 82.2715493, 24.6840173 ], [ 82.2612095, 24.663715 ], [ 82.2380932, 24.6672431 ], [ 82.251874299999983, 24.7732487 ], [ 82.2465698, 24.7519263 ], [ 82.22914609999998, 24.7645387 ], [ 82.231014, 24.7492515 ], [ 82.207695199999975, 24.7495615 ], [ 82.221586500000015, 24.741717 ], [ 82.2219385, 24.7261915 ], [ 82.2108194, 24.738305799999988 ], [ 82.181088299999985, 24.7370462 ], [ 82.203881499999966, 24.761222899999989 ], [ 82.1975871, 24.7797289 ], [ 82.2176959, 24.7789555 ], [ 82.216957499999978, 24.795216 ], [ 82.187250299999988, 24.802067 ], [ 82.204220799999973, 24.8219243 ], [ 82.167626900000016, 24.7896691 ], [ 82.140478700000017, 24.8018595 ], [ 82.120424, 24.789632 ], [ 82.0901278, 24.8194275 ], [ 82.0131488, 24.8479102 ], [ 81.9674047, 24.8278195 ], [ 81.9047265, 24.8896052 ], [ 81.920346100000017, 24.9279882 ], [ 81.9068107, 25.006591 ], [ 81.8944889, 24.9898017 ], [ 81.8377353, 25.0162385 ], [ 81.7975674, 25.007032 ], [ 81.740760699999981, 25.0455193 ], [ 81.6902551, 25.0405463 ], [ 81.6670702, 25.0764479 ], [ 81.6302688, 25.0536353 ], [ 81.612722399999981, 25.0574396 ], [ 81.6021727, 25.0764708 ], [ 81.640349, 25.0999452 ], [ 81.625157, 25.1192683 ], [ 81.6096211, 25.0968615 ], [ 81.6005326, 25.1329982 ], [ 81.627423800000017, 25.1562624 ], [ 81.6184206, 25.1702418 ], [ 81.5902147, 25.1648402 ], [ 81.596459700000011, 25.1803501 ], [ 81.574851799999976, 25.1922859 ], [ 81.518023299999982, 25.1835394 ], [ 81.5384422, 25.1598811 ], [ 81.533063, 25.1401922 ], [ 81.5038317, 25.1488748 ], [ 81.498006499999988, 25.1307654 ], [ 81.481267, 25.133647 ], [ 81.515957599999979, 25.1033911 ], [ 81.4920813, 25.0715347 ], [ 81.4092172, 25.1042711 ], [ 81.4467243, 25.1069607 ], [ 81.4386069, 25.1301207 ], [ 81.3996096, 25.1196082 ], [ 81.338340199999962, 25.1688748 ], [ 81.3213541, 25.1599277 ], [ 81.323029, 25.1127099 ], [ 81.3147862, 25.1623564 ], [ 81.277512299999984, 25.1640839 ], [ 81.283155299999976, 25.1497774 ], [ 81.254030299999982, 25.1019357 ], [ 81.2698915, 25.064892 ], [ 81.209956099999985, 24.992182 ], [ 81.2208129, 24.931043 ], [ 81.192635, 24.9257321 ], [ 81.207171, 24.9312675 ], [ 81.169648, 24.954971 ], [ 81.1406141, 24.8885796 ], [ 81.0846204, 24.9486631 ], [ 81.034863299999984, 24.9513336 ], [ 81.0274165, 24.9413711 ], [ 81.0177002, 24.9506742 ], [ 81.0249561, 24.9288434 ], [ 80.980411699999976, 24.9359408 ], [ 80.9633689, 24.9220631 ], [ 80.9449938, 24.9687916 ], [ 80.9054338, 24.952993 ], [ 80.9081833, 24.9358712 ], [ 80.8103131, 24.9406826 ], [ 80.7981026, 24.9679673 ], [ 80.8267811, 24.9698351 ], [ 80.8563386, 24.9943449 ], [ 80.834862799999982, 25.0353356 ], [ 80.8788649, 25.0672027 ], [ 80.8732285, 25.1197451 ], [ 80.913204499999964, 25.156404 ], [ 80.886357799999985, 25.1916447 ], [ 80.844577699999988, 25.1886977 ], [ 80.8359344, 25.1063886 ], [ 80.8078256, 25.1424541 ], [ 80.7463055, 25.1305999 ], [ 80.731280199999986, 25.1447563 ], [ 80.7078503, 25.1331096 ], [ 80.733567199999982, 25.1188867 ], [ 80.7334298, 25.0939834 ], [ 80.784179299999977, 25.0803698 ], [ 80.784112099999987, 25.0577856 ], [ 80.735365399999978, 25.0678731 ], [ 80.681709899999987, 25.0501995 ], [ 80.6874316, 25.0778288 ], [ 80.664459499999978, 25.0704425 ], [ 80.643393799999984, 25.0935232 ], [ 80.628192499999983, 25.0855466 ], [ 80.6095103, 25.1003484 ], [ 80.6405624, 25.1192213 ], [ 80.6027803, 25.1511326 ], [ 80.60961530000003, 25.1187342 ], [ 80.5959411, 25.1050226 ], [ 80.6149141, 25.068148 ], [ 80.570568099999988, 25.0873717 ], [ 80.551536099999979, 25.0635906 ], [ 80.517623499999985, 25.0969087 ], [ 80.4825799, 25.0976917 ], [ 80.5080898, 25.0854469 ], [ 80.502268299999983, 25.0412476 ], [ 80.548479, 25.0317534 ], [ 80.5503044, 25.0026509 ], [ 80.521470800000017, 25.0087119 ], [ 80.4813181, 24.976282 ], [ 80.4603241, 24.9826131 ], [ 80.466246200000015, 25.0000987 ], [ 80.433644, 25.0265552 ], [ 80.4543545, 25.0411886 ], [ 80.501741700000011, 25.0375159 ], [ 80.4782421, 25.0405895 ], [ 80.448785899999976, 25.0779227 ], [ 80.4179803, 25.072566 ], [ 80.4133047, 25.0566915 ], [ 80.402186699999987, 25.0678554 ], [ 80.373792900000012, 25.0535837 ], [ 80.3954029, 25.00831 ], [ 80.3808347, 25.0042084 ], [ 80.3668476, 25.0219318 ], [ 80.322085199999975, 24.9993568 ], [ 80.2748987, 25.0260351 ], [ 80.289559200000014, 25.0558242 ], [ 80.311397, 25.0431006 ], [ 80.353071399999976, 25.0543689 ], [ 80.350046099999986, 25.0892567 ], [ 80.3768751, 25.1111379 ], [ 80.3556039, 25.1257723 ], [ 80.359377, 25.1406444 ], [ 80.431822399999987, 25.1699054 ], [ 80.4072343, 25.2386617 ], [ 80.3861986, 25.2331971 ], [ 80.3491519, 25.2742221 ], [ 80.3122039, 25.2844839 ], [ 80.318992100000017, 25.3828423 ], [ 80.2641281, 25.4241667 ], [ 80.2534257, 25.4003617 ], [ 80.2021554, 25.4116593 ], [ 80.1960878, 25.3791137 ], [ 80.1673549, 25.3730886 ], [ 80.131440399999974, 25.3338866 ], [ 80.09142150000001, 25.3512499 ], [ 80.078138299999978, 25.3385204 ], [ 80.028835, 25.3385535 ], [ 80.004740199999972, 25.2640941 ], [ 79.950567199999981, 25.2672896 ], [ 79.9214124, 25.2288719 ], [ 79.9103521, 25.2523181 ], [ 79.8550553, 25.2355898 ], [ 79.8800437, 25.1439816 ], [ 79.8554945, 25.1288658 ], [ 79.8570241, 25.0924842 ], [ 79.7534263, 25.1392957 ], [ 79.673904599999972, 25.1225049 ], [ 79.6277536, 25.138018 ], [ 79.6055794, 25.1267852 ], [ 79.610516799999985, 25.1500993 ], [ 79.597404399999988, 25.1426139 ], [ 79.5732333, 25.172849 ], [ 79.4974611, 25.0780911 ], [ 79.4681077, 25.0916544 ], [ 79.476004399999979, 25.1297424 ], [ 79.438642299999984, 25.1027975 ], [ 79.4387352, 25.1306681 ], [ 79.4227, 25.1343627 ], [ 79.406700799999982, 25.108738 ], [ 79.391459599999976, 25.1655098 ], [ 79.417200699999981, 25.2039654 ], [ 79.4503605, 25.2077756 ], [ 79.434677, 25.2202498 ], [ 79.466896, 25.2646384 ], [ 79.4981432, 25.2655436 ], [ 79.4651529, 25.2790474 ], [ 79.422989199999989, 25.2543947 ], [ 79.3751108, 25.2894504 ], [ 79.373381100000017, 25.2632207 ], [ 79.360619, 25.2605267 ], [ 79.357378, 25.2835534 ], [ 79.338408, 25.2891669 ], [ 79.3535714, 25.3281282 ], [ 79.3118972, 25.3349237 ], [ 79.26776, 25.3053191 ], [ 79.264093599999981, 25.2745687 ], [ 79.2787175, 25.2616146 ], [ 79.295366099999981, 25.2853458 ], [ 79.322299199999989, 25.2565276 ], [ 79.3477278, 25.2678922 ], [ 79.3487448, 25.2256519 ], [ 79.3367224, 25.2250669 ], [ 79.3545572, 25.2094174 ], [ 79.3401687, 25.1960159 ], [ 79.332940900000011, 25.2176013 ], [ 79.3183565, 25.2146428 ], [ 79.2811716, 25.2432526 ], [ 79.2863453, 25.1925668 ], [ 79.2938215, 25.1829462 ], [ 79.3109821, 25.200081 ], [ 79.304672, 25.1741854 ], [ 79.3220861, 25.1470912 ], [ 79.284031299999981, 25.1154824 ], [ 79.2655562, 25.1192347 ], [ 79.253325099999969, 25.1571449 ], [ 79.2213585, 25.1435564 ], [ 79.251005899999981, 25.1359838 ], [ 79.2458274, 25.1115749 ], [ 79.2137956, 25.1089576 ], [ 79.1922968, 25.1462912 ], [ 79.1741809, 25.13751 ], [ 79.18671590000001, 25.1128774 ], [ 79.131708799999984, 25.1070343 ], [ 79.115187899999981, 25.1388434 ], [ 79.1278297, 25.1593057 ], [ 79.091695, 25.1876259 ], [ 79.0503736, 25.1332741 ], [ 79.0290778, 25.1382996 ], [ 79.043129, 25.1689913 ], [ 79.031949, 25.1816486 ], [ 79.0638477, 25.2207792 ], [ 79.0195068, 25.2432719 ], [ 79.0123875, 25.2719814 ], [ 78.9941673, 25.2699634 ], [ 78.9785223, 25.2399463 ], [ 79.0020455, 25.2287932 ], [ 79.003144099999986, 25.1910096 ], [ 78.9556517, 25.2152108 ], [ 78.884357600000016, 25.1572293 ], [ 78.879472, 25.2457812 ], [ 78.8989875, 25.2404647 ], [ 78.922559799999988, 25.2706833 ], [ 78.9535352, 25.2587746 ], [ 78.954914, 25.2786878 ], [ 78.9774393, 25.2802074 ], [ 78.9601908, 25.3068448 ], [ 78.963209300000017, 25.3427112 ], [ 78.93501, 25.3266601 ], [ 78.9262812, 25.3409319 ], [ 78.883877, 25.3393875 ], [ 78.8637582, 25.3119026 ], [ 78.879744799999983, 25.2831772 ], [ 78.8490013, 25.2241622 ], [ 78.812869499999962, 25.265889 ], [ 78.818955799999983, 25.2947846 ], [ 78.7984768, 25.2879557 ], [ 78.7905438, 25.29811170000001 ], [ 78.850839399999984, 25.327292499999988 ], [ 78.8450851, 25.3470817 ], [ 78.882155399999988, 25.3825592 ], [ 78.9568263, 25.395079899999988 ], [ 78.93857629999998, 25.3720458 ], [ 78.899867399999977, 25.3702181 ], [ 78.936051, 25.346743 ], [ 78.9859775, 25.37095 ], [ 78.9676461, 25.4337833 ], [ 78.9366212, 25.4232235 ], [ 78.910704599999988, 25.4418114 ], [ 78.943163, 25.474878799999985 ], [ 78.9239371, 25.5155758 ], [ 78.9494789, 25.5259763 ], [ 78.949299599999989, 25.546253299999989 ], [ 78.933264, 25.5547656 ], [ 78.9244084, 25.536106 ], [ 78.9179456, 25.5541396 ] ] ] } },
{ "type": "Feature", "properties": { "FEATURE_ID": "AESR_14_5_P01", "AESR_UID": "AESR_14_5", "aesr_code": "14.5", "PART_NO": 1, "NPARTS": 1, "aer_code": 14, "subregion": "Foothills of Kumaun Himalayas (subdued)", "SOIL_GRP": "Tarai", "CLIM_STD": "Humid to Perhumid", "LGP_ORDER": 9, "lgp_ref": "270 - 300 days", "AWC_REF": "Medium", "AREA_KM2": 7793.8963065537391 }, "geometry": { "type": "Polygon", "coordinates": [ [ [ 80.1444354, 29.0922803 ], [ 80.010827899999981, 29.1157202 ], [ 79.9445438, 29.14844380000001 ], [ 79.8947667, 29.2211518 ], [ 79.8281678, 29.4174262 ], [ 79.703355599999981, 29.5226531 ], [ 79.6451158, 29.5443415 ], [ 79.483252, 29.4893865 ], [ 79.4291444, 29.5110114 ], [ 79.3623059, 29.5798123 ], [ 79.333164799999963, 29.5869625 ], [ 79.2253638, 29.5392359 ], [ 79.1381388, 29.5315241 ], [ 78.791686399999989, 29.685558900000011 ], [ 78.500159299999964, 29.7356007 ], [ 78.530192, 29.6333237 ], [ 78.5888635, 29.5746995 ], [ 78.7056912, 29.5029566 ], [ 78.7514043, 29.4990401 ], [ 78.8290219, 29.462609699999987 ], [ 78.9353036, 29.450185 ], [ 78.9127516, 29.4407002 ], [ 78.8824286, 29.3863718 ], [ 78.8447395, 29.375364199999989 ], [ 78.8410088, 29.3621862 ], [ 78.821171799999988, 29.376897199999988 ], [ 78.8009348, 29.3232892 ], [ 78.794590599999978, 29.3404571 ], [ 78.7695184, 29.3437762 ], [ 78.725893199999973, 29.3113783 ], [ 78.811879100000013, 29.251851 ], [ 78.864645799999977, 29.2552884 ], [ 78.911121, 29.196550399999985 ], [ 78.912304300000017, 29.1445725 ], [ 78.956292699999963, 29.143531 ], [ 78.9742715, 29.1607485 ], [ 79.012455899999964, 29.1104839 ], [ 79.028897599999979, 29.1117895 ], [ 79.0428847, 29.1241505 ], [ 79.0206788, 29.130148 ], [ 79.022919099999967, 29.1511541 ], [ 79.038353099999981, 29.143791699999987 ], [ 79.038943599999982, 29.1662076 ], [ 79.1127078, 29.1256058 ], [ 79.142776499999982, 29.1232808 ], [ 79.1559119, 29.1005333 ], [ 79.1488602, 29.0632551 ], [ 79.177270299999975, 29.0451624 ], [ 79.170103499999982, 29.0167868 ], [ 79.2158804, 29.023017 ], [ 79.310699099999979, 28.9469973 ], [ 79.363703300000012, 28.9463181 ], [ 79.3715153, 28.9643728 ], [ 79.388829199999989, 28.9309312 ], [ 79.413236899999987, 28.9261542 ], [ 79.4073797, 28.8793317 ], [ 79.4229147, 28.8497584 ], [ 79.5189873, 28.8571913 ], [ 79.548253499999987, 28.8864386 ], [ 79.5657637, 28.8724174 ], [ 79.5626651, 28.8397848 ], [ 79.6253687, 28.8626287 ], [ 79.6779953, 28.8422271 ], [ 79.72404419999998, 28.8745885 ], [ 79.786346299999977, 28.8857414 ], [ 79.820500099999975, 28.8567407 ], [ 79.7951335, 28.79934050000001 ], [ 79.8277077, 28.8061784 ], [ 79.8363142, 28.8387124 ], [ 79.8659145, 28.8382127 ], [ 79.887456399999976, 28.81227 ], [ 79.8580417, 28.8152268 ], [ 79.852335199999985, 28.8025855 ], [ 79.8790831, 28.7903796 ], [ 79.913107399999973, 28.7960551 ], [ 79.9007214, 28.7797066 ], [ 79.934116599999982, 28.7266482 ], [ 79.999989599999978, 28.7109697 ], [ 80.0465731, 28.7571757 ], [ 80.052297799999977, 28.777074 ], [ 80.037542800000011, 28.7938047 ], [ 80.070348, 28.829226 ], [ 80.0698691, 28.9263932 ], [ 80.10260719999998, 28.981363399999989 ], [ 80.1408451, 29.0063376 ], [ 80.1301987, 29.034557 ], [ 80.1444354, 29.0922803 ] ] ] } },
{ "type": "Feature", "properties": { "FEATURE_ID": "AESR_14_4_P01", "AESR_UID": "AESR_14_4", "aesr_code": "14.4", "PART_NO": 1, "NPARTS": 1, "aer_code": 14, "subregion": "Kumaun Himalayas", "SOIL_GRP": "Red/Yellow", "CLIM_STD": "Humid to Perhumid", "LGP_ORDER": 9, "lgp_ref": "270 - 300+ days", "AWC_REF": "Low", "AREA_KM2": 5097.1236275834426 }, "geometry": { "type": "Polygon", "coordinates": [ [ [ 77.9544164, 30.4867811 ], [ 78.1600638, 30.4602152 ], [ 78.2907272, 30.3999644 ], [ 78.655234599999986, 30.367106 ], [ 78.8420921, 30.4695334 ], [ 78.8537553, 30.615291100000015 ], [ 78.8193715, 30.7020714 ], [ 78.7182586, 30.7411893 ], [ 78.503640799999985, 30.7864905 ], [ 78.1819709, 30.9572 ], [ 78.0215061, 30.9988207 ], [ 77.810368, 31.010686499999984 ], [ 77.8279543, 30.994251 ], [ 77.810711099999978, 30.9651428 ], [ 77.8314232, 30.948867100000012 ], [ 77.76819919999997, 30.9721976 ], [ 77.747488699999977, 30.9448691 ], [ 77.7597712, 30.9176265 ], [ 77.8098224, 30.9190904 ], [ 77.8034739, 30.853792 ], [ 77.7586314, 30.8764926 ], [ 77.7455035, 30.8460508 ], [ 77.7584223, 30.8251049 ], [ 77.7021657, 30.7639415 ], [ 77.7054176, 30.7435446 ], [ 77.7548898, 30.705839700000013 ], [ 77.747167, 30.681007 ], [ 77.792774799999989, 30.6588819 ], [ 77.7820021, 30.6465999 ], [ 77.7956536, 30.6144429 ], [ 77.770251, 30.6154223 ], [ 77.768034, 30.5958383 ], [ 77.748400799999985, 30.6032727 ], [ 77.7431008, 30.5934886 ], [ 77.7754115, 30.5580589 ], [ 77.8168123, 30.55880680000001 ], [ 77.8257345, 30.53304940000001 ], [ 77.9544164, 30.4867811 ] ] ] } },
{ "type": "Feature", "properties": { "FEATURE_ID": "AESR_14_3_P01", "AESR_UID": "AESR_14_3", "aesr_code": "14.3", "PART_NO": 1, "NPARTS": 1, "aer_code": 14, "subregion": "Punjab Himalayas", "SOIL_GRP": "Forest/Podzolic", "CLIM_STD": "Humid to Perhumid", "LGP_ORDER": 9, "lgp_ref": "270 - 300+ days", "AWC_REF": "Low to Medium", "AREA_KM2": 10717.361057339989 }, "geometry": { "type": "Polygon", "coordinates": [ [ [ 77.7453934, 31.1437893 ], [ 77.722162699999984, 31.2593669 ], [ 77.670404599999983, 31.3201983 ], [ 77.507866, 31.4300431 ], [ 77.42691, 31.464993 ], [ 77.196288699999968, 31.757930299999984 ], [ 77.1230554, 31.8109211 ], [ 77.057609, 31.889324 ], [ 77.0347341, 31.9576101 ], [ 76.9251637, 32.0965772 ], [ 76.6640386, 32.326361700000014 ], [ 76.512508, 32.4171429 ], [ 76.383128399999975, 32.472148 ], [ 76.2158782, 32.5081381 ], [ 76.126472199999981, 32.5060788 ], [ 75.987317499999989, 32.463060699999986 ], [ 75.9907092, 32.362024399999989 ], [ 76.0277242, 32.272607 ], [ 76.3073424, 31.8923293 ], [ 76.4888393, 31.773320499999983 ], [ 76.98972329999998, 31.2149598 ], [ 77.1405849, 31.0727567 ], [ 77.259956599999981, 31.005953199999983 ], [ 77.596979299999987, 30.9822626 ], [ 77.7046564, 31.0352771 ], [ 77.7453934, 31.1437893 ] ] ] } },
{ "type": "Feature", "properties": { "FEATURE_ID": "AESR_14_1_P01", "AESR_UID": "AESR_14_1", "aesr_code": "14.1", "PART_NO": 1, "NPARTS": 1, "aer_code": 14, "subregion": "South Kashmir and Punjab Himalayas", "SOIL_GRP": "Forest/Podzolic", "CLIM_STD": "Dry semi-arid to Dry subhumid", "LGP_ORDER": 3, "lgp_ref": "90-120 days", "AWC_REF": "Low to Medium", "AREA_KM2": 78757.433474932899 }, "geometry": { "type": "Polygon", "coordinates": [ [ [ 73.2021583, 35.9134934 ], [ 73.129516899999985, 35.8522609 ], [ 73.1544162, 35.837698 ], [ 73.1357369, 35.7938118 ], [ 73.1362543, 35.7191821 ], [ 73.272734699999987, 35.629757 ], [ 73.3674357, 35.6054881 ], [ 73.406827600000014, 35.5640119 ], [ 73.481754, 35.577282800000013 ], [ 73.5711048, 35.5548245 ], [ 73.635458399999976, 35.571841600000013 ], [ 73.7860424, 35.5243341 ], [ 73.795139699999979, 35.4601615 ], [ 73.738908199999983, 35.427932099999985 ], [ 73.7004484, 35.3583763 ], [ 73.6998727, 35.3232174 ], [ 73.727081699999985, 35.278256399999989 ], [ 73.7163795, 35.22599120000001 ], [ 73.731724399999976, 35.2173006 ], [ 73.7964113, 35.2455379 ], [ 73.8652054, 35.2107983 ], [ 73.917273, 35.2122145 ], [ 73.9592077, 35.174423 ], [ 73.9997896, 35.184396299999975 ], [ 74.0390761, 35.147469 ], [ 74.1161112, 35.150400800000014 ], [ 74.1098083, 35.1322141 ], [ 74.134353899999979, 35.1080004 ], [ 74.0932548, 35.096544 ], [ 74.066360199999977, 35.0485311 ], [ 74.1084349, 35.022203300000015 ], [ 74.0605232, 34.993634799999988 ], [ 74.0724998, 34.936559500000016 ], [ 74.0438898, 34.9218566 ], [ 74.029564399999984, 34.8769567 ], [ 73.974373599999979, 34.8653406 ], [ 73.9643851, 34.8417088 ], [ 73.9181532, 34.8144832 ], [ 73.8919281, 34.8190859 ], [ 74.453635299999988, 34.4770639 ], [ 74.9805615, 33.9139182 ], [ 75.1638992, 33.6506957 ], [ 75.2897969, 33.5150962 ], [ 75.448232499999989, 33.4186496 ], [ 75.643704299999982, 33.241344199999986 ], [ 75.8756721, 33.1463254 ], [ 76.2420798, 32.93868 ], [ 76.760320799999988, 32.5406952 ], [ 76.9792874, 32.419669 ], [ 77.1567645, 32.355399 ], [ 77.626345199999975, 32.1316056 ], [ 77.7998632, 31.9316114 ], [ 77.8015386, 31.84004 ], [ 77.746970699999977, 31.7380424 ], [ 77.737408899999977, 31.6462707 ], [ 77.830385299999989, 31.493133 ], [ 78.3910897, 31.253412199999978 ], [ 78.7633607, 31.1214348 ], [ 78.993834599999985, 31.0843749 ], [ 78.998928, 31.147191 ], [ 78.9309901, 31.220011199999988 ], [ 78.9244463, 31.2537937 ], [ 78.894953, 31.2656069 ], [ 78.873704, 31.3079026 ], [ 78.844502, 31.325157 ], [ 78.8558307, 31.3494074 ], [ 78.842796, 31.376267800000011 ], [ 78.7920248, 31.3962575 ], [ 78.8111832, 31.4478213 ], [ 78.764686200000014, 31.4857367 ], [ 78.7323112, 31.4800048 ], [ 78.722426599999977, 31.5135466 ], [ 78.7370745, 31.5361099 ], [ 78.8132012, 31.5713112 ], [ 78.8470958, 31.6104183 ], [ 78.8027969, 31.65278390000001 ], [ 78.795776, 31.6851056 ], [ 78.7504997, 31.687266 ], [ 78.727533599999987, 31.7365947 ], [ 78.7409078, 31.759203 ], [ 78.707623099999978, 31.7887491 ], [ 78.711003, 31.812604 ], [ 78.7381662, 31.8327458 ], [ 78.745963099999983, 31.902064 ], [ 78.7877547, 31.9953476 ], [ 78.7481291, 32.003217 ], [ 78.6647406, 32.1028415 ], [ 78.614203299999986, 32.1177813 ], [ 78.5912444, 32.154427399999989 ], [ 78.610683699999981, 32.1782331 ], [ 78.6099576, 32.2145191 ], [ 78.5565016, 32.245891199999988 ], [ 78.456247, 32.2424486 ], [ 78.4832762, 32.280021600000012 ], [ 78.481308899999988, 32.3483017 ], [ 78.5361725, 32.414614 ], [ 78.4955334, 32.4219879 ], [ 78.455551599999978, 32.4525904 ], [ 78.466238, 32.486375599999981 ], [ 78.455942499999978, 32.5016102 ], [ 78.3999844, 32.525973199999989 ], [ 78.3278232, 32.4722477 ], [ 78.2959817, 32.5043177 ], [ 78.3166967, 32.5256558 ], [ 78.314229799999978, 32.5739507 ], [ 78.4065673, 32.6196593 ], [ 78.3809816, 32.6684963 ], [ 78.390801, 32.7567455 ], [ 78.3627469, 32.7600531 ], [ 78.3055807, 32.7344702 ], [ 78.313608500000015, 32.7094152 ], [ 78.2543921, 32.6913028 ], [ 78.2306929, 32.665808600000013 ], [ 78.201672799999983, 32.6605023 ], [ 78.1702635, 32.675705499999985 ], [ 78.1391434, 32.6390099 ], [ 78.111043299999977, 32.6588628 ], [ 78.0828979, 32.620979099999985 ], [ 78.0514709, 32.632352 ], [ 78.0532834, 32.588638599999989 ], [ 77.994157699999988, 32.5886821 ], [ 77.9208592, 32.6900244 ], [ 77.932906, 32.763076399999981 ], [ 77.8986645, 32.772464 ], [ 77.8654598, 32.8255683 ], [ 77.785592, 32.8557491 ], [ 77.7838929, 32.8776009 ], [ 77.8081436, 32.9027371 ], [ 77.7305654, 32.9692909 ], [ 77.683284199999989, 32.9835928 ], [ 77.534133399999988, 33.5837569 ], [ 77.3951436, 33.6488151 ], [ 76.8120712, 34.0031123 ], [ 76.726771099999965, 34.1739063 ], [ 76.687621899999982, 34.3358981 ], [ 76.5164929, 34.6577147 ], [ 76.2891931, 34.891838799999988 ], [ 76.0406952, 35.0390742 ], [ 75.638072, 35.248831 ], [ 74.6638906, 35.688572699999987 ], [ 74.343904899999984, 35.7831755 ], [ 73.954827299999963, 35.846199499999983 ], [ 73.5876214, 35.9282028 ], [ 73.2021583, 35.9134934 ] ] ] } },
{ "type": "Feature", "properties": { "FEATURE_ID": "AESR_10_4_P01", "AESR_UID": "AESR_10_4", "aesr_code": "10.4", "PART_NO": 1, "NPARTS": 1, "aer_code": 10, "subregion": "Satpura range and Wainganga Valley", "SOIL_GRP": "Mixed Red-Black", "CLIM_STD": "Moist subhumid", "LGP_ORDER": 6, "lgp_ref": "180-210 days", "AWC_REF": "Low to Medium", "AREA_KM2": 52539.388295305711 }, "geometry": { "type": "Polygon", "coordinates": [ [ [ 80.5310036, 23.232345 ], [ 80.4253302, 23.1644602 ], [ 80.3410136, 23.1646722 ], [ 80.214474, 23.1259225 ], [ 79.930119300000015, 22.8824359 ], [ 79.8670083, 22.8921385 ], [ 79.740700299999986, 22.9406992 ], [ 79.635594199999986, 22.9015047 ], [ 79.5833136, 22.8039243 ], [ 79.4471728, 22.6865572 ], [ 79.3315127, 22.715325 ], [ 79.2261919, 22.7635472 ], [ 79.0582197, 22.7431097 ], [ 78.9748649, 22.6548697 ], [ 78.796127099999978, 22.6827909 ], [ 78.6491229, 22.6815542 ], [ 78.5347137, 22.5830475 ], [ 78.4521598, 22.4652961 ], [ 78.348071, 22.4057329 ], [ 78.278767299999984, 22.3864826 ], [ 78.2772618, 22.1457248 ], [ 78.306024, 22.1051293 ], [ 78.331187499999984, 22.0995635 ], [ 78.4015147, 21.9907201 ], [ 78.4552472, 21.9518234 ], [ 78.5023019, 21.9464522 ], [ 78.5339032, 21.9219204 ], [ 78.5452365, 21.888421 ], [ 78.4054335, 21.6678322 ], [ 78.4349348, 21.5001512 ], [ 78.4853129, 21.5045504 ], [ 78.5135173, 21.5268487 ], [ 78.571554399999982, 21.5141781 ], [ 78.5899011, 21.4854131 ], [ 78.6892278, 21.4805702 ], [ 78.7293888, 21.4630373 ], [ 78.751723400000017, 21.4925088 ], [ 78.7774585, 21.4658236 ], [ 78.7898959, 21.4878139 ], [ 78.856907400000011, 21.494421 ], [ 78.885251599999989, 21.4837231 ], [ 78.9011846, 21.4993154 ], [ 78.9372751, 21.4861908 ], [ 78.9461071, 21.5124659 ], [ 78.9098678, 21.5535198 ], [ 78.9332887, 21.5589796 ], [ 78.917087799999962, 21.5695746 ], [ 78.918693, 21.5910009 ], [ 79.000008799999989, 21.6174252 ], [ 79.0151191, 21.6002055 ], [ 79.0937429, 21.5979608 ], [ 79.146792499999989, 21.638291 ], [ 79.1535565, 21.6592613 ], [ 79.2256912, 21.6496237 ], [ 79.234497, 21.7226575 ], [ 79.3549323, 21.6777775 ], [ 79.400719, 21.6735117 ], [ 79.4217701, 21.6903683 ], [ 79.494625, 21.6731218 ], [ 79.5177018, 21.630213 ], [ 79.504253899999981, 21.6114697 ], [ 79.5118875, 21.5894014 ], [ 79.5310472, 21.5764781 ], [ 79.5075397, 21.4826806 ], [ 79.5147373, 21.2940237 ], [ 79.5671478, 21.1542111 ], [ 79.6192899, 21.0691587 ], [ 79.613269699999989, 20.9109412 ], [ 79.5747118, 20.8195754 ], [ 79.5565316, 20.687361 ], [ 79.756105, 20.704393 ], [ 80.092261400000012, 20.6619813 ], [ 80.273264, 20.6800096 ], [ 80.4028562, 20.7831348 ], [ 80.5064518, 20.8071554 ], [ 80.5532201, 20.8041522 ], [ 80.5486972, 20.9350309 ], [ 80.465886399999988, 20.929175 ], [ 80.430532499999984, 21.0104598 ], [ 80.4541256, 21.037468 ], [ 80.4454265, 21.1221095 ], [ 80.4640794, 21.1734878 ], [ 80.6103013, 21.2281353 ], [ 80.6798364, 21.2989722 ], [ 80.663424, 21.3313835 ], [ 80.7371643, 21.4725287 ], [ 80.7375882, 21.5390905 ], [ 80.7161572, 21.5870266 ], [ 80.729380899999981, 21.6229979 ], [ 80.7144306, 21.6642523 ], [ 80.7254583, 21.711953 ], [ 80.749905699999985, 21.7580232 ], [ 80.7896862, 21.739699 ], [ 80.8181671, 21.7476378 ], [ 80.8481737, 21.856461 ], [ 80.8310576, 21.8893033 ], [ 80.84355309999998, 21.9355459 ], [ 80.8254462, 21.9566343 ], [ 80.8527871, 21.9607653 ], [ 80.9131408, 22.1141413 ], [ 80.952608799999965, 22.1172098 ], [ 80.9704717, 22.0581909 ], [ 80.9948339, 22.048357 ], [ 81.010775, 22.096712 ], [ 80.978840300000016, 22.121238 ], [ 81.022886700000015, 22.1324935 ], [ 81.0265603, 22.2288355 ], [ 81.0918053, 22.2464287 ], [ 81.1209889, 22.2940245 ], [ 81.112078899999986, 22.4322286 ], [ 81.155273599999987, 22.4552994 ], [ 81.177864299999968, 22.487419 ], [ 81.194079099999982, 22.488648 ], [ 81.201378599999984, 22.4615613 ], [ 81.230773499999984, 22.4511258 ], [ 81.262731500000015, 22.4720013 ], [ 81.2676862, 22.493064 ], [ 81.2874452, 22.4983232 ], [ 81.311209300000016, 22.4813085 ], [ 81.3231476, 22.4892616 ], [ 81.330192599999975, 22.5238489 ], [ 81.3859933, 22.5048966 ], [ 81.403796, 22.4410221 ], [ 81.4261942, 22.4539249 ], [ 81.431703, 22.4789156 ], [ 81.4553122, 22.4670983 ], [ 81.445343, 22.4936062 ], [ 81.487132299999971, 22.4930157 ], [ 81.526370299999982, 22.5396601 ], [ 81.5642419, 22.5318824 ], [ 81.5703758, 22.5507117 ], [ 81.6231187, 22.5387891 ], [ 81.6308903, 22.5640188 ], [ 81.6560197, 22.5687098 ], [ 81.648729, 22.607236 ], [ 81.663890099999989, 22.6316799 ], [ 81.6859493, 22.6485503 ], [ 81.7062245, 22.6455705 ], [ 81.6734003, 22.6832143 ], [ 81.265724, 22.877184 ], [ 81.2135967, 22.9263342 ], [ 81.2411014, 23.0528001 ], [ 81.2312153, 23.1210979 ], [ 81.1475729, 23.1948416 ], [ 81.0110213, 23.2591538 ], [ 80.8792487, 23.2697159 ], [ 80.7631353, 23.2557231 ], [ 80.599635599999985, 23.3321515 ], [ 80.5310036, 23.232345 ] ] ] } },
{ "type": "Feature", "properties": { "FEATURE_ID": "AESR_02_1_P01", "AESR_UID": "AESR_02_1", "aesr_code": "2.1", "PART_NO": 1, "NPARTS": 1, "aer_code": 2, "subregion": "Marusthali (Western Plain)", "SOIL_GRP": "Desert", "CLIM_STD": "Hyper-arid", "LGP_ORDER": null, "lgp_ref": "< 60 days", "AWC_REF": "Very Low", "AREA_KM2": 125091.17141600991 }, "geometry": { "type": "Polygon", "coordinates": [ [ [ 74.4376032, 29.9494042 ], [ 74.3483173, 30.176297699999985 ], [ 74.298871099999985, 30.2653751 ], [ 74.1269997, 30.2864847 ], [ 73.967971, 30.261157699999988 ], [ 73.9759122, 30.1964342 ], [ 73.8032116, 30.0713906 ], [ 73.619980700000013, 30.0246304 ], [ 73.3997113, 29.9406888 ], [ 73.2786709, 29.5596968 ], [ 73.095676199999986, 29.2520611 ], [ 72.9988058, 29.1426904 ], [ 72.9474066, 29.0303997 ], [ 72.716398, 28.9389098 ], [ 72.388863899999976, 28.7687992 ], [ 72.3021159, 28.6734316 ], [ 72.2052064, 28.3903582 ], [ 72.128713, 28.3087977 ], [ 71.999083, 28.2141127 ], [ 71.935039199999977, 28.1326943 ], [ 71.898657, 27.9632137 ], [ 71.658850499999986, 27.8755654 ], [ 71.409752, 27.8734683 ], [ 71.272631099999984, 27.8501777 ], [ 70.882538, 27.7082261 ], [ 70.7678548, 27.7248987 ], [ 70.7445889, 27.7430515 ], [ 70.6874448, 27.8281503 ], [ 70.677013699999989, 27.9239492 ], [ 70.592453, 28.0096449 ], [ 70.4967233, 28.0365826 ], [ 70.3743144, 28.012031499999985 ], [ 70.31026, 27.9488792 ], [ 70.224887, 27.8983861 ], [ 70.134689, 27.807024 ], [ 70.024647399999978, 27.5613169 ], [ 69.9407873, 27.5024923 ], [ 69.8716669, 27.4091842 ], [ 69.5896852, 27.182938 ], [ 69.514166599999967, 27.0095603 ], [ 69.484365299999979, 26.8080019 ], [ 69.5068792, 26.7507797 ], [ 69.7109035, 26.6619974 ], [ 69.8044371, 26.5976358 ], [ 69.879365, 26.5805617 ], [ 70.064332, 26.6001752 ], [ 70.117859699999983, 26.588395399999989 ], [ 70.1732995, 26.5510992 ], [ 70.1841913, 26.3754416 ], [ 70.1657016, 26.300887 ], [ 70.1740147, 26.2420037 ], [ 70.14746169999998, 26.1703637 ], [ 70.086414899999966, 26.0878573 ], [ 70.099271499999986, 25.9354616 ], [ 70.168784, 25.8304838 ], [ 70.2353911, 25.7768703 ], [ 70.2760591, 25.7092609 ], [ 70.3907328, 25.673558 ], [ 70.5277741, 25.6858673 ], [ 70.6089455, 25.7154281 ], [ 70.6579824, 25.7058055 ], [ 70.6731146, 25.6692333 ], [ 70.667772900000017, 25.5322492 ], [ 70.6794527, 25.5256603 ], [ 70.665337799999989, 25.3975728 ], [ 70.735465199999979, 25.3288481 ], [ 70.7575762, 25.2726958 ], [ 70.8855189, 25.1511741 ], [ 70.9363088, 24.9412842 ], [ 71.014355499999979, 24.8275243 ], [ 71.0634962, 24.7180805 ], [ 71.1099736, 24.6745264 ], [ 71.2233682, 24.6359234 ], [ 71.254437099999976, 24.7936602 ], [ 71.4021889, 24.9425394 ], [ 71.6010324, 25.0120457 ], [ 71.8397113, 25.1321819 ], [ 72.01626730000001, 25.3950732 ], [ 72.0876004, 25.4572655 ], [ 72.4084093, 25.4830593 ], [ 72.5454422, 25.5287201 ], [ 72.777710099999979, 25.7932464 ], [ 72.800048, 25.9697832 ], [ 72.7782531, 26.1637498 ], [ 72.781845299999972, 26.290634 ], [ 72.8273215, 26.6338177 ], [ 72.9153991, 26.8034525 ], [ 73.1735435, 27.0486515 ], [ 73.1961328, 27.2346432 ], [ 73.269606400000015, 27.286479699999987 ], [ 73.3560703, 27.2998842 ], [ 73.4162265, 27.3997532 ], [ 73.5843994, 27.523473400000011 ], [ 73.7037447, 27.5380078 ], [ 73.774231199999988, 27.6575665 ], [ 73.7779081, 27.8036425 ], [ 73.666384799999989, 28.061836799999988 ], [ 73.69888659999998, 28.2867615 ], [ 73.8170497, 28.3400021 ], [ 74.0254088, 28.3479601 ], [ 74.1190758, 28.4583525 ], [ 74.1190501, 28.6915357 ], [ 74.1479297, 28.7800176 ], [ 74.233271799999983, 28.841391399999988 ], [ 74.3852407, 28.8953518 ], [ 74.4580223, 28.9949811 ], [ 74.6198662, 29.3269506 ], [ 74.604344699999984, 29.3271853 ], [ 74.60533980000001, 29.3610859 ], [ 74.566499, 29.4176661 ], [ 74.5399771, 29.424088 ], [ 74.5378195, 29.4486779 ], [ 74.5515787, 29.4656898 ], [ 74.587698599999968, 29.4576461 ], [ 74.623363499999982, 29.5261174 ], [ 74.5755116, 29.562643 ], [ 74.6147946, 29.7521142 ], [ 74.5960512, 29.7678035 ], [ 74.535123, 29.7407831 ], [ 74.4812369, 29.7435804 ], [ 74.4799113, 29.8016028 ], [ 74.501098599999963, 29.8260921 ], [ 74.5420297, 29.838783699999983 ], [ 74.5613935, 29.8730014 ], [ 74.5433175, 29.9021767 ], [ 74.5146406, 29.9073927 ], [ 74.5287461, 29.9429879 ], [ 74.4376032, 29.9494042 ] ] ] } },
{ "type": "Feature", "properties": { "FEATURE_ID": "AESR_02_2_P01", "AESR_UID": "AESR_02_2", "aesr_code": "2.2", "PART_NO": 1, "NPARTS": 1, "aer_code": 2, "subregion": "Kachchh Peninsula (Great Rann of Kachchh as inclusion)", "SOIL_GRP": "Saline/Sodic", "CLIM_STD": "Hyper-arid", "LGP_ORDER": null, "lgp_ref": "< 60 days", "AWC_REF": "Low", "AREA_KM2": 17355.069899510083 }, "geometry": { "type": "MultiPolygon", "coordinates": [ [ [ [ 68.8243374, 24.3167577 ], [ 68.761677800000015, 24.2920845 ], [ 68.7525532, 23.967370899999988 ], [ 68.5450078, 23.9672831 ], [ 68.537363, 23.9468098 ], [ 68.559301399999981, 23.9318066 ], [ 68.5587482, 23.9240284 ], [ 68.5795841, 23.9243145 ], [ 68.588472400000015, 23.9223576 ], [ 68.5959682, 23.9418049 ], [ 68.6223583, 23.9273624 ], [ 68.6198597, 23.9065304 ], [ 68.6381931, 23.9031963 ], [ 68.6617985, 23.9226399 ], [ 68.6631947, 23.9173603 ], [ 68.6384678, 23.8948612 ], [ 68.6134739, 23.9031963 ], [ 68.5729122, 23.8809719 ], [ 68.5468082, 23.8359699 ], [ 68.5148716, 23.8240299 ], [ 68.5226383, 23.8176518 ], [ 68.5259724, 23.8020802 ], [ 68.5309849, 23.8020802 ], [ 68.5334721, 23.811533 ], [ 68.537363, 23.8151417 ], [ 68.5309849, 23.8001423 ], [ 68.5179081, 23.7954197 ], [ 68.5154209, 23.7854214 ], [ 68.526254600000016, 23.7734737 ], [ 68.5251408, 23.7590275 ], [ 68.5334721, 23.7559719 ], [ 68.574583, 23.8212528 ], [ 68.600137699999976, 23.8395824 ], [ 68.598749199999986, 23.8473606 ], [ 68.603754, 23.8501415 ], [ 68.6048603, 23.8381977 ], [ 68.637361500000011, 23.8359699 ], [ 68.660139099999967, 23.8584728 ], [ 68.7162495, 23.8573628 ], [ 68.736528399999983, 23.8626423 ], [ 68.7543049, 23.8751431 ], [ 68.7612553, 23.8754215 ], [ 68.729028699999986, 23.8548603 ], [ 68.737077699999972, 23.8432026 ], [ 68.722085899999982, 23.8318081 ], [ 68.7431889, 23.8437519 ], [ 68.7426395, 23.83708 ], [ 68.666254, 23.8084736 ], [ 68.6326389, 23.7579174 ], [ 68.524866099999983, 23.6906986 ], [ 68.5201435, 23.6545849 ], [ 68.5298595, 23.6620846 ], [ 68.534029, 23.661253 ], [ 68.536531399999973, 23.66292 ], [ 68.539018599999977, 23.6623631 ], [ 68.523195300000012, 23.6512508 ], [ 68.5006962, 23.6570835 ], [ 68.4890308, 23.6354198 ], [ 68.4948597, 23.6076412 ], [ 68.48736, 23.5779171 ], [ 68.497362099999989, 23.5473614 ], [ 68.4920826, 23.5495853 ], [ 68.4840183, 23.5481892 ], [ 68.499033, 23.5151424 ], [ 68.4918079, 23.5009708 ], [ 68.5037556, 23.5059719 ], [ 68.499033, 23.4940281 ], [ 68.5145817, 23.4929218 ], [ 68.5129185, 23.4876423 ], [ 68.5190296, 23.4890308 ], [ 68.5129185, 23.4848614 ], [ 68.502359399999989, 23.4918118 ], [ 68.502359399999989, 23.4654217 ], [ 68.523195300000012, 23.4465313 ], [ 68.512361499999983, 23.4679203 ], [ 68.5159779, 23.47542 ], [ 68.5356998, 23.4212513 ], [ 68.5604191, 23.419309600000012 ], [ 68.5706882, 23.3751316 ], [ 68.5809727, 23.3898602 ], [ 68.6031971, 23.3593082 ], [ 68.596254299999984, 23.3790302 ], [ 68.600137699999976, 23.3845844 ], [ 68.6331959, 23.3520832 ], [ 68.6370907, 23.3462505 ], [ 68.6348591, 23.3393116 ], [ 68.6245823, 23.3390293 ], [ 68.6356983, 23.3165302 ], [ 68.644575099999983, 23.3226414 ], [ 68.6501408, 23.3043079 ], [ 68.6568088, 23.3031979 ], [ 68.6587543, 23.3229237 ], [ 68.6679249, 23.3254223 ], [ 68.6587543, 23.3034725 ], [ 68.6947697, 23.3098621 ], [ 68.6295948, 23.2951412 ], [ 68.640687899999989, 23.266531 ], [ 68.6562519, 23.2720814 ], [ 68.6718082, 23.2701397 ], [ 68.640420899999981, 23.2445812 ], [ 68.603754, 23.2429295 ], [ 68.6190281, 23.219862 ], [ 68.6237507, 23.2262516 ], [ 68.639864, 23.2223606 ], [ 68.6306934, 23.2131939 ], [ 68.601251600000012, 23.2184696 ], [ 68.5990314, 23.2404194 ], [ 68.584589, 23.2329197 ], [ 68.637361500000011, 23.1829489 ], [ 68.665302900000015, 23.1948575 ], [ 68.8013026, 23.3593939 ], [ 68.883702299999982, 23.4358159 ], [ 68.9358504, 23.4454764 ], [ 69.214564099999976, 23.610109 ], [ 69.347470499999986, 23.6448544 ], [ 69.882888199999968, 23.6617293 ], [ 70.7013844, 23.8280282 ], [ 70.946914599999985, 24.0507467 ], [ 71.0998329, 24.2427861 ], [ 71.1120755, 24.3965475 ], [ 71.0367977, 24.3532769 ], [ 71.0024683, 24.352926 ], [ 70.987894700000012, 24.3667055 ], [ 70.949048, 24.3525162 ], [ 70.8740095, 24.2972803 ], [ 70.877903899999978, 24.2753563 ], [ 70.9072476, 24.2633023 ], [ 70.8789921, 24.2464115 ], [ 70.8339203, 24.228846 ], [ 70.7111849, 24.2168847 ], [ 70.6446971, 24.2245928 ], [ 70.5760517, 24.2522268 ], [ 70.5599082, 24.3523817 ], [ 70.6000266, 24.4082461 ], [ 70.5735769, 24.421689 ], [ 70.3724353, 24.353691599999987 ], [ 70.3040395, 24.3481144 ], [ 70.1092625, 24.2945717 ], [ 70.0656003, 24.1980725 ], [ 70.016474, 24.1699129 ], [ 69.7300927, 24.171839 ], [ 69.587869899999973, 24.2913263 ], [ 69.484446, 24.2677952 ], [ 69.4430566, 24.2800158 ], [ 69.375073, 24.270400699999989 ], [ 69.3086308, 24.2807058 ], [ 69.1927683, 24.237929 ], [ 69.092014099999986, 24.2723345 ], [ 69.0051907, 24.2231907 ], [ 68.98208289999998, 24.2333803 ], [ 68.943174899999988, 24.3021206 ], [ 68.902737499999986, 24.2745984 ], [ 68.8679183, 24.2119275 ], [ 68.852766, 24.2168331 ], [ 68.8243374, 24.3167577 ] ] ], [ [ [ 68.397919, 23.78486 ], [ 68.350417, 23.800689 ], [ 68.348747, 23.781528 ], [ 68.334862, 23.758751 ], [ 68.351808, 23.743749 ], [ 68.350137, 23.73208 ], [ 68.339578, 23.74292 ], [ 68.33403, 23.710971 ], [ 68.329581, 23.72375 ], [ 68.318466, 23.7182 ], [ 68.306252, 23.681249 ], [ 68.269576, 23.64958 ], [ 68.231246, 23.642916 ], [ 68.259309, 23.645961 ], [ 68.280418, 23.652089 ], [ 68.311813, 23.650141 ], [ 68.260138, 23.63986 ], [ 68.210136, 23.640418 ], [ 68.204582, 23.647641 ], [ 68.186249, 23.624309 ], [ 68.197907, 23.596531 ], [ 68.225983, 23.60681 ], [ 68.221252, 23.58986 ], [ 68.250138, 23.590694 ], [ 68.242081, 23.606251 ], [ 68.264031, 23.602359 ], [ 68.277093, 23.632642 ], [ 68.306808, 23.630702 ], [ 68.313751, 23.62236 ], [ 68.277916, 23.631251 ], [ 68.27292, 23.617921 ], [ 68.292641, 23.600139 ], [ 68.274308, 23.591811 ], [ 68.294861, 23.578751 ], [ 68.304322, 23.596531 ], [ 68.314858, 23.583196 ], [ 68.346803, 23.59819 ], [ 68.38958, 23.685973 ], [ 68.375419, 23.643189 ], [ 68.390418, 23.654307 ], [ 68.418456, 23.724299 ], [ 68.417358, 23.760417 ], [ 68.411247, 23.759861 ], [ 68.404588, 23.75236 ], [ 68.399856, 23.75014 ], [ 68.399307, 23.750972 ], [ 68.41153, 23.761529 ], [ 68.418199, 23.762639 ], [ 68.426246, 23.794861 ], [ 68.397919, 23.78486 ] ] ], [ [ [ 68.358467, 23.97458 ], [ 68.338197, 23.920417 ], [ 68.28347, 23.920419 ], [ 68.261253, 23.88653 ], [ 68.259017, 23.875142 ], [ 68.293197, 23.875142 ], [ 68.302359, 23.86708 ], [ 68.309593, 23.87903 ], [ 68.317643, 23.88042 ], [ 68.305138, 23.865695 ], [ 68.257919, 23.870702 ], [ 68.249581, 23.848749 ], [ 68.257919, 23.845422 ], [ 68.263473, 23.837916 ], [ 68.276801, 23.835694 ], [ 68.283187, 23.841821 ], [ 68.28736, 23.839307 ], [ 68.27736, 23.834304 ], [ 68.26097, 23.83736 ], [ 68.262078, 23.82625 ], [ 68.260407, 23.824859 ], [ 68.245406, 23.853759 ], [ 68.23458, 23.83597 ], [ 68.211251, 23.83042 ], [ 68.217917, 23.78125 ], [ 68.234307, 23.77486 ], [ 68.219581, 23.75486 ], [ 68.213753, 23.755416 ], [ 68.212906, 23.762639 ], [ 68.211807, 23.763482 ], [ 68.192642, 23.73097 ], [ 68.245139, 23.679027 ], [ 68.266807, 23.691806 ], [ 68.254028, 23.71875 ], [ 68.265686, 23.792922 ], [ 68.295693, 23.804311 ], [ 68.288751, 23.817361 ], [ 68.30375, 23.824584 ], [ 68.314582, 23.82403 ], [ 68.320969, 23.807082 ], [ 68.337371, 23.819032 ], [ 68.346527, 23.90403 ], [ 68.41153, 23.92598 ], [ 68.433747, 23.964028 ], [ 68.358467, 23.97458 ] ] ], [ [ [ 68.443748, 23.96764 ], [ 68.428193, 23.93653 ], [ 68.448762, 23.94014 ], [ 68.462913, 23.931805 ], [ 68.453186, 23.879859 ], [ 68.439857, 23.866529 ], [ 68.428193, 23.861811 ], [ 68.443465, 23.848471 ], [ 68.472358, 23.86208 ], [ 68.479576, 23.889031 ], [ 68.467362, 23.894583 ], [ 68.504585, 23.908472 ], [ 68.518472, 23.924305 ], [ 68.505692, 23.941804 ], [ 68.519028, 23.938189 ], [ 68.497643, 23.9674709 ], [ 68.443748, 23.96764 ] ] ], [ [ [ 68.420692, 23.868473 ], [ 68.387642, 23.874032 ], [ 68.377906, 23.87431 ], [ 68.377083, 23.857916 ], [ 68.344307, 23.839309 ], [ 68.33014, 23.787361 ], [ 68.35514, 23.810973 ], [ 68.401527, 23.790417 ], [ 68.390136, 23.809585 ], [ 68.389313, 23.83042 ], [ 68.379586, 23.838195 ], [ 68.389862, 23.832082 ], [ 68.405417, 23.793191 ], [ 68.41597, 23.802079 ], [ 68.406516, 23.811809 ], [ 68.406808, 23.815695 ], [ 68.41153, 23.820973 ], [ 68.410142, 23.809031 ], [ 68.426529, 23.810421 ], [ 68.439308, 23.839031 ], [ 68.420692, 23.868473 ] ] ], [ [ [ 68.494584, 23.830972 ], [ 68.447907, 23.806531 ], [ 68.456527, 23.774028 ], [ 68.437362, 23.739312 ], [ 68.476807, 23.740691 ], [ 68.464028, 23.766251 ], [ 68.465416, 23.77542 ], [ 68.488198, 23.748472 ], [ 68.487639, 23.737081 ], [ 68.507363, 23.74847 ], [ 68.502907, 23.754311 ], [ 68.492364, 23.757351 ], [ 68.489586, 23.759583 ], [ 68.516808, 23.75458 ], [ 68.522362, 23.77542 ], [ 68.498474, 23.794583 ], [ 68.512359, 23.788749 ], [ 68.51986, 23.817922 ], [ 68.494584, 23.830972 ] ] ], [ [ [ 68.447365, 23.938472 ], [ 68.352913, 23.900693 ], [ 68.353202, 23.883739 ], [ 68.355698, 23.88458 ], [ 68.35431, 23.888201 ], [ 68.358467, 23.894029 ], [ 68.367363, 23.893195 ], [ 68.367638, 23.890694 ], [ 68.355972, 23.890141 ], [ 68.35653, 23.863201 ], [ 68.350137, 23.845971 ], [ 68.377357, 23.87653 ], [ 68.417075, 23.872361 ], [ 68.408469, 23.88514 ], [ 68.422363, 23.894861 ], [ 68.410698, 23.885421 ], [ 68.419587, 23.870971 ], [ 68.442093, 23.870422 ], [ 68.44403, 23.919309 ], [ 68.458747, 23.930691 ], [ 68.447365, 23.938472 ] ] ], [ [ [ 68.306808, 23.823749 ], [ 68.290139, 23.816805 ], [ 68.298195, 23.80375 ], [ 68.275406, 23.795142 ], [ 68.267639, 23.772362 ], [ 68.257362, 23.715974 ], [ 68.274032, 23.70125 ], [ 68.294585, 23.723189 ], [ 68.284858, 23.732085 ], [ 68.285699, 23.754584 ], [ 68.291253, 23.727641 ], [ 68.324303, 23.734309 ], [ 68.322366, 23.804862 ], [ 68.306808, 23.823749 ] ] ], [ [ [ 68.534859, 23.945973 ], [ 68.537637, 23.917638 ], [ 68.51403, 23.904583 ], [ 68.525696, 23.892641 ], [ 68.512085, 23.903195 ], [ 68.485969, 23.889869 ], [ 68.490967, 23.866251 ], [ 68.502082, 23.87542 ], [ 68.517081, 23.856528 ], [ 68.532639, 23.876252 ], [ 68.546806, 23.872917 ], [ 68.588753, 23.916811 ], [ 68.558473, 23.923195 ], [ 68.534859, 23.945973 ] ] ], [ [ [ 68.494857, 23.455972 ], [ 68.470138, 23.478196 ], [ 68.457076, 23.47875 ], [ 68.460137, 23.468471 ], [ 68.445138, 23.467919 ], [ 68.434859, 23.440417 ], [ 68.412086, 23.443471 ], [ 68.412651, 23.432082 ], [ 68.421517, 23.420142 ], [ 68.418199, 23.439861 ], [ 68.430419, 23.43125 ], [ 68.44014, 23.444861 ], [ 68.474587, 23.459863 ], [ 68.458191, 23.417917 ], [ 68.483749, 23.402916 ], [ 68.494857, 23.455972 ] ] ], [ [ [ 68.557082, 23.313752 ], [ 68.567917, 23.281249 ], [ 68.556251, 23.274031 ], [ 68.543198, 23.285974 ], [ 68.538193, 23.27125 ], [ 68.574028, 23.245141 ], [ 68.584298, 23.253749 ], [ 68.572364, 23.260974 ], [ 68.614861, 23.271531 ], [ 68.612076, 23.296531 ], [ 68.595696, 23.299582 ], [ 68.582078, 23.310142 ], [ 68.588195, 23.295416 ], [ 68.572357, 23.303751 ], [ 68.571532, 23.30097 ], [ 68.575149, 23.29514 ], [ 68.574028, 23.294306 ], [ 68.557082, 23.313752 ] ] ], [ [ [ 68.484863, 23.592638 ], [ 68.435418, 23.557084 ], [ 68.430419, 23.507651 ], [ 68.445968, 23.540141 ], [ 68.481246, 23.56125 ], [ 68.484863, 23.592638 ] ] ], [ [ [ 68.589576, 23.37403 ], [ 68.567917, 23.37207 ], [ 68.579309, 23.360139 ], [ 68.578194, 23.351804 ], [ 68.618195, 23.328195 ], [ 68.60875, 23.364312 ], [ 68.610695, 23.351804 ], [ 68.594857, 23.359029 ], [ 68.589576, 23.37403 ] ] ], [ [ [ 68.244857, 23.88042 ], [ 68.215698, 23.866529 ], [ 68.215973, 23.84763 ], [ 68.233468, 23.842359 ], [ 68.251808, 23.86236 ], [ 68.244857, 23.88042 ] ] ], [ [ [ 68.455695, 23.624861 ], [ 68.434593, 23.61625 ], [ 68.440407, 23.58653 ], [ 68.451821, 23.602922 ], [ 68.46653, 23.60098 ], [ 68.455695, 23.624861 ] ] ], [ [ [ 68.504029, 23.342362 ], [ 68.502358, 23.32375 ], [ 68.535697, 23.316528 ], [ 68.527641, 23.337083 ], [ 68.504029, 23.342362 ] ] ], [ [ [ 68.482085, 23.627919 ], [ 68.468194, 23.610972 ], [ 68.47847, 23.590694 ], [ 68.47847, 23.606251 ], [ 68.482634, 23.607361 ], [ 68.489296, 23.603471 ], [ 68.49125, 23.605691 ], [ 68.482085, 23.627919 ] ] ], [ [ [ 68.542922, 23.40375 ], [ 68.537088, 23.404862 ], [ 68.528199, 23.390691 ], [ 68.54625, 23.396806 ], [ 68.554306, 23.36013 ], [ 68.567359, 23.375972 ], [ 68.542922, 23.40375 ] ] ], [ [ [ 68.58709, 23.31903 ], [ 68.598472, 23.30208 ], [ 68.618751, 23.299311 ], [ 68.609307, 23.316806 ], [ 68.58709, 23.31903 ] ] ], [ [ [ 68.526528, 23.438195 ], [ 68.503197, 23.455972 ], [ 68.502907, 23.429311 ], [ 68.520974, 23.43708 ], [ 68.513467, 23.44792 ], [ 68.526528, 23.438195 ] ] ], [ [ [ 68.455695, 23.600419 ], [ 68.444306, 23.578193 ], [ 68.451248, 23.573195 ], [ 68.467635, 23.591806 ], [ 68.455695, 23.600419 ] ] ], [ [ [ 68.47876, 23.55542 ], [ 68.457359, 23.542641 ], [ 68.453193, 23.528749 ], [ 68.476251, 23.539304 ], [ 68.47876, 23.55542 ] ] ], [ [ [ 68.464028, 23.739861 ], [ 68.459296, 23.724862 ], [ 68.487639, 23.729031 ], [ 68.484016, 23.732919 ], [ 68.464028, 23.739861 ] ] ], [ [ [ 68.46653, 23.497642 ], [ 68.458747, 23.487363 ], [ 68.459588, 23.479584 ], [ 68.471252, 23.480418 ], [ 68.46653, 23.497642 ] ] ], [ [ [ 68.481246, 23.500693 ], [ 68.472923, 23.494029 ], [ 68.479576, 23.47792 ], [ 68.48681, 23.48597 ], [ 68.481246, 23.500693 ] ] ], [ [ [ 68.216247, 23.779311 ], [ 68.214859, 23.758195 ], [ 68.217637, 23.755694 ], [ 68.22403, 23.764031 ], [ 68.216247, 23.779311 ] ] ], [ [ [ 68.497916, 23.489311 ], [ 68.484016, 23.48153 ], [ 68.487077, 23.473471 ], [ 68.496528, 23.477916 ], [ 68.497916, 23.489311 ] ] ], [ [ [ 68.349029, 23.80042 ], [ 68.341804, 23.789305 ], [ 68.340416, 23.777082 ], [ 68.346803, 23.780138 ], [ 68.349029, 23.80042 ] ] ], [ [ [ 68.607919, 23.805692 ], [ 68.593476, 23.803472 ], [ 68.597084, 23.795693 ], [ 68.607919, 23.805692 ] ] ], [ [ [ 68.527358, 23.39903 ], [ 68.520416, 23.39403 ], [ 68.527358, 23.386249 ], [ 68.527358, 23.39903 ] ] ], [ [ [ 68.61097, 23.229312 ], [ 68.604584, 23.223749 ], [ 68.612924, 23.221251 ], [ 68.61097, 23.229312 ] ] ], [ [ [ 68.532639, 23.873751 ], [ 68.524306, 23.86014 ], [ 68.524026, 23.858472 ], [ 68.534859, 23.86486 ], [ 68.532639, 23.873751 ] ] ], [ [ [ 68.255143, 23.59014 ], [ 68.249862, 23.582915 ], [ 68.257362, 23.584306 ], [ 68.255143, 23.59014 ] ] ], [ [ [ 68.482085, 23.71986 ], [ 68.473472, 23.720972 ], [ 68.47264, 23.714581 ], [ 68.482085, 23.71986 ] ] ], [ [ [ 68.50125, 23.466249 ], [ 68.49514, 23.47403 ], [ 68.500138, 23.45514 ], [ 68.50125, 23.466249 ] ] ], [ [ [ 68.642639, 23.31403 ], [ 68.633468, 23.307639 ], [ 68.646247, 23.307359 ], [ 68.642639, 23.31403 ] ] ], [ [ [ 68.42347, 23.400689 ], [ 68.41375, 23.403194 ], [ 68.418748, 23.400418 ], [ 68.42347, 23.400689 ] ] ], [ [ [ 68.486527, 23.603195 ], [ 68.479027, 23.604041 ], [ 68.480141, 23.59819 ], [ 68.486527, 23.603195 ] ] ], [ [ [ 68.532083, 23.380695 ], [ 68.530419, 23.382917 ], [ 68.532912, 23.371806 ], [ 68.535424, 23.37125 ], [ 68.532083, 23.380695 ] ] ], [ [ [ 68.502358, 23.449581 ], [ 68.495972, 23.448474 ], [ 68.496804, 23.444027 ], [ 68.502358, 23.449581 ] ] ], [ [ [ 68.476251, 23.52764 ], [ 68.46875, 23.524583 ], [ 68.471526, 23.52069 ], [ 68.476251, 23.52764 ] ] ], [ [ [ 68.52153, 23.945416 ], [ 68.525696, 23.94953 ], [ 68.514579, 23.949583 ], [ 68.52153, 23.945416 ] ] ], [ [ [ 68.470414, 23.518751 ], [ 68.463196, 23.518751 ], [ 68.464301, 23.515417 ], [ 68.470414, 23.518751 ] ] ], [ [ [ 68.485686, 23.739312 ], [ 68.481796, 23.739032 ], [ 68.482361, 23.735971 ], [ 68.485686, 23.739312 ] ] ], [ [ [ 68.586251, 23.380141 ], [ 68.577918, 23.384029 ], [ 68.58709, 23.37597 ], [ 68.586251, 23.380141 ] ] ], [ [ [ 68.629586, 23.318472 ], [ 68.625687, 23.312081 ], [ 68.627907, 23.311532 ], [ 68.629586, 23.318472 ] ] ], [ [ [ 68.530984, 23.34292 ], [ 68.521248, 23.342638 ], [ 68.532083, 23.339305 ], [ 68.530984, 23.34292 ] ] ], [ [ [ 68.635697, 23.34542 ], [ 68.628472, 23.34875 ], [ 68.634309, 23.342359 ], [ 68.635697, 23.34542 ] ] ], [ [ [ 68.573754, 23.357361 ], [ 68.569579, 23.358749 ], [ 68.575692, 23.35236 ], [ 68.573754, 23.357361 ] ] ], [ [ [ 68.406525, 23.452638 ], [ 68.401253, 23.45514 ], [ 68.402915, 23.452079 ], [ 68.406525, 23.452638 ] ] ], [ [ [ 68.489586, 23.493749 ], [ 68.485969, 23.489031 ], [ 68.487639, 23.486522 ], [ 68.489586, 23.493749 ] ] ], [ [ [ 68.542915, 23.380973 ], [ 68.535424, 23.380701 ], [ 68.542083, 23.379304 ], [ 68.542915, 23.380973 ] ] ], [ [ [ 68.476517, 23.53292 ], [ 68.472078, 23.530969 ], [ 68.47486, 23.53042 ], [ 68.476517, 23.53292 ] ] ], [ [ [ 68.401253, 23.42318 ], [ 68.398475, 23.427084 ], [ 68.398192, 23.421806 ], [ 68.401253, 23.42318 ] ] ], [ [ [ 68.402359, 23.41931 ], [ 68.398484, 23.419032 ], [ 68.401803, 23.415971 ], [ 68.402359, 23.41931 ] ] ], [ [ [ 68.700691, 23.851806 ], [ 68.695137, 23.85153 ], [ 68.695412, 23.84903 ], [ 68.700691, 23.851806 ] ] ], [ [ [ 68.707077, 23.851249 ], [ 68.70514, 23.848471 ], [ 68.710694, 23.84931 ], [ 68.707077, 23.851249 ] ] ], [ [ [ 68.634026, 23.314028 ], [ 68.63153, 23.31764 ], [ 68.631248, 23.312081 ], [ 68.634026, 23.314028 ] ] ], [ [ [ 68.54792, 23.410417 ], [ 68.547082, 23.410971 ], [ 68.541527, 23.40543 ], [ 68.54792, 23.410417 ] ] ], [ [ [ 68.469017, 23.40347 ], [ 68.462906, 23.40375 ], [ 68.46042, 23.405141 ], [ 68.462081, 23.40236 ], [ 68.469017, 23.40347 ] ] ], [ [ [ 68.227355, 23.58542 ], [ 68.22403, 23.584028 ], [ 68.228196, 23.584306 ], [ 68.227355, 23.58542 ] ] ], [ [ [ 68.505143, 23.377362 ], [ 68.501809, 23.382085 ], [ 68.502641, 23.37847 ], [ 68.505143, 23.377362 ] ] ], [ [ [ 68.476517, 23.355421 ], [ 68.47097, 23.35597 ], [ 68.476251, 23.35347 ], [ 68.476517, 23.355421 ] ] ], [ [ [ 68.628472, 23.324863 ], [ 68.625137, 23.324306 ], [ 68.629028, 23.32153 ], [ 68.628472, 23.324863 ] ] ], [ [ [ 68.217637, 23.587084 ], [ 68.215141, 23.587079 ], [ 68.217101, 23.58625 ], [ 68.217637, 23.587084 ] ] ], [ [ [ 68.565139, 23.34264 ], [ 68.560966, 23.34292 ], [ 68.561249, 23.34181 ], [ 68.565139, 23.34264 ] ] ], [ [ [ 68.555421, 23.405141 ], [ 68.55597, 23.407085 ], [ 68.551246, 23.404306 ], [ 68.555421, 23.405141 ] ] ], [ [ [ 68.643195, 23.31542 ], [ 68.639305, 23.318472 ], [ 68.63958, 23.31625 ], [ 68.643195, 23.31542 ] ] ], [ [ [ 68.517081, 23.432641 ], [ 68.513749, 23.430416 ], [ 68.516252, 23.42986 ], [ 68.517081, 23.432641 ] ] ], [ [ [ 68.550696, 23.339305 ], [ 68.545418, 23.34042 ], [ 68.545135, 23.338752 ], [ 68.550696, 23.339305 ] ] ], [ [ [ 68.544586, 23.338471 ], [ 68.540413, 23.33931 ], [ 68.541527, 23.337081 ], [ 68.544586, 23.338471 ] ] ], [ [ [ 68.471252, 23.404306 ], [ 68.469855, 23.404582 ], [ 68.475975, 23.402916 ], [ 68.471252, 23.404306 ] ] ], [ [ [ 68.660423, 23.26875 ], [ 68.657082, 23.26875 ], [ 68.66014, 23.267916 ], [ 68.660423, 23.26875 ] ] ], [ [ [ 68.555421, 23.339021 ], [ 68.553748, 23.34181 ], [ 68.553192, 23.339862 ], [ 68.555421, 23.339021 ] ] ], [ [ [ 68.597642, 23.26014 ], [ 68.595413, 23.26153 ], [ 68.593749, 23.262084 ], [ 68.594581, 23.259581 ], [ 68.597642, 23.26014 ] ] ], [ [ [ 68.556526, 23.40375 ], [ 68.552918, 23.40208 ], [ 68.556809, 23.40264 ], [ 68.556526, 23.40375 ] ] ], [ [ [ 68.463196, 23.409031 ], [ 68.461532, 23.40625 ], [ 68.464577, 23.405141 ], [ 68.463196, 23.409031 ] ] ], [ [ [ 68.502082, 23.443195 ], [ 68.499306, 23.442361 ], [ 68.500688, 23.439029 ], [ 68.502082, 23.443195 ] ] ], [ [ [ 68.629304, 23.28903 ], [ 68.627913, 23.286527 ], [ 68.629028, 23.285418 ], [ 68.629304, 23.28903 ] ] ], [ [ [ 68.461808, 23.412361 ], [ 68.457917, 23.411249 ], [ 68.462913, 23.410973 ], [ 68.461808, 23.412361 ] ] ], [ [ [ 68.45069, 23.732085 ], [ 68.447907, 23.73097 ], [ 68.450141, 23.730416 ], [ 68.45069, 23.732085 ] ] ], [ [ [ 68.596527, 23.81208 ], [ 68.593476, 23.812085 ], [ 68.594308, 23.810138 ], [ 68.596527, 23.81208 ] ] ], [ [ [ 68.59903, 23.360695 ], [ 68.596252, 23.359307 ], [ 68.599586, 23.359583 ], [ 68.59903, 23.360695 ] ] ], [ [ [ 68.500968, 23.435417 ], [ 68.49736, 23.435417 ], [ 68.496804, 23.43458 ], [ 68.500968, 23.435417 ] ] ], [ [ [ 68.539864, 23.375416 ], [ 68.539025, 23.377082 ], [ 68.538193, 23.37486 ], [ 68.539864, 23.375416 ] ] ], [ [ [ 68.506805, 23.490417 ], [ 68.507363, 23.492361 ], [ 68.505966, 23.49265 ], [ 68.506805, 23.490417 ] ] ], [ [ [ 68.430969, 23.406811 ], [ 68.429581, 23.40597 ], [ 68.432357, 23.40486 ], [ 68.430969, 23.406811 ] ] ], [ [ [ 68.483193, 23.548749 ], [ 68.482085, 23.550422 ], [ 68.482085, 23.547083 ], [ 68.483193, 23.548749 ] ] ], [ [ [ 68.505143, 23.383751 ], [ 68.503753, 23.383195 ], [ 68.504861, 23.38097 ], [ 68.505143, 23.383751 ] ] ], [ [ [ 68.511527, 23.492361 ], [ 68.509307, 23.49265 ], [ 68.511254, 23.49069 ], [ 68.511527, 23.492361 ] ] ], [ [ [ 68.402641, 23.42181 ], [ 68.401253, 23.420971 ], [ 68.402359, 23.420415 ], [ 68.402641, 23.42181 ] ] ], [ [ [ 68.439308, 23.499583 ], [ 68.437362, 23.499032 ], [ 68.439308, 23.49846 ], [ 68.439308, 23.499583 ] ] ], [ [ [ 68.409859, 23.407921 ], [ 68.408752, 23.409309 ], [ 68.409859, 23.405701 ], [ 68.409859, 23.407921 ] ] ], [ [ [ 68.501809, 23.43125 ], [ 68.500419, 23.43125 ], [ 68.500419, 23.43014 ], [ 68.501809, 23.43125 ] ] ], [ [ [ 68.631813, 23.32125 ], [ 68.631248, 23.319579 ], [ 68.632362, 23.31875 ], [ 68.631813, 23.32125 ] ] ] ] } },
{ "type": "Feature", "properties": { "FEATURE_ID": "AESR_10_2_P01", "AESR_UID": "AESR_10_2", "aesr_code": "10.2", "PART_NO": 1, "NPARTS": 1, "aer_code": 10, "subregion": "Satpura and Eastern Maharashtra Plateau", "SOIL_GRP": "Black", "CLIM_STD": "Dry subhumid", "LGP_ORDER": 5, "lgp_ref": "150-180 days", "AWC_REF": "Medium to High", "AREA_KM2": 28527.135541290445 }, "geometry": { "type": "Polygon", "coordinates": [ [ [ 79.527801599999975, 21.5794847 ], [ 79.5118875, 21.5894014 ], [ 79.504253899999981, 21.6114697 ], [ 79.5177018, 21.630213 ], [ 79.494625, 21.6731218 ], [ 79.4217701, 21.6903683 ], [ 79.400719, 21.6735117 ], [ 79.3549323, 21.6777775 ], [ 79.234497, 21.7226575 ], [ 79.2256912, 21.6496237 ], [ 79.1535565, 21.6592613 ], [ 79.146792499999989, 21.638291 ], [ 79.0937429, 21.5979608 ], [ 79.0151191, 21.6002055 ], [ 79.000008799999989, 21.6174252 ], [ 78.918693, 21.5910009 ], [ 78.917087799999962, 21.5695746 ], [ 78.9332887, 21.5589796 ], [ 78.9098678, 21.5535198 ], [ 78.9461071, 21.5124659 ], [ 78.9372751, 21.4861908 ], [ 78.9011846, 21.4993154 ], [ 78.885251599999989, 21.4837231 ], [ 78.856907400000011, 21.494421 ], [ 78.7898959, 21.4878139 ], [ 78.7774585, 21.4658236 ], [ 78.751723400000017, 21.4925088 ], [ 78.7293888, 21.4630373 ], [ 78.6892278, 21.4805702 ], [ 78.5899011, 21.4854131 ], [ 78.571554399999982, 21.5141781 ], [ 78.5135173, 21.5268487 ], [ 78.4853129, 21.5045504 ], [ 78.4349348, 21.5001512 ], [ 78.4054335, 21.6678322 ], [ 78.5452365, 21.888421 ], [ 78.5339032, 21.9219204 ], [ 78.5023019, 21.9464522 ], [ 78.4552472, 21.9518234 ], [ 78.4015147, 21.9907201 ], [ 78.331187499999984, 22.0995635 ], [ 78.306024, 22.1051293 ], [ 78.2772618, 22.1457248 ], [ 78.278767299999984, 22.3864826 ], [ 78.128875199999982, 22.3447201 ], [ 77.8362894, 22.3018459 ], [ 77.5418876, 22.365564 ], [ 77.4175483, 22.2952822 ], [ 77.410927899999976, 22.1002855 ], [ 77.36082, 21.9922394 ], [ 77.2467567, 21.9512299 ], [ 77.1460303, 21.7167386 ], [ 77.274974899999975, 21.5684031 ], [ 77.4400004, 21.4495404 ], [ 77.6163997, 21.4037381 ], [ 77.772262799999979, 21.4122142 ], [ 77.9089366, 21.4020015 ], [ 78.007611099999963, 21.3242105 ], [ 78.0943287, 21.1670884 ], [ 78.0967825, 20.9967212 ], [ 78.1245951, 20.8632031 ], [ 78.2633074, 20.6519351 ], [ 78.4197761, 20.5380911 ], [ 78.569066699999979, 20.4666045 ], [ 78.7722642, 20.255074 ], [ 78.9049417, 20.4329499 ], [ 79.001397599999976, 20.4761995 ], [ 79.0916686, 20.4889395 ], [ 79.207341599999978, 20.574751 ], [ 79.3362422, 20.6301232 ], [ 79.5565316, 20.687361 ], [ 79.5747118, 20.8195754 ], [ 79.613269699999989, 20.9109412 ], [ 79.6192899, 21.0691587 ], [ 79.5671478, 21.1542111 ], [ 79.5147373, 21.2940237 ], [ 79.5075397, 21.4826806 ], [ 79.527801599999975, 21.5794847 ] ] ] } },
{ "type": "Feature", "properties": { "FEATURE_ID": "AESR_03_P01", "AESR_UID": "AESR_03", "aesr_code": "3", "PART_NO": 1, "NPARTS": 1, "aer_code": 3, "subregion": "Karnataka Plateau", "SOIL_GRP": "Mixed Red-Black", "CLIM_STD": "Arid", "LGP_ORDER": 2, "lgp_ref": "60-90 days", "AWC_REF": "Low to Medium", "AREA_KM2": 49288.637829466978 }, "geometry": { "type": "Polygon", "coordinates": [ [ [ 75.629549, 16.9689254 ], [ 75.609184, 16.9713798 ], [ 75.6080241, 17.0048301 ], [ 75.574189499999989, 17.0095024 ], [ 75.5687376, 16.9653579 ], [ 75.531125699999976, 16.9683698 ], [ 75.4906122, 16.944604 ], [ 75.4659236, 16.986987 ], [ 75.4289017, 16.9651145 ], [ 75.3924976, 16.9780098 ], [ 75.342891299999977, 16.9541466 ], [ 75.2819739, 16.955145 ], [ 75.2848684, 16.8848628 ], [ 75.2539186, 16.8641309 ], [ 75.2656758, 16.6874909 ], [ 75.0703, 16.5678393 ], [ 75.0703989, 16.4017534 ], [ 75.2149415, 16.2081075 ], [ 75.324297299999984, 16.1133173 ], [ 75.4995727, 15.9247179 ], [ 75.7013961, 15.8261994 ], [ 75.812631, 15.5286539 ], [ 75.861640299999976, 15.2670435 ], [ 75.8360544, 14.7981277 ], [ 76.3330826, 14.4066507 ], [ 76.8889351, 14.1371445 ], [ 76.9323636, 14.1333932 ], [ 76.9518101, 14.0915167 ], [ 76.980629, 14.0716038 ], [ 76.977151, 14.0587301 ], [ 76.9434965, 14.0538892 ], [ 76.9366454, 14.0290342 ], [ 77.000165600000017, 13.9879409 ], [ 76.9948225, 13.9631543 ], [ 77.0418454, 13.9321749 ], [ 77.0473345, 13.9040127 ], [ 77.023259400000029, 13.8999417 ], [ 77.0120116, 13.8566865 ], [ 76.974365099999972, 13.8209587 ], [ 76.9897481, 13.8107932 ], [ 77.008117900000016, 13.7433548 ], [ 77.017624699999985, 13.7394349 ], [ 77.0325596, 13.7781501 ], [ 77.0663715, 13.7456531 ], [ 77.087003099999976, 13.7442242 ], [ 77.1016722, 13.7677198 ], [ 77.1732224, 13.7616328 ], [ 77.1687887, 13.8276343 ], [ 77.130276900000013, 13.8561897 ], [ 77.168959499999985, 13.8638401 ], [ 77.1623403, 13.9066098 ], [ 77.183453499999985, 13.9242259 ], [ 77.185324899999983, 13.8667236 ], [ 77.203458700000013, 13.8664453 ], [ 77.211502599999989, 13.8880629 ], [ 77.2181297, 13.8683592 ], [ 77.2404708, 13.9018683 ], [ 77.2571943, 13.8465029 ], [ 77.3138123, 13.8643523 ], [ 77.3269779, 13.8329217 ], [ 77.3665295, 13.852884 ], [ 77.379972199999983, 13.8385458 ], [ 77.4317707, 13.8424765 ], [ 77.415915899999987, 13.8066025 ], [ 77.4360001, 13.7954056 ], [ 77.447907399999977, 13.8097056 ], [ 77.4648459, 13.804491 ], [ 77.470107899999988, 13.7510929 ], [ 77.452334599999986, 13.7032879 ], [ 77.457300499999988, 13.6833511 ], [ 77.484114, 13.6852104 ], [ 77.494952399999988, 13.714387 ], [ 77.5292603, 13.6955534 ], [ 77.5273051, 13.7514637 ], [ 77.547190299999983, 13.751379 ], [ 77.563858899999985, 13.724171 ], [ 77.6034425, 13.7513359 ], [ 77.6291872, 13.7352203 ], [ 77.644711, 13.7430817 ], [ 77.6183377, 13.7632137 ], [ 77.6570215, 13.7836632 ], [ 77.6782093, 13.7853541 ], [ 77.6717084, 13.7601323 ], [ 77.703603499999986, 13.7693497 ], [ 77.7169075, 13.7407146 ], [ 77.720929599999977, 13.7984441 ], [ 77.786685099999985, 13.8209247 ], [ 77.784206099999977, 13.8439035 ], [ 77.835971399999977, 13.8686796 ], [ 77.814476299999981, 13.9166106 ], [ 77.8264049, 13.9428407 ], [ 77.8952839, 13.9392664 ], [ 77.9200088, 13.9054182 ], [ 77.97487120000001, 13.9587705 ], [ 77.9870692, 13.955894 ], [ 77.9865771, 13.9016542 ], [ 77.950964399999989, 13.8884867 ], [ 77.953182, 13.828301 ], [ 77.974421899999967, 13.8285328 ], [ 77.993783, 13.8700262 ], [ 78.0465813, 13.8613189 ], [ 78.0498497, 13.8951542 ], [ 78.0797189, 13.8804718 ], [ 78.0837458, 13.863461 ], [ 78.114945400000011, 13.8621425 ], [ 78.122469099999975, 13.8495197 ], [ 78.1272789, 13.7856167 ], [ 78.0983105, 13.7517456 ], [ 78.1037356, 13.7348455 ], [ 78.241466699999975, 13.783317 ], [ 78.265354599999981, 13.8587048 ], [ 78.387564, 13.9406887 ], [ 78.4461098, 14.0486461 ], [ 78.413815900000017, 14.236192 ], [ 78.3651752, 14.2873116 ], [ 78.192914399999978, 14.3555579 ], [ 78.061670599999985, 14.4471726 ], [ 78.0285333, 14.6582492 ], [ 78.09958610000001, 14.8603863 ], [ 77.993823399999982, 15.0688874 ], [ 77.8761813, 15.1339612 ], [ 77.5433565, 15.2090017 ], [ 77.373074299999985, 15.2203916 ], [ 77.15222009999998, 15.25566 ], [ 77.168883899999983, 15.2643773 ], [ 77.1498127, 15.2713193 ], [ 77.1525553, 15.2909177 ], [ 77.1199639, 15.2950424 ], [ 77.1141734, 15.3324222 ], [ 77.0659383, 15.3269424 ], [ 77.042290599999987, 15.3637782 ], [ 77.031544, 15.440077 ], [ 76.974068, 15.4996966 ], [ 76.617864399999988, 15.6689093 ], [ 76.3570657, 15.8657012 ], [ 76.189072799999977, 16.2974947 ], [ 75.9538501, 16.6176348 ], [ 75.629549, 16.9689254 ] ] ] } },
{ "type": "Feature", "properties": { "FEATURE_ID": "AESR_19_2_P01", "AESR_UID": "AESR_19_2", "aesr_code": "19.2", "PART_NO": 1, "NPARTS": 1, "aer_code": 19, "subregion": "Central and South Sanyadris", "SOIL_GRP": "Red/Lateritic", "CLIM_STD": "Moist subhumid to Humid", "LGP_ORDER": 8, "lgp_ref": "210-270 Days", "AWC_REF": "Low to Medium", "AREA_KM2": 66442.109421045199 }, "geometry": { "type": "Polygon", "coordinates": [ [ [ 73.5921919, 17.8532607 ], [ 73.4484685, 17.8653972 ], [ 73.3896375, 17.9022045 ], [ 73.3262767, 18.0298209 ], [ 73.280457099999978, 18.0580841 ], [ 73.185200799999976, 18.0608436 ], [ 73.2807303, 17.6956503 ], [ 73.398895799999963, 17.1432339 ], [ 73.6948556, 16.2022728 ], [ 74.168717, 15.1928871 ], [ 74.4993651, 14.6320232 ], [ 74.601577299999988, 14.4239429 ], [ 74.722135699999981, 14.115548 ], [ 74.7699263, 13.8960557 ], [ 75.023514599999984, 13.2806096 ], [ 75.1483624, 12.7957873 ], [ 75.2341389, 12.5735563 ], [ 75.3645693, 12.4629508 ], [ 75.428473799999978, 12.2975477 ], [ 75.5055469, 12.1708723 ], [ 75.8448696, 11.712983 ], [ 75.994173599999982, 11.5740931 ], [ 76.049927799999978, 11.4850208 ], [ 76.112704, 11.3151156 ], [ 76.1517557, 11.1256033 ], [ 76.162259, 10.7451513 ], [ 76.3374073, 10.3031136 ], [ 76.3817715, 9.8868243 ], [ 76.4657468, 9.5905365 ], [ 76.724475899999987, 9.1333094 ], [ 76.844358799999981, 8.8763427 ], [ 77.2053491, 8.5014875 ], [ 77.2252896, 8.5126215 ], [ 77.241546499999984, 8.4965399 ], [ 77.2665546, 8.5096785 ], [ 77.2840098, 8.5509531 ], [ 77.2086922, 8.6631698 ], [ 77.1733332, 8.7458023 ], [ 77.1945866, 8.7433283 ], [ 77.201014699999988, 8.769455 ], [ 77.2203192, 8.7692759 ], [ 77.2635502, 8.8536688 ], [ 77.2577144, 8.8766406 ], [ 77.22392, 8.9016892 ], [ 77.2223386, 8.9259207 ], [ 77.1979529, 8.9242029 ], [ 77.1975982, 8.9554993 ], [ 77.1492649, 9.0202358 ], [ 77.1708424, 9.0450193 ], [ 77.199239799999987, 9.0450501 ], [ 77.2129027, 9.0970306 ], [ 77.268841399999985, 9.1518397 ], [ 77.2535141, 9.1879675 ], [ 77.2837096, 9.2176977 ], [ 77.2834962, 9.2998005 ], [ 77.3001912, 9.3098732 ], [ 77.3007557, 9.3364517 ], [ 77.328035599999978, 9.3369526 ], [ 77.3506961, 9.4402055 ], [ 77.3680627, 9.4589151 ], [ 77.3951027, 9.4600398 ], [ 77.412687, 9.5058923 ], [ 77.4031111, 9.5260717 ], [ 77.387057699999986, 9.5179726 ], [ 77.3667848, 9.535532 ], [ 77.356903899999978, 9.604287 ], [ 77.3408349, 9.5723828 ], [ 77.3202124, 9.6021768 ], [ 77.2708414, 9.573988 ], [ 77.2385362, 9.5816928 ], [ 77.2114881, 9.6130449 ], [ 77.1672925, 9.6147553 ], [ 77.206990199999979, 9.6950465 ], [ 77.205170099999989, 9.7243849 ], [ 77.2234875, 9.7305931 ], [ 77.2249264, 9.7888783 ], [ 77.2491466, 9.7975321 ], [ 77.2239233, 9.8234687 ], [ 77.2386161, 9.8579916 ], [ 77.2139505, 9.8749122 ], [ 77.2192316, 9.9032786 ], [ 77.2761792, 9.9728301 ], [ 77.2554773, 10.0092001 ], [ 77.2626629, 10.02933 ], [ 77.202341799999985, 10.1045964 ], [ 77.2393528, 10.1274862 ], [ 77.2741302, 10.1282087 ], [ 77.294617299999985, 10.2164326 ], [ 77.284061499999964, 10.2334904 ], [ 77.260566200000014, 10.2297081 ], [ 77.2645025, 10.2628564 ], [ 77.228214800000018, 10.3148236 ], [ 77.235818499999979, 10.349343 ], [ 77.1764259, 10.355171 ], [ 77.0651414, 10.2940998 ], [ 77.0470819, 10.2807479 ], [ 77.051875900000013, 10.2567451 ], [ 76.9840007, 10.2170768 ], [ 76.9407907, 10.2379049 ], [ 76.918438899999984, 10.2330119 ], [ 76.8749999, 10.2752125 ], [ 76.876910600000016, 10.2981995 ], [ 76.85116020000001, 10.2857027 ], [ 76.832165299999986, 10.3032994 ], [ 76.8517373, 10.3678205 ], [ 76.819465199999982, 10.4229523 ], [ 76.8415177, 10.5931444 ], [ 76.8203161, 10.6025188 ], [ 76.816587700000014, 10.6343774 ], [ 76.884453199999982, 10.6376141 ], [ 76.867156199999982, 10.6834142 ], [ 76.895415, 10.7155643 ], [ 76.9090861, 10.7790346 ], [ 76.8997647, 10.8080871 ], [ 76.851716, 10.8157576 ], [ 76.8564486, 10.8346077 ], [ 76.828629, 10.8698387 ], [ 76.7838784, 10.8895794 ], [ 76.7434388, 10.8888231 ], [ 76.657718799999984, 10.9366275 ], [ 76.7168364, 11.039111 ], [ 76.792395, 11.0368854 ], [ 76.8040018, 11.0549693 ], [ 76.7776953, 11.040119 ], [ 76.7474792, 11.055329 ], [ 76.748932200000013, 11.1291137 ], [ 76.7198933, 11.1480472 ], [ 76.7067042, 11.1404192 ], [ 76.695950499999981, 11.1653954 ], [ 76.7311663, 11.1922755 ], [ 76.736511499999978, 11.2142424 ], [ 76.7054508, 11.238707 ], [ 76.8881859, 11.3484257 ], [ 77.067142, 11.4249761 ], [ 76.9682489, 11.5527714 ], [ 76.8825776, 11.5986254 ], [ 76.8468315, 11.5823779 ], [ 76.7646968, 11.6222423 ], [ 76.595475599999986, 11.6159253 ], [ 76.303413299999988, 11.7709228 ], [ 76.1974937, 11.8349834 ], [ 76.133758499999985, 11.9478919 ], [ 76.1433904, 12.1249428 ], [ 76.0048924, 12.2956536 ], [ 75.9591952, 12.4450587 ], [ 75.9780307, 12.5508748 ], [ 75.972603600000014, 12.6536511 ], [ 75.9102718, 13.0303877 ], [ 75.840622399999972, 13.3137622 ], [ 75.746530099999987, 13.5846316 ], [ 75.6804825, 13.7339747 ], [ 75.5606106, 13.8696934 ], [ 75.3754924, 14.1812605 ], [ 75.2167783, 14.3493327 ], [ 75.106144599999979, 14.4058017 ], [ 74.973212499999988, 14.5288439 ], [ 74.725222, 14.999539699999989 ], [ 74.6657892, 15.1878981 ], [ 74.254581, 15.9884543 ], [ 73.858226, 17.0202463 ], [ 73.7460246, 17.4324114 ], [ 73.744065099999986, 17.529332 ], [ 73.706643599999978, 17.6271801 ], [ 73.617263099999988, 17.7519057 ], [ 73.5921919, 17.8532607 ] ] ] } },
{ "type": "Feature", "properties": { "FEATURE_ID": "AESR_05_2_P01", "AESR_UID": "AESR_05_2", "aesr_code": "5.2", "PART_NO": 1, "NPARTS": 1, "aer_code": 5, "subregion": "Madhya Bharat Plateau/ Western Malwa Plateau Eastern Gujrat Plain/ Vindhyan and Satpura range and Narmada Valley", "SOIL_GRP": "Black", "CLIM_STD": "Moist semi-arid", "LGP_ORDER": 4, "lgp_ref": "120-150 days", "AWC_REF": "Medium to High", "AREA_KM2": 141619.71133546616 }, "geometry": { "type": "MultiPolygon", "coordinates": [ [ [ [ 76.0257335, 25.8594338 ], [ 75.9024889, 25.8416262 ], [ 75.711586, 25.7561086 ], [ 75.6154362, 25.7363776 ], [ 75.5306577, 25.6998625 ], [ 75.289060499999977, 25.4326508 ], [ 74.9425431, 25.2067064 ], [ 74.8471211, 25.1816266 ], [ 74.5942924, 25.2071219 ], [ 74.380419100000012, 25.1970676 ], [ 74.297327, 25.1379686 ], [ 74.1831957, 24.9387105 ], [ 74.1481452, 24.7691767 ], [ 74.2050424, 24.6323638 ], [ 74.312572399999979, 24.4925319 ], [ 74.3867046, 24.3197173 ], [ 74.354657, 23.8967384 ], [ 74.1632396, 23.7895885 ], [ 74.1273135, 23.6467842 ], [ 74.0387473, 23.5580076 ], [ 73.9357754, 23.3396557 ], [ 73.891003899999987, 23.3354353 ], [ 73.828854, 23.445134 ], [ 73.779645, 23.4330818 ], [ 73.7571876, 23.4553089 ], [ 73.6965661, 23.3482732 ], [ 73.6630772, 23.2225079 ], [ 73.5934146, 23.1903286 ], [ 73.5193431, 23.0884215 ], [ 73.4619885, 23.0493853 ], [ 73.1840475, 22.9969416 ], [ 73.0460134, 22.917517 ], [ 73.015244699999982, 22.8282966 ], [ 72.903845, 22.7719089 ], [ 72.6766294, 22.7428216 ], [ 72.528212700000012, 22.6477657 ], [ 72.454227, 22.5635993 ], [ 72.370335099999963, 22.4992302 ], [ 72.376237899999978, 22.3851376 ], [ 72.4126377, 22.3562527 ], [ 72.3876438, 22.3126392 ], [ 72.435144400000013, 22.3012524 ], [ 72.4706974, 22.2387524 ], [ 72.492921799999976, 22.2481937 ], [ 72.4743061, 22.2006969 ], [ 72.4876347, 22.1973591 ], [ 72.525415399999986, 22.2684727 ], [ 72.542642599999979, 22.2809734 ], [ 72.553751, 22.2781925 ], [ 72.537359199999983, 22.2737522 ], [ 72.541254, 22.2431965 ], [ 72.635412199999976, 22.2845821 ], [ 72.6562595, 22.2790318 ], [ 72.6879215, 22.2384701 ], [ 72.7520847, 22.2309704 ], [ 72.843748099999985, 22.2823658 ], [ 72.8651447, 22.2434635 ], [ 72.889307, 22.2440281 ], [ 72.91597179999998, 22.2781963 ], [ 72.910425199999978, 22.2431927 ], [ 72.8779087, 22.223753 ], [ 72.8087482, 22.2459736 ], [ 72.7576389, 22.1740284 ], [ 72.700143799999978, 22.1843052 ], [ 72.63958, 22.217921 ], [ 72.6012516, 22.2134838 ], [ 72.5687504, 22.1875591 ], [ 72.5687504, 22.1870785 ], [ 72.5659695, 22.1829205 ], [ 72.5654087, 22.182642 ], [ 72.5654087, 22.1820812 ], [ 72.5648594, 22.1818066 ], [ 72.5648594, 22.1812496 ], [ 72.564584700000012, 22.1812496 ], [ 72.564584700000012, 22.1809711 ], [ 72.5644321, 22.180975 ], [ 72.5644314, 22.1809721 ], [ 72.5644283, 22.1809597 ], [ 72.5644093, 22.1809216 ], [ 72.564310100000014, 22.180788 ], [ 72.564310100000014, 22.1804142 ], [ 72.5637531, 22.180048 ], [ 72.5637531, 22.1795826 ], [ 72.562638, 22.178473 ], [ 72.562639199999978, 22.1779194 ], [ 72.56208, 22.177641 ], [ 72.561533, 22.1762524 ], [ 72.560976, 22.1759739 ], [ 72.560976, 22.1754169 ], [ 72.559862099999989, 22.1743069 ], [ 72.559862099999989, 22.1737537 ], [ 72.5593052, 22.1734715 ], [ 72.5593052, 22.1729183 ], [ 72.558748199999982, 22.1726437 ], [ 72.558748199999982, 22.1720791 ], [ 72.5581951, 22.1718082 ], [ 72.5581951, 22.1712399 ], [ 72.557085, 22.1701412 ], [ 72.557085, 22.1695805 ], [ 72.5559711, 22.1684742 ], [ 72.5545826, 22.1657009 ], [ 72.5429172, 22.1356945 ], [ 72.504861800000015, 21.9809742 ], [ 72.5173532, 21.8787081 ], [ 72.5795292, 21.8844103 ], [ 72.5885067, 21.9229031 ], [ 72.625528099999983, 21.9530068 ], [ 72.636757, 21.9541741 ], [ 72.6083546, 21.9324207 ], [ 72.6287377, 21.9090619 ], [ 72.616738599999962, 21.8680772 ], [ 72.5711017, 21.8235475 ], [ 72.567475, 21.8189199 ], [ 72.5670948, 21.8170795 ], [ 72.5654087, 21.8151417 ], [ 72.565141699999984, 21.8140278 ], [ 72.564878499999963, 21.8140316 ], [ 72.5648594, 21.81375310000001 ], [ 72.5647602, 21.81375310000001 ], [ 72.5644207, 21.8129406 ], [ 72.563863699999985, 21.8120937 ], [ 72.5634403, 21.8108997 ], [ 72.562788, 21.8098431 ], [ 72.5619755, 21.8087292 ], [ 72.5616436, 21.8077908 ], [ 72.5611896, 21.8071041 ], [ 72.5573597, 21.8026409 ], [ 72.556526, 21.802083 ], [ 72.5434742, 21.7429218 ], [ 72.518255700000012, 21.701807 ], [ 72.547365199999987, 21.6584721 ], [ 72.600416199999984, 21.6815319 ], [ 72.7112484, 21.6784725 ], [ 72.7362537, 21.6895847 ], [ 72.779859499999986, 21.6631947 ], [ 72.83291819999998, 21.6731968 ], [ 72.8220107, 21.6598597 ], [ 72.9265113, 21.3951974 ], [ 73.021568099999982, 21.3204211 ], [ 73.1486214, 21.2531498 ], [ 73.313817799999967, 21.1996689 ], [ 73.5811742, 21.1671999 ], [ 73.5998737, 21.1777315 ], [ 73.630481699999976, 21.152381 ], [ 73.62942169999998, 21.1319148 ], [ 73.6745, 21.151309 ], [ 73.7300678, 21.137415 ], [ 73.735053100000016, 21.1662245 ], [ 73.777231899999961, 21.1641268 ], [ 73.7899523, 21.1807778 ], [ 73.8162691, 21.1709435 ], [ 73.8296991, 21.1941729 ], [ 73.8125195, 21.2028763 ], [ 73.8260111, 21.2664338 ], [ 73.886053199999978, 21.261321 ], [ 73.9427798, 21.2963771 ], [ 73.94726129999998, 21.4011574 ], [ 73.963157099999989, 21.3908286 ], [ 74.010445399999981, 21.4166862 ], [ 74.0432883, 21.4181058 ], [ 74.062038, 21.4805669 ], [ 74.0730435, 21.4564376 ], [ 74.1039692, 21.4466069 ], [ 74.123997399999965, 21.462091 ], [ 74.151637199999982, 21.4516846 ], [ 74.1807942, 21.4655352 ], [ 74.218008899999987, 21.457474099999988 ], [ 74.2244543, 21.4780654 ], [ 74.245135499999989, 21.4613188 ], [ 74.301576499999982, 21.477794 ], [ 74.323462699999979, 21.4941201 ], [ 74.3313335, 21.5385697 ], [ 74.3115648, 21.541522 ], [ 74.3057309, 21.5656778 ], [ 74.4321198, 21.6363631 ], [ 74.6031733, 21.661436 ], [ 74.7903424, 21.6082971 ], [ 74.8298435, 21.6088295 ], [ 74.8623555, 21.6319212 ], [ 74.8994756, 21.6280989 ], [ 74.917100600000012, 21.610996 ], [ 75.0557222, 21.5627567 ], [ 75.121038499999983, 21.4511897 ], [ 75.2181528, 21.4087126 ], [ 75.2981475, 21.4134696 ], [ 75.30041319999998, 21.3870758 ], [ 75.3600511, 21.4010168 ], [ 75.397159, 21.380771 ], [ 75.4673779, 21.3919635 ], [ 75.5472995, 21.3702473 ], [ 75.6082386, 21.3927315 ], [ 75.6288243, 21.3789572 ], [ 75.6728991, 21.3780729 ], [ 75.7325721, 21.3910283 ], [ 75.83252, 21.3809951 ], [ 75.8881367, 21.3973042 ], [ 75.9166226, 21.387507 ], [ 75.9595968, 21.3938553 ], [ 76.0527694, 21.3504014 ], [ 76.099179399999983, 21.3716095 ], [ 76.1598079, 21.2569212 ], [ 76.144950799999989, 21.2358874 ], [ 76.164633099999989, 21.2219743 ], [ 76.1733169, 21.18613 ], [ 76.1674246, 21.168579 ], [ 76.127882, 21.1757681 ], [ 76.114392699999982, 21.1625036 ], [ 76.140398, 21.1379477 ], [ 76.136135299999978, 21.1240987 ], [ 76.169010099999966, 21.1033234 ], [ 76.169175399999986, 21.0837443 ], [ 76.2628746, 21.092624900000011 ], [ 76.2825513, 21.073254599999988 ], [ 76.3773735, 21.075265 ], [ 76.4129267, 21.1052015 ], [ 76.4538996, 21.112806 ], [ 76.4924844, 21.1956893 ], [ 76.5306027, 21.1871659 ], [ 76.560849, 21.2036782 ], [ 76.6249854, 21.1905449 ], [ 76.6442465, 21.245569 ], [ 76.6602036, 21.24566 ], [ 76.662796, 21.280226 ], [ 76.6262043, 21.3328569 ], [ 76.7340168, 21.4065183 ], [ 76.745367, 21.4408227 ], [ 76.78624, 21.4641547 ], [ 76.7938856, 21.4875334 ], [ 76.7649838, 21.5202547 ], [ 76.7899341, 21.5377246 ], [ 76.7823464, 21.5600451 ], [ 76.7975019, 21.5950785 ], [ 76.8357592, 21.5906213 ], [ 76.8544104, 21.6125697 ], [ 76.903467699999979, 21.598378 ], [ 76.9998571, 21.6791167 ], [ 77.071764, 21.7193022 ], [ 77.1457435, 21.7146713 ], [ 77.235435399999986, 21.9255739 ], [ 77.1666765, 21.9744763 ], [ 76.968814299999977, 22.0280271 ], [ 76.784082900000016, 22.3165568 ], [ 76.604606, 22.371113599999983 ], [ 76.4260432, 22.386498 ], [ 76.3202141, 22.4229506 ], [ 76.179763, 22.5656822 ], [ 76.069915699999981, 22.7285891 ], [ 76.0114679, 22.9220335 ], [ 76.005205, 23.1265942 ], [ 76.0847807, 23.2846432 ], [ 76.1234795, 23.4026194 ], [ 76.1108847, 23.4705422 ], [ 76.0125545, 23.5752477 ], [ 75.956981399999989, 23.6615317 ], [ 75.9530313, 23.7881685 ], [ 76.0202547, 24.0141594 ], [ 76.205430299999989, 24.2138219 ], [ 76.4383043, 24.248642 ], [ 76.6943049, 24.2153739 ], [ 76.881987099999989, 24.3655025 ], [ 76.910627199999979, 24.5025325 ], [ 76.9335284, 24.8830744 ], [ 76.9939512, 25.0401769 ], [ 77.1641531, 25.0823678 ], [ 77.3220542, 25.0354855 ], [ 77.3108974, 25.0800021 ], [ 77.392361, 25.1169304 ], [ 77.4042355, 25.1082405 ], [ 77.396458200000012, 25.183129 ], [ 77.423797499999978, 25.187955 ], [ 77.4122207, 25.2212009 ], [ 77.3554619, 25.2666737 ], [ 77.3784411, 25.2891805 ], [ 77.377657199999987, 25.3150992 ], [ 77.3696284, 25.3278727 ], [ 77.342251199999978, 25.3204688 ], [ 77.367291, 25.4077968 ], [ 77.3112202, 25.431253500000011 ], [ 77.288870599999981, 25.4184458 ], [ 77.2260011, 25.3683211 ], [ 77.220712100000014, 25.3194097 ], [ 77.2038363, 25.325438 ], [ 77.2108139, 25.3063497 ], [ 77.1591606, 25.3081804 ], [ 77.0810037, 25.3346381 ], [ 77.0637274, 25.3168836 ], [ 77.044808899999978, 25.3200203 ], [ 77.0296148, 25.2960822 ], [ 76.9640726, 25.2921789 ], [ 76.9471093, 25.2703771 ], [ 76.8984861, 25.3174261 ], [ 76.8481856, 25.3255723 ], [ 76.775191899999982, 25.3072656 ], [ 76.7718385, 25.3312954 ], [ 76.6861005, 25.340583 ], [ 76.607492, 25.3841081 ], [ 76.5253178, 25.5250675 ], [ 76.5198526, 25.6287924 ], [ 76.504561, 25.643459299999989 ], [ 76.5159564, 25.6679353 ], [ 76.483055399999984, 25.7011422 ], [ 76.5358921, 25.7290443 ], [ 76.534654600000025, 25.7930329 ], [ 76.575727499999985, 25.8400029 ], [ 76.373395299999984, 25.8435684 ], [ 76.250189300000017, 25.8236023 ], [ 76.0257335, 25.8594338 ] ] ], [ [ [ 72.472359, 22.20319 ], [ 72.467917, 22.205419 ], [ 72.467917, 22.202361 ], [ 72.472359, 22.20319 ] ] ], [ [ [ 72.5444081, 21.7563674 ], [ 72.542915, 21.754584 ], [ 72.544029, 21.7489948 ], [ 72.5444081, 21.7563674 ] ] ], [ [ [ 72.5647593, 21.813752 ], [ 72.561531, 21.80931 ], [ 72.560143, 21.8061267 ], [ 72.5616427, 21.8077915 ], [ 72.561973, 21.8087282 ], [ 72.5634384, 21.8108971 ], [ 72.563863499999982, 21.8120942 ], [ 72.5647593, 21.813752 ] ] ], [ [ [ 72.55597, 21.800693 ], [ 72.55597, 21.8003357 ], [ 72.556122199999976, 21.8006919 ], [ 72.55597, 21.800693 ] ] ], [ [ [ 72.547653, 21.769618399999988 ], [ 72.547637, 21.769861 ], [ 72.547637, 21.7695509 ], [ 72.547653, 21.769618399999988 ] ] ], [ [ [ 72.557358, 21.803193 ], [ 72.557358, 21.802949 ], [ 72.5574873, 21.803193 ], [ 72.557358, 21.803193 ] ] ], [ [ [ 72.572915, 22.192084 ], [ 72.572915, 22.1918995 ], [ 72.5730669, 22.1920819 ], [ 72.572915, 22.192084 ] ] ], [ [ [ 72.567094, 22.18514 ], [ 72.567094, 22.1849308 ], [ 72.5672227, 22.18514 ], [ 72.567094, 22.18514 ] ] ], [ [ [ 72.5644065, 22.1809188 ], [ 72.564309, 22.180973 ], [ 72.564309, 22.180787 ], [ 72.5644065, 22.1809188 ] ] ], [ [ [ 72.561531, 22.176812 ], [ 72.561531, 22.1766483 ], [ 72.5616758, 22.1768083 ], [ 72.561531, 22.176812 ] ] ], [ [ [ 72.567643, 22.185972 ], [ 72.567643, 22.185823300000013 ], [ 72.567734399999978, 22.185972 ], [ 72.567643, 22.185972 ] ] ], [ [ [ 72.563751, 22.180139 ], [ 72.563751, 22.1800466 ], [ 72.563825099999974, 22.180139 ], [ 72.563751, 22.180139 ] ] ], [ [ [ 72.568749, 22.187642 ], [ 72.568749, 22.1875597 ], [ 72.5688285, 22.187642 ], [ 72.568749, 22.187642 ] ] ], [ [ [ 72.568193, 22.18681 ], [ 72.568193, 22.1867087 ], [ 72.568255599999986, 22.1868091 ], [ 72.568193, 22.18681 ] ] ], [ [ [ 72.559028, 21.805139 ], [ 72.559028, 21.8050548 ], [ 72.5591023, 21.805139 ], [ 72.559028, 21.805139 ] ] ], [ [ [ 72.559304, 21.80542 ], [ 72.559304, 21.8053562 ], [ 72.5593775, 21.8054187 ], [ 72.559304, 21.80542 ] ] ], [ [ [ 72.573471, 22.19264 ], [ 72.573471, 22.1925671 ], [ 72.5735317, 22.19264 ], [ 72.573471, 22.19264 ] ] ], [ [ [ 72.569305, 22.188194 ], [ 72.569305, 22.188135199999987 ], [ 72.56936180000001, 22.188194 ], [ 72.569305, 22.188194 ] ] ], [ [ [ 72.567361, 22.18542 ], [ 72.567361, 22.1853649 ], [ 72.567394799999988, 22.1854198 ], [ 72.567361, 22.18542 ] ] ], [ [ [ 72.564858, 21.81403 ], [ 72.564858, 21.813987 ], [ 72.564876, 21.8140299 ], [ 72.564858, 21.81403 ] ] ], [ [ [ 72.55764, 21.803473 ], [ 72.55764, 21.8034411 ], [ 72.5576639, 21.8034728 ], [ 72.55764, 21.803473 ] ] ], [ [ [ 72.566246, 22.183749 ], [ 72.566246, 22.1837326 ], [ 72.5662881, 22.183749 ], [ 72.566246, 22.183749 ] ] ], [ [ [ 72.554582, 21.797639 ], [ 72.554582, 21.7976122 ], [ 72.554596, 21.797639 ], [ 72.554582, 21.797639 ] ] ] ] } },
{ "type": "Feature", "properties": { "FEATURE_ID": "AESR_02_4_P01", "AESR_UID": "AESR_02_4", "aesr_code": "2.4", "PART_NO": 1, "NPARTS": 1, "aer_code": 2, "subregion": "South Kachchh and North Kathiawar Peninsula", "SOIL_GRP": "Saline/Sodic", "CLIM_STD": "Arid", "LGP_ORDER": 2, "lgp_ref": "60-90 days", "AWC_REF": "Low", "AREA_KM2": 48427.728011120074 }, "geometry": { "type": "MultiPolygon", "coordinates": [ [ [ [ 71.2889036, 24.6128055 ], [ 71.0978206, 24.6865766 ], [ 71.010748199999981, 24.6367376 ], [ 70.9886907, 24.591014 ], [ 70.988208299999982, 24.5475891 ], [ 71.0052957, 24.528946 ], [ 70.997276199999973, 24.4483896 ], [ 71.028438, 24.4361916 ], [ 71.109020399999977, 24.436773 ], [ 71.1241844, 24.4194598 ], [ 71.0998329, 24.2427861 ], [ 70.946914599999985, 24.0507467 ], [ 70.7013844, 23.8280282 ], [ 69.882888199999968, 23.6617293 ], [ 69.347470499999986, 23.6448544 ], [ 69.214564099999976, 23.610109 ], [ 68.9358504, 23.4454764 ], [ 68.883702299999982, 23.4358159 ], [ 68.8560581, 23.4122898 ], [ 68.6981952, 23.2287111 ], [ 68.637361500000011, 23.1829489 ], [ 68.6815281, 23.1418057 ], [ 68.630975699999979, 23.177084 ], [ 68.7593098, 23.0804195 ], [ 68.8145847, 23.0673618 ], [ 68.8359775, 23.0434704 ], [ 69.1906986, 22.8412495 ], [ 69.228471699999972, 22.8423595 ], [ 69.2668095, 22.8240299 ], [ 69.3556995, 22.8287525 ], [ 69.3520832, 22.8176403 ], [ 69.3907032, 22.8137493 ], [ 69.4695835, 22.7737484 ], [ 69.4964744, 22.7806357 ], [ 69.4826374, 22.785696 ], [ 69.4845829, 22.7879238 ], [ 69.5481536, 22.7793536 ], [ 69.5509739, 22.7895832 ], [ 69.555139499999981, 22.7923603 ], [ 69.563188499999981, 22.7737484 ], [ 69.6013633, 22.75768 ], [ 69.6412525, 22.766531 ], [ 69.63458439999998, 22.7773647 ], [ 69.6368046, 22.7881947 ], [ 69.6331844, 22.794302 ], [ 69.6337528, 22.7954197 ], [ 69.6373539, 22.7887516 ], [ 69.638750099999982, 22.7737484 ], [ 69.6429081, 22.7659702 ], [ 69.6593037, 22.7565289 ], [ 69.666811, 22.7773647 ], [ 69.662363, 22.7568073 ], [ 69.7059727, 22.7404194 ], [ 69.70347790000001, 22.7279186 ], [ 69.7523594, 22.8195858 ], [ 69.8015588, 22.8506232 ], [ 69.853750199999979, 22.8681965 ], [ 69.862077699999972, 22.8584728 ], [ 69.866807900000012, 22.8729229 ], [ 69.905695, 22.866251 ], [ 69.9370823, 22.8931942 ], [ 70.032640499999985, 22.895422 ], [ 70.1320782, 22.9245815 ], [ 70.139032399999977, 22.9412518 ], [ 70.1112537, 22.9495831 ], [ 70.1051426, 22.9409695 ], [ 70.099863, 22.9381924 ], [ 70.090974799999969, 22.9526424 ], [ 70.1012516, 22.9418087 ], [ 70.110971400000011, 22.9526424 ], [ 70.126527799999977, 22.9465275 ], [ 70.112077699999986, 22.9715328 ], [ 70.1412525, 23.0125753 ], [ 70.1198597, 22.9645824 ], [ 70.161798499999989, 22.9426403 ], [ 70.2251377, 22.9601383 ], [ 70.2006893, 22.9815273 ], [ 70.199363499999976, 22.992976 ], [ 70.2270794, 22.9659748 ], [ 70.2376423, 22.9795856 ], [ 70.2792988, 22.9487515 ], [ 70.3073597, 22.951250099999989 ], [ 70.3476429, 22.930418 ], [ 70.3868046, 22.9481945 ], [ 70.394575100000012, 22.9954205 ], [ 70.3826351, 22.9979229 ], [ 70.4012546, 23.0307026 ], [ 70.4379215, 23.0626431 ], [ 70.4934711, 23.07514 ], [ 70.471529, 23.0123615 ], [ 70.4234714, 22.9326382 ], [ 70.3537388, 22.8707027 ], [ 70.300416899999988, 22.7781963 ], [ 70.303194, 22.7576389 ], [ 70.2759724, 22.7312527 ], [ 70.2529163, 22.7334728 ], [ 70.2551441, 22.7065334 ], [ 70.238470099999986, 22.7018108 ], [ 70.2531986, 22.6929226 ], [ 70.2429218, 22.662641499999985 ], [ 70.1973667, 22.6168079 ], [ 70.1943073, 22.5829182 ], [ 70.16292, 22.5515308 ], [ 70.0856953, 22.5448627 ], [ 70.0390186, 22.5629215 ], [ 70.023477500000013, 22.5395832 ], [ 70.026800199999983, 22.5509739 ], [ 70.0198612, 22.5468082 ], [ 70.010408399999989, 22.5487537 ], [ 70.004030199999988, 22.5443058 ], [ 69.9762516, 22.5431957 ], [ 69.9756946, 22.5412502 ], [ 69.9823627, 22.5429211 ], [ 69.9856968, 22.5415287 ], [ 69.9856968, 22.5384731 ], [ 69.9829197, 22.5348644 ], [ 69.9459705, 22.5284748 ], [ 69.9590321, 22.509309800000011 ], [ 69.9573574, 22.4954166 ], [ 69.9381885, 22.5137501 ], [ 69.9131947, 22.489584 ], [ 69.9140263, 22.4562511 ], [ 69.9004078, 22.4679203 ], [ 69.8604221, 22.446806 ], [ 69.8362522, 22.454031 ], [ 69.8376408, 22.4613786 ], [ 69.8354206, 22.457922 ], [ 69.8362522, 22.4743099 ], [ 69.834589, 22.4754314 ], [ 69.822916, 22.4273586 ], [ 69.7976398, 22.3998585 ], [ 69.7595844, 22.4415302 ], [ 69.7556934, 22.4262486 ], [ 69.744585, 22.4306927 ], [ 69.7282047, 22.473753 ], [ 69.70347790000001, 22.4470806 ], [ 69.7009678, 22.4573612 ], [ 69.688196199999979, 22.4443073 ], [ 69.6718044, 22.4507008 ], [ 69.6718044, 22.4393063 ], [ 69.697908399999989, 22.44292260000001 ], [ 69.6993046, 22.3959713 ], [ 69.664018599999977, 22.3937511 ], [ 69.6545887, 22.3590298 ], [ 69.6179218, 22.368475 ], [ 69.6173649, 22.3462505 ], [ 69.6142979, 22.3379231 ], [ 69.6068058, 22.3256931 ], [ 69.6090183, 22.3493099 ], [ 69.6073551, 22.3384724 ], [ 69.6048603, 22.3512516 ], [ 69.581804299999988, 22.3462505 ], [ 69.575693099999981, 22.319032699999987 ], [ 69.571809799999983, 22.3343067 ], [ 69.5912495, 22.3609715 ], [ 69.575693099999981, 22.368475 ], [ 69.5618076, 22.3556957 ], [ 69.550699199999983, 22.4048634 ], [ 69.4981937, 22.4356937 ], [ 69.5237522, 22.3856945 ], [ 69.4884739, 22.3379192 ], [ 69.4193058, 22.3156948 ], [ 69.3645878, 22.3165264 ], [ 69.3342991, 22.3304195 ], [ 69.3198605, 22.2912502 ], [ 69.2326374, 22.2579174 ], [ 69.2026386, 22.266531 ], [ 69.1579151, 22.3129177 ], [ 69.178751, 22.3779202 ], [ 69.2043095, 22.4018116 ], [ 69.1940327, 22.4237499 ], [ 69.1290302, 22.3979206 ], [ 69.102640100000016, 22.4101429 ], [ 69.091531699999976, 22.3945828 ], [ 69.0693073, 22.3956966 ], [ 69.043748799999989, 22.4345837 ], [ 69.073473, 22.4520817 ], [ 69.0793095, 22.479311 ], [ 69.0059757, 22.4381962 ], [ 68.935976, 22.3120861 ], [ 68.9573688, 22.2376537 ], [ 69.230413399999975, 21.9443073 ], [ 69.3520832, 21.8387508 ], [ 69.3657401, 21.8334713 ], [ 69.600716399999968, 21.943892 ], [ 69.716277799999972, 21.8053127 ], [ 69.877015499999985, 21.7551653 ], [ 70.0005219, 21.7634181 ], [ 70.177111, 21.8482741 ], [ 70.2495102, 22.0177565 ], [ 70.4114885, 22.0403434 ], [ 70.5839657, 22.0084882 ], [ 70.6860499, 22.0453345 ], [ 70.897948099999979, 22.1986002 ], [ 71.081401899999989, 22.2949601 ], [ 71.3631665, 22.3967285 ], [ 71.5697587, 22.6524076 ], [ 71.8682588, 23.2421675 ], [ 71.8702777, 23.3154862 ], [ 71.80450639999998, 23.4156821 ], [ 71.5214579, 23.4978366 ], [ 71.464723299999989, 23.5556937 ], [ 71.3808711, 23.721845 ], [ 71.3110022, 24.0718241 ], [ 71.3239251, 24.1762922 ], [ 71.3725935, 24.3437866 ], [ 71.3745261, 24.6265451 ], [ 71.3481809, 24.6590277 ], [ 71.3129477, 24.64543 ], [ 71.2889036, 24.6128055 ] ] ], [ [ [ 70.003746, 22.59292 ], [ 69.962906, 22.575702 ], [ 69.961807, 22.546248 ], [ 70.027084, 22.567916 ], [ 70.024857, 22.586249 ], [ 70.003746, 22.59292 ] ] ], [ [ [ 69.62764, 22.459584 ], [ 69.588195, 22.43708 ], [ 69.636529, 22.40653 ], [ 69.657082, 22.428194 ], [ 69.62764, 22.459584 ] ] ], [ [ [ 69.91681, 22.553195 ], [ 69.895142, 22.522921 ], [ 69.865691, 22.531249 ], [ 69.862357, 22.527081 ], [ 69.89653, 22.511806 ], [ 69.941527, 22.517916 ], [ 69.91681, 22.553195 ] ] ], [ [ [ 69.13514, 22.477639 ], [ 69.093484, 22.461531 ], [ 69.084862, 22.42096 ], [ 69.108467, 22.43736 ], [ 69.110969, 22.464031 ], [ 69.146804, 22.463194 ], [ 69.13514, 22.477639 ] ] ], [ [ [ 70.448198, 23.052084 ], [ 70.41458, 23.01931 ], [ 70.413751, 22.98985 ], [ 70.434304, 23.013749 ], [ 70.448198, 23.052084 ] ] ], [ [ [ 69.321808, 22.527639 ], [ 69.335136, 22.507359 ], [ 69.363473, 22.511806 ], [ 69.35125, 22.526541 ], [ 69.321808, 22.527639 ] ] ], [ [ [ 69.301248, 22.474029 ], [ 69.292915, 22.45875 ], [ 69.321525, 22.45153 ], [ 69.324586, 22.469583 ], [ 69.301248, 22.474029 ] ] ], [ [ [ 70.48153, 23.065419 ], [ 70.458192, 23.049862 ], [ 70.446251, 23.025138 ], [ 70.451805, 23.026528 ], [ 70.48153, 23.065419 ] ] ], [ [ [ 69.944306, 22.550973 ], [ 69.938195, 22.539584 ], [ 69.950143, 22.535418 ], [ 69.957641, 22.545141 ], [ 69.944306, 22.550973 ] ] ], [ [ [ 70.44097, 23.049584 ], [ 70.421516, 23.039029 ], [ 70.41458, 23.022638 ], [ 70.431808, 23.036809 ], [ 70.44097, 23.049584 ] ] ], [ [ [ 69.340417, 22.380972 ], [ 69.32264, 22.380972 ], [ 69.332077, 22.37264 ], [ 69.340417, 22.380972 ] ] ], [ [ [ 70.454857, 22.995701 ], [ 70.435692, 22.983749 ], [ 70.43264, 22.978751 ], [ 70.450967, 22.985969 ], [ 70.454857, 22.995701 ] ] ], [ [ [ 69.6440296, 22.7645855 ], [ 69.6309757, 22.7612515 ], [ 69.6665287, 22.7506924 ], [ 69.6440296, 22.7645855 ] ] ], [ [ [ 69.95819, 22.603751 ], [ 69.953194, 22.595416 ], [ 69.963754, 22.599028 ], [ 69.95819, 22.603751 ] ] ], [ [ [ 69.458191, 22.35208 ], [ 69.439582, 22.356809 ], [ 69.437362, 22.354306 ], [ 69.458191, 22.35208 ] ] ], [ [ [ 69.488198, 22.389861 ], [ 69.482635, 22.398749 ], [ 69.480973, 22.388195 ], [ 69.488198, 22.389861 ] ] ], [ [ [ 70.458192, 23.057641 ], [ 70.449592, 23.05264 ], [ 70.45736, 23.055141 ], [ 70.449586, 23.043193 ], [ 70.460418, 23.055141 ], [ 70.458192, 23.057641 ] ] ], [ [ [ 70.024864, 22.555417 ], [ 70.012641, 22.554583 ], [ 70.013473, 22.552639 ], [ 70.024864, 22.555417 ] ] ], [ [ [ 70.012641, 22.552361 ], [ 70.000687, 22.552361 ], [ 69.995971, 22.548751 ], [ 70.012641, 22.552361 ] ] ], [ [ [ 70.019859, 22.547917 ], [ 70.015975, 22.551531 ], [ 70.011529, 22.549583 ], [ 70.019859, 22.547917 ] ] ], [ [ [ 69.406516, 22.527081 ], [ 69.401803, 22.528195 ], [ 69.403198, 22.524305 ], [ 69.406516, 22.527081 ] ] ], [ [ [ 69.963471, 22.541811 ], [ 69.954033, 22.53653 ], [ 69.954033, 22.535972 ], [ 69.963471, 22.541811 ] ] ], [ [ [ 69.194579, 22.367639 ], [ 69.194579, 22.374584 ], [ 69.189857, 22.369305 ], [ 69.194579, 22.367639 ] ] ], [ [ [ 70.2473621, 22.6881924 ], [ 70.2418079, 22.6895847 ], [ 70.2426395, 22.6868114 ], [ 70.2473621, 22.6881924 ] ] ], [ [ [ 70.468192, 23.058751 ], [ 70.46125, 23.057921 ], [ 70.460694, 23.055416 ], [ 70.468192, 23.058751 ] ] ], [ [ [ 70.045967, 22.56986 ], [ 70.042076, 22.57014 ], [ 70.043473, 22.567084 ], [ 70.045967, 22.56986 ] ] ], [ [ [ 70.24347, 22.712361 ], [ 70.244026, 22.720139 ], [ 70.243187, 22.720139 ], [ 70.24347, 22.712361 ] ] ], [ [ [ 70.22097, 22.643472 ], [ 70.216804, 22.642084 ], [ 70.220414, 22.64014 ], [ 70.22097, 22.643472 ] ] ], [ [ [ 69.08847, 22.48875 ], [ 69.085135, 22.48819 ], [ 69.08403, 22.485138 ], [ 69.08847, 22.48875 ] ] ], [ [ [ 69.956802, 22.53403 ], [ 69.955138, 22.535972 ], [ 69.952369, 22.53264 ], [ 69.956802, 22.53403 ] ] ], [ [ [ 70.449027, 23.057921 ], [ 70.44709, 23.05932 ], [ 70.445969, 23.058195 ], [ 70.449027, 23.057921 ] ] ], [ [ [ 69.946532, 22.53181 ], [ 69.944579, 22.529859 ], [ 69.94764, 22.530417 ], [ 69.946532, 22.53181 ] ] ], [ [ [ 70.24347, 22.682361 ], [ 70.238747, 22.683473 ], [ 70.239303, 22.681804 ], [ 70.24347, 22.682361 ] ] ], [ [ [ 69.185691, 22.367083 ], [ 69.184029, 22.364312 ], [ 69.185417, 22.36404 ], [ 69.185691, 22.367083 ] ] ], [ [ [ 69.6373539, 22.7787495 ], [ 69.6354084, 22.7770824 ], [ 69.6376438, 22.7756901 ], [ 69.6373539, 22.7787495 ] ] ], [ [ [ 69.280136, 22.417922 ], [ 69.278199, 22.415421 ], [ 69.280692, 22.415695 ], [ 69.280136, 22.417922 ] ] ], [ [ [ 70.040971, 22.56653 ], [ 70.038475, 22.564584 ], [ 70.040412, 22.564306 ], [ 70.040971, 22.56653 ] ] ], [ [ [ 70.183198, 22.582639 ], [ 70.180137, 22.581529 ], [ 70.183198, 22.580971 ], [ 70.183198, 22.582639 ] ] ], [ [ [ 69.202363, 22.386531 ], [ 69.199302, 22.385973 ], [ 69.199578, 22.384028 ], [ 69.202363, 22.386531 ] ] ], [ [ [ 69.277916, 22.418193 ], [ 69.275696, 22.419861 ], [ 69.275138, 22.419031 ], [ 69.277916, 22.418193 ] ] ], [ [ [ 70.191804, 22.598472 ], [ 70.189026, 22.597919 ], [ 70.191239, 22.59764 ], [ 70.191804, 22.598472 ] ] ], [ [ [ 69.31208, 22.304029 ], [ 69.309585, 22.304029 ], [ 69.311807, 22.303194 ], [ 69.31208, 22.304029 ] ] ], [ [ [ 69.142082, 22.45764 ], [ 69.140694, 22.454584 ], [ 69.14264, 22.452918 ], [ 69.142082, 22.45764 ] ] ], [ [ [ 70.238471, 22.683202 ], [ 70.235137, 22.682361 ], [ 70.238198, 22.682082 ], [ 70.238471, 22.683202 ] ] ], [ [ [ 69.215142, 22.384028 ], [ 69.213471, 22.38236 ], [ 69.214303, 22.38236 ], [ 69.215142, 22.384028 ] ] ], [ [ [ 70.453476, 23.052918 ], [ 70.450142, 23.050972 ], [ 70.450142, 23.050138 ], [ 70.453476, 23.052918 ] ] ], [ [ [ 69.8158364, 22.852081 ], [ 69.816804, 22.852083 ], [ 69.817093, 22.8525652 ], [ 69.8158364, 22.852081 ] ] ], [ [ [ 69.8208544, 22.85403 ], [ 69.821251, 22.85403 ], [ 69.821251, 22.8542109 ], [ 69.8208544, 22.85403 ] ] ], [ [ [ 69.8226717, 22.854859 ], [ 69.822908, 22.854859 ], [ 69.822908, 22.8549668 ], [ 69.8226717, 22.854859 ] ] ] ] } },
{ "type": "Feature", "properties": { "FEATURE_ID": "AESR_08_3_P01", "AESR_UID": "AESR_08_3", "aesr_code": "8.3", "PART_NO": 1, "NPARTS": 1, "aer_code": 8, "subregion": "Tamil Nadu Uplands and Plains", "SOIL_GRP": "Red Loamy", "CLIM_STD": "Moist semi-arid", "LGP_ORDER": 4, "lgp_ref": "120-150 days", "AWC_REF": "Low", "AREA_KM2": 83490.08519796576 }, "geometry": { "type": "Polygon", "coordinates": [ [ [ 78.4198647, 14.0002704 ], [ 78.387564, 13.9406887 ], [ 78.265354599999981, 13.8587048 ], [ 78.241466699999975, 13.783317 ], [ 78.1037356, 13.7348455 ], [ 78.1185196, 13.7189987 ], [ 78.1145464, 13.6931983 ], [ 78.0731222, 13.6968954 ], [ 78.0674322, 13.6756984 ], [ 78.089922399999963, 13.6441391 ], [ 78.1650923, 13.6576434 ], [ 78.169926099999969, 13.6324103 ], [ 78.203406, 13.6252097 ], [ 78.192805499999963, 13.5654772 ], [ 78.237277399999982, 13.5963668 ], [ 78.2593287, 13.583509 ], [ 78.4007041, 13.5875932 ], [ 78.3653917, 13.3647442 ], [ 78.4077291, 13.3421207 ], [ 78.398756499999976, 13.3282391 ], [ 78.381593699999968, 13.3421532 ], [ 78.377325, 13.3297871 ], [ 78.4016582, 13.3135131 ], [ 78.434897499999977, 13.3289676 ], [ 78.4464785, 13.3082615 ], [ 78.4823059, 13.3178924 ], [ 78.483140600000013, 13.3011222 ], [ 78.5315345, 13.2657305 ], [ 78.5394677, 13.2859942 ], [ 78.5613741, 13.2862036 ], [ 78.5664018, 13.309588 ], [ 78.5869386, 13.2773658 ], [ 78.5697445, 13.2373762 ], [ 78.5795918, 13.2145502 ], [ 78.5518517, 13.1975091 ], [ 78.5742982, 13.1877204 ], [ 78.580071199999978, 13.1668328 ], [ 78.549729, 13.1618659 ], [ 78.546429800000013, 13.1410504 ], [ 78.519708899999969, 13.1298582 ], [ 78.5389799, 13.1076966 ], [ 78.5129181, 13.0919522 ], [ 78.5156335, 13.0630978 ], [ 78.46255619999998, 13.0417775 ], [ 78.469031, 12.9735708 ], [ 78.4336764, 12.9788562 ], [ 78.438419, 12.9608131 ], [ 78.4121429, 12.9430063 ], [ 78.4187371, 12.9183838 ], [ 78.428099599999967, 12.9304966 ], [ 78.4673674, 12.9031599 ], [ 78.465536199999988, 12.8636069 ], [ 78.447013899999988, 12.911017 ], [ 78.428509199999979, 12.8993541 ], [ 78.399473700000016, 12.9157644 ], [ 78.3894201, 12.9054327 ], [ 78.3563835, 12.938196 ], [ 78.3381586, 12.8993624 ], [ 78.3244403, 12.8987299 ], [ 78.321897299999989, 12.8839414 ], [ 78.338488599999977, 12.8841932 ], [ 78.3326, 12.8730036 ], [ 78.3150515, 12.8758699 ], [ 78.3141057, 12.8573285 ], [ 78.273543699999976, 12.8666208 ], [ 78.2519744, 12.8574117 ], [ 78.2316434, 12.7626359 ], [ 78.131418699999969, 12.77983 ], [ 78.057183299999977, 12.8519596 ], [ 78.025280099999989, 12.855435 ], [ 78.0036672, 12.8231717 ], [ 78.0118871, 12.8049753 ], [ 77.9917808, 12.8051299 ], [ 77.955745, 12.8586916 ], [ 77.943198399999986, 12.8223001 ], [ 77.9206337, 12.8290217 ], [ 77.9446011, 12.8653763 ], [ 77.9297818, 12.8727994 ], [ 77.934382099999979, 12.8871379 ], [ 77.892292399999974, 12.8676213 ], [ 77.8354856, 12.8680935 ], [ 77.799318, 12.847834 ], [ 77.809435100000016, 12.7959852 ], [ 77.781551, 12.7689216 ], [ 77.7929072, 12.7479452 ], [ 77.7630142, 12.7341846 ], [ 77.773030600000013, 12.7235721 ], [ 77.7602589, 12.6962691 ], [ 77.7372159, 12.6919288 ], [ 77.7414106, 12.6730742 ], [ 77.7137425, 12.6827669 ], [ 77.705388899999988, 12.660271 ], [ 77.6882522, 12.6580101 ], [ 77.680129199999982, 12.680194 ], [ 77.6640644, 12.6830932 ], [ 77.5999742, 12.666345 ], [ 77.6075664, 12.6298712 ], [ 77.5798188, 12.5667744 ], [ 77.5884051, 12.5159158 ], [ 77.616336699999962, 12.5087598 ], [ 77.58530949999998, 12.4773077 ], [ 77.60667119999998, 12.4735859 ], [ 77.6273378, 12.494513 ], [ 77.6352846, 12.4862895 ], [ 77.616591399999976, 12.3693334 ], [ 77.552940099999987, 12.2927071 ], [ 77.5285337, 12.2784882 ], [ 77.488512, 12.2785263 ], [ 77.4735838, 12.2529016 ], [ 77.475830399999964, 12.2111552 ], [ 77.4927163, 12.1990556 ], [ 77.6146732, 12.204359 ], [ 77.7304078, 12.1809861 ], [ 77.778155099999978, 12.1187537 ], [ 77.700611900000013, 12.0194695 ], [ 77.675940199999971, 11.9492154 ], [ 77.53452249999998, 11.9306889 ], [ 77.495148799999981, 11.9415144 ], [ 77.4877595, 11.8851581 ], [ 77.4635672, 11.8975991 ], [ 77.4671695, 11.8482293 ], [ 77.430195799999979, 11.7597522 ], [ 77.370221500000014, 11.7877269 ], [ 77.3367893, 11.767816 ], [ 77.2952788, 11.8071179 ], [ 77.2887556, 11.7984851 ], [ 77.252085, 11.8111232 ], [ 77.237390799999986, 11.7923871 ], [ 77.1128319, 11.7714972 ], [ 77.1194169, 11.7212194 ], [ 77.081603299999983, 11.7333497 ], [ 77.0599484, 11.7660244 ], [ 77.066357399999987, 11.7853948 ], [ 77.0320789, 11.7729108 ], [ 77.0413918, 11.7921672 ], [ 77.014024600000013, 11.8111704 ], [ 76.9822776, 11.8091553 ], [ 76.9691291, 11.7732817 ], [ 76.953888399999983, 11.7893759 ], [ 76.908980499999984, 11.7912133 ], [ 76.8371107, 11.646281 ], [ 76.860435399999972, 11.6097523 ], [ 76.8468315, 11.5823779 ], [ 76.8825776, 11.5986254 ], [ 76.9682489, 11.5527714 ], [ 77.086318399999982, 11.4002692 ], [ 77.153940299999988, 11.3420569 ], [ 77.1779558, 11.3484907 ], [ 77.3968716, 11.2633098 ], [ 77.7011805, 11.1018484 ], [ 77.738098799999975, 11.0548326 ], [ 77.7704012, 10.9185216 ], [ 77.8631088, 10.7594179 ], [ 77.9661369, 10.7014979 ], [ 78.056241899999989, 10.7027558 ], [ 78.1465856, 10.6861343 ], [ 78.189171, 10.6450938 ], [ 78.3359794, 10.4212379 ], [ 78.3853144, 10.3031248 ], [ 78.4357622, 10.0783479 ], [ 78.3430301, 9.8284734 ], [ 78.36981, 9.5802127 ], [ 78.317317, 9.4849738 ], [ 78.146347399999982, 9.352793 ], [ 78.0281118, 9.2980165 ], [ 77.9458094, 9.231864 ], [ 77.8414586, 9.0590775 ], [ 77.8337842, 8.7876041 ], [ 77.8684526, 8.492754 ], [ 77.8969281, 8.5293011 ], [ 78.022228799999979, 8.8729131 ], [ 78.214354, 9.1528195 ], [ 78.4973044, 9.3628546 ], [ 78.6410423, 9.4399222 ], [ 78.90374, 9.8931269 ], [ 79.0576329, 10.1016123 ], [ 79.1458714, 10.3453215 ], [ 79.2110469, 10.4762656 ], [ 79.4673666, 10.8933368 ], [ 79.490254499999978, 11.2146915 ], [ 79.4233107, 11.3633028 ], [ 79.43366039999998, 11.7865612 ], [ 79.6926616, 12.3964508 ], [ 79.7167545, 12.5100987 ], [ 79.7164974, 12.6357039 ], [ 79.630669, 12.8389792 ], [ 79.6609086, 12.9468274 ], [ 79.7279753, 12.9948813 ], [ 79.8192221, 13.2766487 ], [ 79.904838200000015, 13.3726587 ], [ 80.087284, 13.4908524 ], [ 80.085268899999988, 13.5469568 ], [ 79.8778971, 13.8653269 ], [ 79.7261641, 13.9053426 ], [ 79.4521205, 13.9471832 ], [ 79.4450444, 13.7920332 ], [ 79.420644, 13.7511129 ], [ 79.3126311, 13.7362308 ], [ 79.0537092, 13.8836704 ], [ 78.9723894, 13.9071373 ], [ 78.915827399999984, 13.9067232 ], [ 78.771293, 13.8431066 ], [ 78.7072938, 13.8521552 ], [ 78.6208, 13.8969964 ], [ 78.5806884, 13.9710898 ], [ 78.5412217, 13.980308 ], [ 78.4873295, 13.9581267 ], [ 78.4198647, 14.0002704 ] ] ] } },
{ "type": "Feature", "properties": { "FEATURE_ID": "AESR_07_3_P01", "AESR_UID": "AESR_07_3", "aesr_code": "7.3", "PART_NO": 1, "NPARTS": 1, "aer_code": 7, "subregion": "Eastern Ghats (South)", "SOIL_GRP": "Mixed Red-Black", "CLIM_STD": "Moist semi-arid to Dry subhumid", "LGP_ORDER": 5, "lgp_ref": "150-180 days", "AWC_REF": "Medium", "AREA_KM2": 36819.103284455945 }, "geometry": { "type": "Polygon", "coordinates": [ [ [ 81.7385679, 17.034641 ], [ 81.6651705, 17.1880003 ], [ 81.654919699999979, 17.3022218 ], [ 81.606665899999967, 17.4014631 ], [ 81.503161, 17.4876226 ], [ 81.502254, 17.4573676 ], [ 81.4245204, 17.3702257 ], [ 81.380661100000012, 17.3657168 ], [ 81.339158, 17.4005105 ], [ 81.2760239, 17.3284601 ], [ 81.190355, 17.3305491 ], [ 81.179435099999978, 17.3048178 ], [ 81.189435199999977, 17.263057 ], [ 81.1716587, 17.2410523 ], [ 81.071047400000012, 17.2124691 ], [ 81.0553794, 17.2221524 ], [ 81.0350102, 17.1950193 ], [ 81.0001021, 17.1880127 ], [ 80.939438, 17.2131954 ], [ 80.9141234, 17.2094219 ], [ 80.922126, 17.1542004 ], [ 80.8791022, 17.1544991 ], [ 80.8638572, 17.1196417 ], [ 80.86772209999998, 17.0592027 ], [ 80.8413567, 17.034061099999988 ], [ 80.7345019, 17.0727257 ], [ 80.6927409, 17.076777 ], [ 80.648319, 17.0631243 ], [ 80.665370399999986, 17.0957292 ], [ 80.568776, 17.1457568 ], [ 80.528014399999989, 17.115865 ], [ 80.5046913, 17.1155468 ], [ 80.4908068, 17.0580361 ], [ 80.461485, 17.0447838 ], [ 80.4548545, 17.024794 ], [ 80.429112, 17.0325803 ], [ 80.398629, 17.0837769 ], [ 80.3755056, 17.0641417 ], [ 80.3964652, 17.0149977 ], [ 80.3668349, 16.9783461 ], [ 80.49654959999998, 16.9254549 ], [ 80.5000034, 16.9561486 ], [ 80.529428599999989, 16.9444337 ], [ 80.5404786, 16.9581935 ], [ 80.592961299999985, 16.9346739 ], [ 80.595587, 16.882191 ], [ 80.573776, 16.8772701 ], [ 80.563450699999976, 16.8330801 ], [ 80.6130266, 16.7961971 ], [ 80.5717187, 16.7712426 ], [ 80.465218599999986, 16.7982325 ], [ 80.4613923, 16.8234364 ], [ 80.4084306, 16.8577457 ], [ 80.4078844, 16.8396101 ], [ 80.3816746, 16.8191274 ], [ 80.3673324, 16.862835 ], [ 80.3278628, 16.8787731 ], [ 80.3099222, 16.9635174 ], [ 80.270646, 17.0181228 ], [ 80.24419, 17.0098 ], [ 80.226254899999986, 17.0270434 ], [ 80.209667299999978, 17.0205376 ], [ 80.1904794, 17.0522448 ], [ 80.142235199999988, 16.9927044 ], [ 80.096008700000013, 16.9946999 ], [ 80.092585599999978, 16.9704922 ], [ 80.054171299999979, 16.9725379 ], [ 80.0178633, 16.9145413 ], [ 80.0000166, 16.8705791 ], [ 80.0414995, 16.8598625 ], [ 80.0502576, 16.8335345 ], [ 80.078129899999979, 16.8211524 ], [ 80.0563996, 16.7527908 ], [ 79.966654899999966, 16.6497112 ], [ 79.932129899999978, 16.638374 ], [ 79.9105285, 16.6454272 ], [ 79.8701916, 16.7056338 ], [ 79.818561500000015, 16.6978319 ], [ 79.783121399999985, 16.7367411 ], [ 79.7309347, 16.6998091 ], [ 79.676786, 16.6911297 ], [ 79.6561758, 16.6691367 ], [ 79.6079888, 16.6703229 ], [ 79.562027, 16.6416191 ], [ 79.505162, 16.6374584 ], [ 79.4345235, 16.5894308 ], [ 79.2738428, 16.5681709 ], [ 79.2330024, 16.5149373 ], [ 79.2439876, 16.4653618 ], [ 79.220414, 16.4006489 ], [ 79.237756, 16.3072898 ], [ 79.226668899999964, 16.2467846 ], [ 79.184526, 16.2242414 ], [ 79.141027899999983, 16.2433937 ], [ 79.027815499999988, 16.2510893 ], [ 78.9156315, 16.1977613 ], [ 78.9294989, 16.128718 ], [ 78.791637100000017, 15.7373686 ], [ 78.766185499999978, 15.3876145 ], [ 78.7691848, 15.1688707 ], [ 78.9057198, 15.197513 ], [ 79.0612518, 15.1588678 ], [ 79.086728499999978, 14.9156062 ], [ 79.236239900000015, 14.5879154 ], [ 79.2609843, 14.5682625 ], [ 79.418757700000015, 14.2656825 ], [ 79.4521205, 13.9471832 ], [ 79.7261641, 13.9053426 ], [ 79.8778971, 13.8653269 ], [ 79.712931199999986, 14.8415509 ], [ 79.696796400000011, 15.1396905 ], [ 79.772485800000013, 15.8239609 ], [ 79.9518357, 16.0723332 ], [ 80.197012299999983, 16.2418916 ], [ 81.115070699999976, 16.5975717 ], [ 81.523475299999987, 16.7418668 ], [ 81.7375434, 16.9144825 ], [ 81.7385679, 17.034641 ] ] ] } },
{ "type": "Feature", "properties": { "FEATURE_ID": "AESR_18_2_P01", "AESR_UID": "AESR_18_2", "aesr_code": "18.2", "PART_NO": 1, "NPARTS": 1, "aer_code": 18, "subregion": "North Tamil Nadu Plains (Coastal)", "SOIL_GRP": "Coastal/Deltaic Alluvium", "CLIM_STD": "Moist semi-arid", "LGP_ORDER": 4, "lgp_ref": "120-150 days", "AWC_REF": "High", "AREA_KM2": 17643.399044878803 }, "geometry": { "type": "MultiPolygon", "coordinates": [ [ [ [ 80.318762399999983, 13.4565315 ], [ 80.269693, 13.5631527 ], [ 80.2418067, 13.4679716 ], [ 80.2156243, 13.4874776 ], [ 80.1132774, 13.5080938 ], [ 80.1107641, 13.4919429 ], [ 80.087284, 13.4908524 ], [ 79.904838200000015, 13.3726587 ], [ 79.8192221, 13.2766487 ], [ 79.7279753, 12.9948813 ], [ 79.6609086, 12.9468274 ], [ 79.630669, 12.8389792 ], [ 79.7164974, 12.6357039 ], [ 79.7167545, 12.5100987 ], [ 79.6926616, 12.3964508 ], [ 79.43366039999998, 11.7865612 ], [ 79.4233107, 11.3633028 ], [ 79.490254499999978, 11.2146915 ], [ 79.4673666, 10.8933368 ], [ 79.2704347, 10.589399 ], [ 79.118914500000017, 10.2709393 ], [ 79.1687719, 10.1869181 ], [ 79.1661298, 10.1625889 ], [ 79.2288979, 10.1362021 ], [ 79.24241, 10.1783366 ], [ 79.277994299999975, 10.213951 ], [ 79.27561, 10.2382091 ], [ 79.3277865, 10.2854005 ], [ 79.353171599999968, 10.2903519 ], [ 79.3490189, 10.3020402 ], [ 79.364831099999989, 10.2980688 ], [ 79.4016184, 10.3247867 ], [ 79.5193267, 10.3117765 ], [ 79.537840199999977, 10.3268439 ], [ 79.526977, 10.3549852 ], [ 79.612816900000013, 10.3400728 ], [ 79.6111564, 10.3296043 ], [ 79.55629, 10.3298609 ], [ 79.5454061, 10.307326 ], [ 79.7763838, 10.2751113 ], [ 79.7475291, 10.3000631 ], [ 79.722958399999982, 10.2892769 ], [ 79.611570399999977, 10.3191914 ], [ 79.6378866, 10.3380823 ], [ 79.71479429999998, 10.3111863 ], [ 79.7041225, 10.3288458 ], [ 79.7286484, 10.3299262 ], [ 79.794811099999976, 10.2713141 ], [ 79.878712400000012, 10.2873135 ], [ 79.850147499999977, 10.8090174 ], [ 79.8357635, 10.8114707 ], [ 79.8498416, 10.822956 ], [ 79.8488487, 10.8707873 ], [ 79.8355149, 10.8737658 ], [ 79.851916, 10.9155275 ], [ 79.8539381, 11.1952486 ], [ 79.8401294, 11.3524564 ], [ 79.812392499999987, 11.3443341 ], [ 79.798700899999986, 11.3686292 ], [ 79.8246798, 11.3644782 ], [ 79.808026399999989, 11.4463667 ], [ 79.763203, 11.5375257 ], [ 79.7592601, 11.6125821 ], [ 79.7855814, 11.729323 ], [ 79.7669797, 11.7444995 ], [ 79.784838, 11.7381588 ], [ 79.790059, 11.7471053 ], [ 79.845943399999982, 11.9763507 ], [ 79.888211, 12.0700911 ], [ 80.019148899999976, 12.2820653 ], [ 80.138239099999979, 12.4324562 ], [ 80.13105819999997, 12.4470883 ], [ 80.1488721, 12.4481782 ], [ 80.1404284, 12.4577416 ], [ 80.1624271, 12.4706838 ], [ 80.163834499999979, 12.5171745 ], [ 80.2538653, 12.7668808 ], [ 80.2602225, 12.9372815 ], [ 80.3463054, 13.2934311 ], [ 80.3293333, 13.4384714 ], [ 80.325121899999985, 13.3831714 ], [ 80.2888881, 13.4028304 ], [ 80.2808673, 13.4279784 ], [ 80.289005899999978, 13.4402557 ], [ 80.3109338, 13.4323164 ], [ 80.318762399999983, 13.4565315 ] ] ], [ [ [ 79.333628899999979, 9.3029871 ], [ 79.315458, 9.3246635 ], [ 79.270708699999972, 9.2934884 ], [ 79.224193700000015, 9.2933309 ], [ 79.205558299999979, 9.2780122 ], [ 79.2198343, 9.258302 ], [ 79.2624018, 9.2611108 ], [ 79.325973799999971, 9.2343099 ], [ 79.4243021, 9.1667895 ], [ 79.3173912, 9.2750196 ], [ 79.333628899999979, 9.3029871 ] ] ], [ [ [ 78.9372267, 9.1887055 ], [ 78.912871799999976, 9.1853446 ], [ 78.9050989, 9.1767608 ], [ 78.936028099999973, 9.1802907 ], [ 78.9372267, 9.1887055 ] ] ], [ [ [ 79.081171, 9.1918206 ], [ 79.0710834, 9.2061613 ], [ 79.062292599999978, 9.2023578 ], [ 79.081171, 9.1918206 ] ] ], [ [ [ 78.571594, 9.0977236 ], [ 78.5819991, 9.1119949 ], [ 78.567218699999984, 9.0992303 ], [ 78.571594, 9.0977236 ] ] ], [ [ [ 79.4580088, 9.125646 ], [ 79.4655967, 9.1337059 ], [ 79.4565695, 9.1296995 ], [ 79.4580088, 9.125646 ] ] ], [ [ [ 79.1270467, 9.210593 ], [ 79.1293603, 9.2182663 ], [ 79.1221598, 9.2170499 ], [ 79.1270467, 9.210593 ] ] ], [ [ [ 78.962625800000026, 9.1825836 ], [ 78.968852199999986, 9.1908832 ], [ 78.9629766, 9.1882846 ], [ 78.962625800000026, 9.1825836 ] ] ], [ [ [ 78.4953702, 9.0815533 ], [ 78.4942157, 9.0939352 ], [ 78.488082099999971, 9.0931224 ], [ 78.4953702, 9.0815533 ] ] ], [ [ [ 80.313682899999975, 13.4149918 ], [ 80.3206813, 13.4230351 ], [ 80.313434899999976, 13.4240575 ], [ 80.313682899999975, 13.4149918 ] ] ], [ [ [ 78.8281002, 9.1655347 ], [ 78.820049799999978, 9.1690256 ], [ 78.819051399999978, 9.1619735 ], [ 78.8281002, 9.1655347 ] ] ], [ [ [ 79.4305125, 9.1480233 ], [ 79.439059200000017, 9.1543663 ], [ 79.4293841, 9.1532431 ], [ 79.4305125, 9.1480233 ] ] ], [ [ [ 80.3076458, 13.4201982 ], [ 80.3019974, 13.4138472 ], [ 80.3092993, 13.4099078 ], [ 80.3076458, 13.4201982 ] ] ], [ [ [ 79.4717508, 9.1173101 ], [ 79.4803324, 9.1220969 ], [ 79.4765412, 9.123578 ], [ 79.4717508, 9.1173101 ] ] ], [ [ [ 78.2094308, 8.8316931 ], [ 78.218107, 8.8354309 ], [ 78.2103102, 8.8382836 ], [ 78.2094308, 8.8316931 ] ] ], [ [ [ 78.251029, 8.9470824 ], [ 78.2600048, 8.9490348 ], [ 78.254766, 8.9533343 ], [ 78.251029, 8.9470824 ] ] ], [ [ [ 78.1880057, 8.7280924 ], [ 78.192985100000016, 8.7361359 ], [ 78.1872297, 8.7342511 ], [ 78.1880057, 8.7280924 ] ] ], [ [ [ 78.2284602, 8.8595259 ], [ 78.232204400000015, 8.8693806 ], [ 78.2281383, 8.8681439 ], [ 78.2284602, 8.8595259 ] ] ], [ [ [ 78.7050295, 9.1743828 ], [ 78.711970199999982, 9.1800305 ], [ 78.7058848, 9.1819772 ], [ 78.7050295, 9.1743828 ] ] ], [ [ [ 78.533700399999987, 9.100851 ], [ 78.540319499999981, 9.1064018 ], [ 78.5367489, 9.1105555 ], [ 78.533700399999987, 9.100851 ] ] ], [ [ [ 78.755390099999985, 9.1555258 ], [ 78.7598076, 9.1626662 ], [ 78.755737399999987, 9.1614343 ], [ 78.755390099999985, 9.1555258 ] ] ], [ [ [ 78.700316199999989, 9.1577611 ], [ 78.7062652, 9.1626944 ], [ 78.7007228, 9.1625879 ], [ 78.700316199999989, 9.1577611 ] ] ], [ [ [ 79.212005499999989, 9.2432218 ], [ 79.2114466, 9.2482845 ], [ 79.2069, 9.2427625 ], [ 79.212005499999989, 9.2432218 ] ] ], [ [ [ 79.4826867, 9.1144965 ], [ 79.491243899999986, 9.1137197 ], [ 79.490479099999988, 9.1178115 ], [ 79.4826867, 9.1144965 ] ] ], [ [ [ 80.318988299999987, 13.3909619 ], [ 80.321173899999977, 13.4008534 ], [ 80.3180941, 13.4027937 ], [ 80.318988299999987, 13.3909619 ] ] ], [ [ [ 79.1845387, 9.2320401 ], [ 79.1905108, 9.2364634 ], [ 79.186784099999983, 9.2389113 ], [ 79.1845387, 9.2320401 ] ] ], [ [ [ 79.1767256, 9.2423271 ], [ 79.1842994, 9.245338 ], [ 79.1821455, 9.2478127 ], [ 79.1767256, 9.2423271 ] ] ], [ [ [ 79.1955845, 9.2322371 ], [ 79.2015635, 9.2362983 ], [ 79.1986475, 9.2373245 ], [ 79.1955845, 9.2322371 ] ] ], [ [ [ 78.7281717, 9.1497918 ], [ 78.73194, 9.1557688 ], [ 78.7274139, 9.1540901 ], [ 78.7281717, 9.1497918 ] ] ], [ [ [ 78.694752699999981, 9.1459665 ], [ 78.6987836, 9.1503554 ], [ 78.695528699999983, 9.1523452 ], [ 78.694752699999981, 9.1459665 ] ] ], [ [ [ 80.3181421, 13.4376779 ], [ 80.320080899999979, 13.4427517 ], [ 80.3178757, 13.4426455 ], [ 80.3181421, 13.4376779 ] ] ] ] } },
{ "type": "Feature", "properties": { "FEATURE_ID": "AESR_06_3_P01", "AESR_UID": "AESR_06_3", "aesr_code": "6.3", "PART_NO": 1, "NPARTS": 1, "aer_code": 6, "subregion": "Eastern Maharashtra Plateau", "SOIL_GRP": "Black", "CLIM_STD": "Moist semi-arid", "LGP_ORDER": 4, "lgp_ref": "120-150 days", "AWC_REF": "Medium to High", "AREA_KM2": 53491.948676510387 }, "geometry": { "type": "Polygon", "coordinates": [ [ [ 78.9352342, 19.8737904 ], [ 78.862696299999982, 20.0921033 ], [ 78.7775878, 20.249519899999989 ], [ 78.569066699999979, 20.4666045 ], [ 78.4197761, 20.5380911 ], [ 78.2633074, 20.6519351 ], [ 78.1245951, 20.8632031 ], [ 78.0967825, 20.9967212 ], [ 78.0943287, 21.1670884 ], [ 78.007611099999963, 21.3242105 ], [ 77.9089366, 21.4020015 ], [ 77.772262799999979, 21.4122142 ], [ 77.6163997, 21.4037381 ], [ 77.4400004, 21.4495404 ], [ 77.274974899999975, 21.5684031 ], [ 77.1460303, 21.7167386 ], [ 77.0750742, 21.7204228 ], [ 76.9998571, 21.6791167 ], [ 76.903467699999979, 21.598378 ], [ 76.8544104, 21.6125697 ], [ 76.8357592, 21.5906213 ], [ 76.7975019, 21.5950785 ], [ 76.7823464, 21.5600451 ], [ 76.7899341, 21.5377246 ], [ 76.7649838, 21.5202547 ], [ 76.7938856, 21.4875334 ], [ 76.78624, 21.4641547 ], [ 76.745367, 21.4408227 ], [ 76.7340168, 21.4065183 ], [ 76.6262043, 21.3328569 ], [ 76.662796, 21.280226 ], [ 76.6602036, 21.24566 ], [ 76.6442465, 21.245569 ], [ 76.6249854, 21.1905449 ], [ 76.560849, 21.2036782 ], [ 76.5306027, 21.1871659 ], [ 76.4924844, 21.1956893 ], [ 76.4538996, 21.112806 ], [ 76.4129267, 21.1052015 ], [ 76.3773735, 21.075265 ], [ 76.2825513, 21.073254599999988 ], [ 76.2628746, 21.092624900000011 ], [ 76.169175399999986, 21.0837443 ], [ 76.169010099999966, 21.1033234 ], [ 76.136135299999978, 21.1240987 ], [ 76.1147618, 21.1683096 ], [ 76.1674246, 21.168579 ], [ 76.1733169, 21.18613 ], [ 76.164633099999989, 21.2219743 ], [ 76.144950799999989, 21.2358874 ], [ 76.1598079, 21.2569212 ], [ 76.099179399999983, 21.3716095 ], [ 76.0527694, 21.3504014 ], [ 75.9595968, 21.3938553 ], [ 75.9166226, 21.387507 ], [ 75.8881367, 21.3973042 ], [ 75.83252, 21.3809951 ], [ 75.7325721, 21.3910283 ], [ 75.6728991, 21.3780729 ], [ 75.6288243, 21.3789572 ], [ 75.6082386, 21.3927315 ], [ 75.5472995, 21.3702473 ], [ 75.4673779, 21.3919635 ], [ 75.397159, 21.380771 ], [ 75.3600511, 21.4010168 ], [ 75.30041319999998, 21.3870758 ], [ 75.2981475, 21.4134696 ], [ 75.2181528, 21.4087126 ], [ 75.1467596, 21.4405767 ], [ 75.154875699999977, 21.012363 ], [ 75.2939286, 20.7489383 ], [ 75.4095023, 20.5881965 ], [ 75.584429, 20.575206 ], [ 75.6927957, 20.6209646 ], [ 75.821768300000016, 20.6307076 ], [ 75.9590721, 20.5797118 ], [ 76.1118507, 20.4377332 ], [ 76.149564799999979, 20.2501217 ], [ 76.0388884, 20.0708333 ], [ 76.0283824, 19.9914919 ], [ 76.0823096, 19.9077844 ], [ 76.1859654, 19.8800722 ], [ 76.4040213, 19.8976585 ], [ 76.585142199999979, 19.8532815 ], [ 76.8471608, 19.9137791 ], [ 77.051293099999981, 19.984841 ], [ 77.2067349, 19.9331158 ], [ 77.566090799999984, 19.617262 ], [ 77.6894893, 19.5280772 ], [ 77.7669876, 19.49280370000001 ], [ 77.974738, 19.3135174 ], [ 78.103632399999981, 19.2484019 ], [ 78.199301799999986, 19.2678166 ], [ 78.2493514, 19.3534597 ], [ 78.327758399999979, 19.7371711 ], [ 78.352679299999977, 19.7982281 ], [ 78.4806112, 19.8421364 ], [ 78.6799661, 19.8197245 ], [ 78.861251199999984, 19.7754471 ], [ 78.9352342, 19.8737904 ] ] ] } },
{ "type": "Feature", "properties": { "FEATURE_ID": "AESR_08_1_P01", "AESR_UID": "AESR_08_1", "aesr_code": "8.1", "PART_NO": 1, "NPARTS": 1, "aer_code": 8, "subregion": "Tamil Nadu Uplands and leeward flanks of South Sahyadris", "SOIL_GRP": "Mixed Red-Black", "CLIM_STD": "Dry semi-arid", "LGP_ORDER": 3, "lgp_ref": "90-120 days", "AWC_REF": "Medium", "AREA_KM2": 33790.441727938218 }, "geometry": { "type": "Polygon", "coordinates": [ [ [ 77.8684526, 8.492754 ], [ 77.8337842, 8.7876041 ], [ 77.8414586, 9.0590775 ], [ 77.9458094, 9.231864 ], [ 78.0281118, 9.2980165 ], [ 78.146347399999982, 9.352793 ], [ 78.317317, 9.4849738 ], [ 78.36981, 9.5802127 ], [ 78.3430301, 9.8284734 ], [ 78.4357622, 10.0783479 ], [ 78.4226631, 10.1789884 ], [ 78.3359794, 10.4212379 ], [ 78.189171, 10.6450938 ], [ 78.1465856, 10.6861343 ], [ 78.056241899999989, 10.7027558 ], [ 77.9661369, 10.7014979 ], [ 77.8631088, 10.7594179 ], [ 77.7704012, 10.9185216 ], [ 77.738098799999975, 11.0548326 ], [ 77.7011805, 11.1018484 ], [ 77.3968716, 11.2633098 ], [ 77.1779558, 11.3484907 ], [ 77.153940299999988, 11.3420569 ], [ 77.055631299999988, 11.423474 ], [ 76.8881859, 11.3484257 ], [ 76.7054508, 11.238707 ], [ 76.736511499999978, 11.2142424 ], [ 76.7311663, 11.1922755 ], [ 76.695950499999981, 11.1653954 ], [ 76.7067042, 11.1404192 ], [ 76.7198933, 11.1480472 ], [ 76.748932200000013, 11.1291137 ], [ 76.7474792, 11.055329 ], [ 76.7776953, 11.040119 ], [ 76.8040018, 11.0549693 ], [ 76.792395, 11.0368854 ], [ 76.7168364, 11.039111 ], [ 76.657718799999984, 10.9366275 ], [ 76.7434388, 10.8888231 ], [ 76.7838784, 10.8895794 ], [ 76.828629, 10.8698387 ], [ 76.8564486, 10.8346077 ], [ 76.851716, 10.8157576 ], [ 76.8997647, 10.8080871 ], [ 76.9090861, 10.7790346 ], [ 76.895415, 10.7155643 ], [ 76.867156199999982, 10.6834142 ], [ 76.884453199999982, 10.6376141 ], [ 76.816587700000014, 10.6343774 ], [ 76.8203161, 10.6025188 ], [ 76.8415177, 10.5931444 ], [ 76.819465199999982, 10.4229523 ], [ 76.8517373, 10.3678205 ], [ 76.832165299999986, 10.3032994 ], [ 76.85116020000001, 10.2857027 ], [ 76.876910600000016, 10.2981995 ], [ 76.8749999, 10.2752125 ], [ 76.918438899999984, 10.2330119 ], [ 76.9407907, 10.2379049 ], [ 76.9840007, 10.2170768 ], [ 77.051875900000013, 10.2567451 ], [ 77.0470819, 10.2807479 ], [ 77.0651414, 10.2940998 ], [ 77.1764259, 10.355171 ], [ 77.235818499999979, 10.349343 ], [ 77.228214800000018, 10.3148236 ], [ 77.2645025, 10.2628564 ], [ 77.260566200000014, 10.2297081 ], [ 77.284061499999964, 10.2334904 ], [ 77.294617299999985, 10.2164326 ], [ 77.2741302, 10.1282087 ], [ 77.2393528, 10.1274862 ], [ 77.202341799999985, 10.1045964 ], [ 77.2626629, 10.02933 ], [ 77.2554773, 10.0092001 ], [ 77.2761792, 9.9728301 ], [ 77.2192316, 9.9032786 ], [ 77.2139505, 9.8749122 ], [ 77.2386161, 9.8579916 ], [ 77.2239233, 9.8234687 ], [ 77.2491466, 9.7975321 ], [ 77.2249264, 9.7888783 ], [ 77.2234875, 9.7305931 ], [ 77.205170099999989, 9.7243849 ], [ 77.206990199999979, 9.6950465 ], [ 77.1672925, 9.6147553 ], [ 77.2114881, 9.6130449 ], [ 77.2385362, 9.5816928 ], [ 77.2708414, 9.573988 ], [ 77.3202124, 9.6021768 ], [ 77.3408349, 9.5723828 ], [ 77.356903899999978, 9.604287 ], [ 77.3667848, 9.535532 ], [ 77.387057699999986, 9.5179726 ], [ 77.4031111, 9.5260717 ], [ 77.412687, 9.5058923 ], [ 77.3951027, 9.4600398 ], [ 77.3680627, 9.4589151 ], [ 77.3506961, 9.4402055 ], [ 77.328035599999978, 9.3369526 ], [ 77.3007557, 9.3364517 ], [ 77.3001912, 9.3098732 ], [ 77.2834962, 9.2998005 ], [ 77.2837096, 9.2176977 ], [ 77.2535141, 9.1879675 ], [ 77.268841399999985, 9.1518397 ], [ 77.2129027, 9.0970306 ], [ 77.199239799999987, 9.0450501 ], [ 77.1708424, 9.0450193 ], [ 77.1492649, 9.0202358 ], [ 77.1975982, 8.9554993 ], [ 77.1979529, 8.9242029 ], [ 77.2223386, 8.9259207 ], [ 77.22392, 8.9016892 ], [ 77.2577144, 8.8766406 ], [ 77.265029599999977, 8.8404629 ], [ 77.2203192, 8.7692759 ], [ 77.201014699999988, 8.769455 ], [ 77.1945866, 8.7433283 ], [ 77.1733332, 8.7458023 ], [ 77.278609899999978, 8.5574413 ], [ 77.4965603, 8.4226972 ], [ 77.561974799999987, 8.400296 ], [ 77.8041438, 8.4101475 ], [ 77.8684526, 8.492754 ] ] ] } },
{ "type": "Feature", "properties": { "FEATURE_ID": "AESR_19_3_P01", "AESR_UID": "AESR_19_3", "aesr_code": "19.3", "PART_NO": 1, "NPARTS": 1, "aer_code": 19, "subregion": "Konkan Karnataka and Kerala Coastal Plain", "SOIL_GRP": "Coastal/Deltaic Alluvium", "CLIM_STD": "Humid to Perhumid", "LGP_ORDER": 8, "lgp_ref": "240-270 Days", "AWC_REF": null, "AREA_KM2": 35906.890447478887 }, "geometry": { "type": "MultiPolygon", "coordinates": [ [ [ [ 72.8928095, 20.4416701 ], [ 72.8446087, 20.4745566 ], [ 72.825614099999981, 20.4507031 ], [ 72.8042277, 20.376879 ], [ 72.759846899999985, 20.3347372 ], [ 72.737821, 20.2462247 ], [ 72.74488359999998, 20.2111661 ], [ 72.7694458, 20.2124764 ], [ 72.73752589999998, 20.1901536 ], [ 72.704038, 20.0643194 ], [ 72.711779299999989, 20.0366883 ], [ 72.724945099999985, 20.0363195 ], [ 72.7195406, 19.9790028 ], [ 72.7472269, 19.9720412 ], [ 72.7588204, 19.982156 ], [ 72.7659062, 19.971166799999985 ], [ 72.767522, 19.9567047 ], [ 72.7532647, 19.9539868 ], [ 72.7692845, 19.9464786 ], [ 72.7735494, 19.899026 ], [ 72.7537298, 19.8824255 ], [ 72.723909099999972, 19.9515427 ], [ 72.707967, 19.9683613 ], [ 72.684336, 19.9603618 ], [ 72.650448, 19.9424124 ], [ 72.6727676, 19.8733261 ], [ 72.655861, 19.8604952 ], [ 72.6443974, 19.8690484 ], [ 72.6444158, 19.8389972 ], [ 72.6589826, 19.8086742 ], [ 72.665067, 19.8216912 ], [ 72.682453, 19.8046571 ], [ 72.7227456, 19.8190675 ], [ 72.685722, 19.7927065 ], [ 72.6698153, 19.7593484 ], [ 72.6760712, 19.714048 ], [ 72.6955129, 19.7169252 ], [ 72.7139447, 19.6934095 ], [ 72.6948844, 19.6568579 ], [ 72.7211854, 19.616527 ], [ 72.709592899999976, 19.5530759 ], [ 72.7486521, 19.4859278 ], [ 72.7552472, 19.3784399 ], [ 72.8000844, 19.3303244 ], [ 72.781283099999982, 19.2676966 ], [ 72.7946373, 19.1827509 ], [ 72.7836349, 19.1251747 ], [ 72.806706399999968, 19.1373752 ], [ 72.8271154, 19.1119777 ], [ 72.8201998, 19.0187101 ], [ 72.7876492, 18.9394769 ], [ 72.812807099999986, 18.9515375 ], [ 72.8222769, 18.9431485 ], [ 72.8075452, 18.8958082 ], [ 72.864948199999986, 18.804341 ], [ 72.852483600000014, 18.6991952 ], [ 72.8617149, 18.6393752 ], [ 72.933300799999984, 18.5344054 ], [ 72.9040591, 18.5356937 ], [ 72.9096652, 18.5010163 ], [ 72.892071, 18.4592663 ], [ 72.926146199999977, 18.3837938 ], [ 72.91339929999998, 18.3593336 ], [ 72.9625222, 18.3161651 ], [ 72.93271, 18.2807017 ], [ 72.9321159, 18.2141035 ], [ 72.950345899999988, 18.2186699 ], [ 72.976221, 18.1991536 ], [ 72.985830399999983, 18.1577649 ], [ 72.9707961, 18.1292001 ], [ 73.001620799999984, 18.0737307 ], [ 72.992316, 18.0495924 ], [ 73.0093394, 18.0487683 ], [ 73.017552, 18.0301833 ], [ 73.0465877, 18.0438675 ], [ 73.0246498, 18.0215054 ], [ 73.0068385, 18.0218232 ], [ 73.0336275, 17.9364565 ], [ 73.0553108, 17.9181255 ], [ 73.0559718, 17.893438 ], [ 73.0803003, 17.8943646 ], [ 73.0921315, 17.8387323 ], [ 73.1302374, 17.8313416 ], [ 73.0932864, 17.8344678 ], [ 73.138081, 17.7186396 ], [ 73.117040299999985, 17.689536 ], [ 73.160102299999977, 17.5908256 ], [ 73.14129, 17.5565536 ], [ 73.182604, 17.510343 ], [ 73.1885284, 17.4463977 ], [ 73.2044603, 17.4394176 ], [ 73.168597, 17.403739 ], [ 73.1880482, 17.3837368 ], [ 73.2058837, 17.3874587 ], [ 73.226261699999981, 17.3561341 ], [ 73.2237356, 17.3269323 ], [ 73.2460491, 17.3171493 ], [ 73.2317861, 17.298411 ], [ 73.1898593, 17.2994269 ], [ 73.2197325, 17.2750703 ], [ 73.2489508, 17.2197102 ], [ 73.239100499999978, 17.1942424 ], [ 73.2774657, 17.155342 ], [ 73.2713861, 17.1142968 ], [ 73.292936, 17.0800607 ], [ 73.3123941, 17.0767804 ], [ 73.2916914, 17.0705268 ], [ 73.2804554, 17.039704 ], [ 73.2578822, 17.046443 ], [ 73.260633399999989, 17.017997 ], [ 73.2820902, 17.0136113 ], [ 73.272740499999983, 16.9849591 ], [ 73.3133858, 16.9796507 ], [ 73.3199322, 16.96179 ], [ 73.3337055, 16.967886 ], [ 73.3312941, 16.9498802 ], [ 73.2946757, 16.974927 ], [ 73.282363799999985, 16.8930711 ], [ 73.3153515, 16.8879779 ], [ 73.292804, 16.8831635 ], [ 73.2934918, 16.8342768 ], [ 73.3176449, 16.7970923 ], [ 73.3026372, 16.7543369 ], [ 73.3117632, 16.7162536 ], [ 73.3225323, 16.6909046 ], [ 73.345415199999977, 16.6905688 ], [ 73.328593399999988, 16.6783208 ], [ 73.324171099999987, 16.6357381 ], [ 73.3418588, 16.6314774 ], [ 73.343959099999964, 16.6161401 ], [ 73.370035899999976, 16.6361503 ], [ 73.3923665, 16.6266783 ], [ 73.3854476, 16.5987376 ], [ 73.4031286, 16.5863639 ], [ 73.3790588, 16.5943321 ], [ 73.367756, 16.6246658 ], [ 73.343374699999984, 16.6098122 ], [ 73.3549649, 16.591 ], [ 73.324242499999983, 16.6034018 ], [ 73.3459743, 16.5675723 ], [ 73.314158699999979, 16.5326948 ], [ 73.369761, 16.3937968 ], [ 73.469526500000015, 16.4150676 ], [ 73.371965399999979, 16.3786685 ], [ 73.381601899999978, 16.357569 ], [ 73.42050660000001, 16.3647627 ], [ 73.3905496, 16.3561294 ], [ 73.386300099999985, 16.3354938 ], [ 73.461459399999967, 16.1103152 ], [ 73.472422, 16.1585889 ], [ 73.458595799999983, 16.0570532 ], [ 73.486503, 16.037576 ], [ 73.487591900000012, 15.9749479 ], [ 73.5092332, 15.9622294 ], [ 73.507622699999985, 15.9433508 ], [ 73.589525799999976, 15.9101706 ], [ 73.617705499999985, 15.8533807 ], [ 73.6331748, 15.851126 ], [ 73.6664481, 15.7647193 ], [ 73.688937599999988, 15.7545813 ], [ 73.6599719, 15.7451625 ], [ 73.699693099999976, 15.7214967 ], [ 73.6908562, 15.7062407 ], [ 73.72471010000001, 15.6240535 ], [ 73.7342929, 15.6135902 ], [ 73.7471, 15.632547 ], [ 73.76650549999998, 15.6327348 ], [ 73.73038379999997, 15.5984456 ], [ 73.7671988, 15.4945927 ], [ 73.833755299999979, 15.5051037 ], [ 73.807342599999984, 15.4826143 ], [ 73.8067793, 15.4631289 ], [ 73.785648299999977, 15.4616327 ], [ 73.8478488, 15.4518237 ], [ 73.8978232, 15.417588 ], [ 73.9360517, 15.4361389 ], [ 73.9262598, 15.4156027 ], [ 73.9405236, 15.4076117 ], [ 73.922353899999976, 15.4036422 ], [ 73.847276399999984, 15.4002009 ], [ 73.818897, 15.4121269 ], [ 73.81287420000001, 15.3990305 ], [ 73.783677599999962, 15.4111704 ], [ 73.84305160000001, 15.3601591 ], [ 73.8793281, 15.3633544 ], [ 73.947067599999968, 15.1451285 ], [ 73.947256399999986, 15.1725251 ], [ 73.9590958, 15.1850209 ], [ 73.9583118, 15.1443642 ], [ 73.9160319, 15.1070342 ], [ 73.9139145, 15.0837392 ], [ 73.983531599999978, 15.055245 ], [ 73.984028899999984, 15.0257954 ], [ 74.0456911, 14.9870862 ], [ 74.0423437, 14.915121 ], [ 74.0968623, 14.8932555 ], [ 74.1210262, 14.8384207 ], [ 74.1790778, 14.8810989 ], [ 74.2100584, 14.888852 ], [ 74.214097799999976, 14.8737022 ], [ 74.2501698, 14.8746812 ], [ 74.233145299999961, 14.8601014 ], [ 74.215807799999979, 14.8683783 ], [ 74.1761847, 14.8550992 ], [ 74.1567545, 14.8128271 ], [ 74.1619794, 14.8381281 ], [ 74.126302599999988, 14.8343775 ], [ 74.1204857, 14.802022 ], [ 74.0953978, 14.7969965 ], [ 74.122121499999977, 14.7739392 ], [ 74.1436686, 14.7744825 ], [ 74.157206099999982, 14.7470194 ], [ 74.1771604, 14.7666601 ], [ 74.1668821, 14.7521034 ], [ 74.200196099999985, 14.7201761 ], [ 74.2280111, 14.7469141 ], [ 74.2464726, 14.7395171 ], [ 74.2855816, 14.6629543 ], [ 74.271772599999977, 14.6269856 ], [ 74.2846868, 14.6085219 ], [ 74.3054624, 14.6013377 ], [ 74.316932599999987, 14.6157433 ], [ 74.363713899999979, 14.5982499 ], [ 74.429562899999965, 14.6245825 ], [ 74.3841421, 14.5923205 ], [ 74.3293095, 14.6034266 ], [ 74.294605, 14.5919227 ], [ 74.314252099999962, 14.5512221 ], [ 74.3086579, 14.5202422 ], [ 74.3410318, 14.5165769 ], [ 74.3675661, 14.5591583 ], [ 74.401005199999986, 14.4959136 ], [ 74.436199399999978, 14.4716109 ], [ 74.4414747, 14.4566322 ], [ 74.422075, 14.4726389 ], [ 74.4081904, 14.4485197 ], [ 74.3853286, 14.4520976 ], [ 74.378138, 14.5147043 ], [ 74.3643211, 14.5206888 ], [ 74.3570685, 14.4994641 ], [ 74.385300599999965, 14.4237916 ], [ 74.4030205, 14.4190413 ], [ 74.425550399999977, 14.2809732 ], [ 74.4313931, 14.2730226 ], [ 74.426027499999989, 14.3049591 ], [ 74.4435882, 14.2810725 ], [ 74.4687652, 14.2919278 ], [ 74.527114199999986, 14.2397622 ], [ 74.4701674, 14.255662 ], [ 74.458275300000011, 14.248734 ], [ 74.43269309999998, 14.2662091 ], [ 74.474592, 14.1693391 ], [ 74.501052, 14.0410989 ], [ 74.507871599999987, 14.0308839 ], [ 74.5051196, 14.051454 ], [ 74.5236023, 14.0338933 ], [ 74.524442, 14.0247937 ], [ 74.505965300000014, 14.0255184 ], [ 74.5158027, 13.9894532 ], [ 74.5376258, 13.9601352 ], [ 74.5716349, 13.9446309 ], [ 74.5984031, 13.8784539 ], [ 74.6263576, 13.8589209 ], [ 74.6239351, 13.8478528 ], [ 74.6065382, 13.8585509 ], [ 74.64532939999998, 13.6729923 ], [ 74.665703599999986, 13.6389321 ], [ 74.6778069, 13.6909936 ], [ 74.668199299999984, 13.7138144 ], [ 74.7133321, 13.6967313 ], [ 74.6795121, 13.6776326 ], [ 74.707282299999989, 13.6723447 ], [ 74.7018553, 13.6536074 ], [ 74.74067070000001, 13.6476663 ], [ 74.7602455, 13.6385306 ], [ 74.704376499999981, 13.6384527 ], [ 74.7236239, 13.6214746 ], [ 74.7087974, 13.6147931 ], [ 74.6855481, 13.6383697 ], [ 74.6810555, 13.6073884 ], [ 74.6637495, 13.6309558 ], [ 74.689365, 13.4629854 ], [ 74.6954084, 13.4812998 ], [ 74.7050491, 13.4424329 ], [ 74.7318997, 13.4754662 ], [ 74.750710199999972, 13.4585073 ], [ 74.722361899999981, 13.4585752 ], [ 74.705167, 13.433388 ], [ 74.7390369, 13.4133092 ], [ 74.7430265, 13.3870204 ], [ 74.699674699999974, 13.4155302 ], [ 74.6882337, 13.4539028 ], [ 74.694630199999978, 13.3575976 ], [ 74.7247255, 13.3208989 ], [ 74.7250246, 13.2857164 ], [ 74.7029912, 13.3443047 ], [ 74.770069, 13.0863003 ], [ 74.789960100000016, 13.102283 ], [ 74.7818953, 13.058136 ], [ 74.770712199999977, 13.0775609 ], [ 74.837585599999969, 12.8089223 ], [ 74.9797944, 12.490309 ], [ 74.9905418, 12.4918204 ], [ 75.090438899999981, 12.2889354 ], [ 75.2042977, 12.0033603 ], [ 75.236098099999964, 12.0234471 ], [ 75.296120799999983, 11.9524966 ], [ 75.2882871, 11.9895975 ], [ 75.3067189, 11.9688495 ], [ 75.318634799999984, 11.9733463 ], [ 75.350561, 11.9295623 ], [ 75.309445, 11.9412686 ], [ 75.3207627, 11.8990871 ], [ 75.360337, 11.8524377 ], [ 75.387964499999981, 11.8577925 ], [ 75.4581441, 11.7659219 ], [ 75.473657, 11.7684734 ], [ 75.5310109, 11.7036034 ], [ 75.6207329, 11.4773231 ], [ 75.676698299999984, 11.4502974 ], [ 75.7000662, 11.4234151 ], [ 75.7395769, 11.3571434 ], [ 75.8010419, 11.1720762 ], [ 75.8230515, 11.1680407 ], [ 75.810187, 11.1541618 ], [ 75.8521253, 11.0536122 ], [ 75.9016585, 10.802517 ], [ 76.0329091, 10.5067093 ], [ 76.0354727, 10.5284816 ], [ 76.0482993, 10.5330344 ], [ 76.043200899999988, 10.566683 ], [ 76.0657468, 10.535251 ], [ 76.0686798, 10.5094595 ], [ 76.054978499999976, 10.5267312 ], [ 76.040220699999978, 10.521885 ], [ 76.05847, 10.4795721 ], [ 76.043022, 10.4944214 ], [ 76.0981991, 10.384032 ], [ 76.2023656, 10.0490072 ], [ 76.2432803, 9.9692744 ], [ 76.3428656, 9.4027344 ], [ 76.507395, 9.0407198 ], [ 76.549518599999985, 8.8981465 ], [ 76.603208399999986, 8.8678333 ], [ 76.6717568, 8.7903782 ], [ 76.9709923, 8.4128428 ], [ 76.9827614, 8.3803413 ], [ 77.10005569999997, 8.2913559 ], [ 77.141181399999965, 8.3306969 ], [ 77.1790223, 8.320359 ], [ 77.171259400000011, 8.362614 ], [ 77.154960099999983, 8.3534877 ], [ 77.153913100000011, 8.386384 ], [ 77.1728362, 8.3853486 ], [ 77.2077406, 8.4428116 ], [ 77.228635199999985, 8.4458482 ], [ 77.2098297, 8.4963209 ], [ 76.844358799999981, 8.8763427 ], [ 76.724475899999987, 9.1333094 ], [ 76.4657468, 9.5905365 ], [ 76.3817715, 9.8868243 ], [ 76.3374073, 10.3031136 ], [ 76.162259, 10.7451513 ], [ 76.1517557, 11.1256033 ], [ 76.112704, 11.3151156 ], [ 76.049927799999978, 11.4850208 ], [ 75.994173599999982, 11.5740931 ], [ 75.8448696, 11.712983 ], [ 75.5055469, 12.1708723 ], [ 75.428473799999978, 12.2975477 ], [ 75.3645693, 12.4629508 ], [ 75.2341389, 12.5735563 ], [ 75.1483624, 12.7957873 ], [ 75.023514599999984, 13.2806096 ], [ 74.7699263, 13.8960557 ], [ 74.722135699999981, 14.115548 ], [ 74.601577299999988, 14.4239429 ], [ 74.4993651, 14.6320232 ], [ 74.168717, 15.1928871 ], [ 73.6948556, 16.2022728 ], [ 73.398895799999963, 17.1432339 ], [ 73.2807303, 17.6956503 ], [ 73.1614492, 18.151361 ], [ 73.1058945, 19.0381863 ], [ 73.021840299999965, 19.8663453 ], [ 72.886853500000015, 20.3871818 ], [ 72.9026094, 20.4152406 ], [ 72.860317, 20.4196142 ], [ 72.8734025, 20.444207299999988 ], [ 72.8928095, 20.4416701 ] ] ], [ [ [ 74.4789111, 14.2759707 ], [ 74.4585134, 14.272076 ], [ 74.4820237, 14.26531 ], [ 74.4789111, 14.2759707 ] ] ], [ [ [ 74.392363299999985, 14.4629242 ], [ 74.401927499999985, 14.4716528 ], [ 74.3917979, 14.4769854 ], [ 74.392363299999985, 14.4629242 ] ] ], [ [ [ 74.6790401, 13.6538582 ], [ 74.6869767, 13.6639739 ], [ 74.6776568, 13.6667625 ], [ 74.6790401, 13.6538582 ] ] ], [ [ [ 74.7348397, 13.6395311 ], [ 74.737335699999974, 13.6443075 ], [ 74.7287711, 13.6427117 ], [ 74.7348397, 13.6395311 ] ] ], [ [ [ 73.46177609999998, 16.0357308 ], [ 73.4608029, 16.0464499 ], [ 73.4562205, 16.0475351 ], [ 73.46177609999998, 16.0357308 ] ] ], [ [ [ 74.1918445, 14.870171 ], [ 74.193815, 14.8767311 ], [ 74.1865689, 14.8725562 ], [ 74.1918445, 14.870171 ] ] ], [ [ [ 74.097373, 14.8379867 ], [ 74.098108799999977, 14.8452037 ], [ 74.091622799999982, 14.8443583 ], [ 74.097373, 14.8379867 ] ] ], [ [ [ 74.668394499999977, 13.3782584 ], [ 74.6711187, 13.3854611 ], [ 74.6683608, 13.3857195 ], [ 74.668394499999977, 13.3782584 ] ] ], [ [ [ 74.3940285, 14.3129072 ], [ 74.4004469, 14.3180897 ], [ 74.3953126, 14.3177381 ], [ 74.3940285, 14.3129072 ] ] ], [ [ [ 74.0845223, 14.7875214 ], [ 74.082759, 14.7961501 ], [ 74.0797826, 14.7904252 ], [ 74.0845223, 14.7875214 ] ] ], [ [ [ 74.056811499999981, 14.8121246 ], [ 74.0517121, 14.8182635 ], [ 74.053508799999975, 14.812153 ], [ 74.056811499999981, 14.8121246 ] ] ], [ [ [ 74.092556, 14.8280408 ], [ 74.0874581, 14.834172 ], [ 74.0892557, 14.8280609 ], [ 74.092556, 14.8280408 ] ] ], [ [ [ 74.0954451, 14.8685841 ], [ 74.090348, 14.8747162 ], [ 74.09214369999998, 14.8686043 ], [ 74.0954451, 14.8685841 ] ] ], [ [ [ 74.4811961, 14.0100646 ], [ 74.483249199999989, 14.0154564 ], [ 74.476082, 14.0148276 ], [ 74.4811961, 14.0100646 ] ] ], [ [ [ 74.4706441, 14.0838371 ], [ 74.4748908, 14.0890187 ], [ 74.4690201, 14.0901667 ], [ 74.4706441, 14.0838371 ] ] ], [ [ [ 74.4862578, 14.0224461 ], [ 74.4877373, 14.0298454 ], [ 74.484091, 14.0290538 ], [ 74.4862578, 14.0224461 ] ] ], [ [ [ 74.11917889999998, 14.7534408 ], [ 74.1115531, 14.7597717 ], [ 74.109124, 14.7593289 ], [ 74.1134985, 14.7520278 ], [ 74.11917889999998, 14.7534408 ] ] ], [ [ [ 74.3250897, 14.0168382 ], [ 74.329597399999983, 14.019745 ], [ 74.3261238, 14.0223515 ], [ 74.3250897, 14.0168382 ] ] ], [ [ [ 73.3834946, 16.616024 ], [ 73.3860435, 16.6216696 ], [ 73.3824811, 16.6194352 ], [ 73.3834946, 16.616024 ] ] ], [ [ [ 74.681970299999989, 13.3442184 ], [ 74.682710899999989, 13.3498205 ], [ 74.6805037, 13.3491537 ], [ 74.681970299999989, 13.3442184 ] ] ], [ [ [ 74.6937571, 13.3268351 ], [ 74.6944885, 13.3324455 ], [ 74.6922907, 13.3317792 ], [ 74.6937571, 13.3268351 ] ] ], [ [ [ 74.688003, 13.3355285 ], [ 74.6887438, 13.3411303 ], [ 74.686537, 13.3404546 ], [ 74.688003, 13.3355285 ] ] ] ] } },
{ "type": "Feature", "properties": { "FEATURE_ID": "AESR_06_2_P01", "AESR_UID": "AESR_06_2", "aesr_code": "6.2", "PART_NO": 1, "NPARTS": 1, "aer_code": 6, "subregion": "Central and Western Maharashtra Plateau and north Karnataka Plateau and North Western Telangana Plateau", "SOIL_GRP": "Black", "CLIM_STD": "Moist semi-arid", "LGP_ORDER": 4, "lgp_ref": "120-150 days", "AWC_REF": null, "AREA_KM2": 123107.42816845325 }, "geometry": { "type": "Polygon", "coordinates": [ [ [ 74.4019719, 19.2837016 ], [ 74.773173399999962, 19.4820465 ], [ 75.1726745, 19.4955701 ], [ 75.7191353, 19.4053516 ], [ 76.204556, 19.2727177 ], [ 76.370874700000016, 19.1796725 ], [ 76.6126534, 18.9230061 ], [ 76.6777282, 18.7690386 ], [ 76.6810901, 18.6331307 ], [ 76.6626559, 18.5550229 ], [ 76.5417942, 18.5036883 ], [ 76.3587041, 18.4992865 ], [ 76.299814099999978, 18.4201406 ], [ 76.2658901, 18.1765906 ], [ 76.369713699999977, 18.0918389 ], [ 76.5443484, 18.0087083 ], [ 76.6476265, 17.9334802 ], [ 76.689571899999976, 17.8762248 ], [ 76.691711899999987, 17.7889765 ], [ 76.511089299999981, 17.7266101 ], [ 76.3449388, 17.5092495 ], [ 76.310369799999989, 17.2951438 ], [ 76.358251599999988, 17.0153839 ], [ 76.3737504, 16.8124141 ], [ 76.5188543, 16.6417061 ], [ 76.743063299999989, 16.5017327 ], [ 77.2886481, 16.4070441 ], [ 77.242677899999975, 16.4768009 ], [ 77.2959544, 16.4776031 ], [ 77.3005889, 16.4954111 ], [ 77.3704211, 16.4881498 ], [ 77.3832234, 16.5147547 ], [ 77.4162023, 16.5178696 ], [ 77.4198516, 16.5480269 ], [ 77.3955618, 16.5691649 ], [ 77.468471099999988, 16.5882475 ], [ 77.4580741, 16.6177777 ], [ 77.4756124, 16.6474834 ], [ 77.437114099999988, 16.641567 ], [ 77.4206873, 16.6666828 ], [ 77.46926449999998, 16.682193 ], [ 77.4710201, 16.7158037 ], [ 77.42750719999998, 16.7183369 ], [ 77.4416108, 16.7869487 ], [ 77.475305099999986, 16.7829175 ], [ 77.457416899999984, 16.9126181 ], [ 77.471798199999981, 16.9207171 ], [ 77.4681006, 16.9562331 ], [ 77.5022558, 17.0186986 ], [ 77.466564399999982, 17.1074059 ], [ 77.3800358, 17.1410814 ], [ 77.3636351, 17.1647647 ], [ 77.3743988, 17.1931884 ], [ 77.395205, 17.1955117 ], [ 77.402517299999985, 17.2118949 ], [ 77.3840188, 17.2228603 ], [ 77.409171199999975, 17.2405019 ], [ 77.418670099999972, 17.2330069 ], [ 77.4583083, 17.2789875 ], [ 77.4377661, 17.2913174 ], [ 77.455343399999975, 17.373459 ], [ 77.502988099999982, 17.3571107 ], [ 77.531932899999987, 17.3751703 ], [ 77.5394175, 17.4071223 ], [ 77.514537800000014, 17.4155243 ], [ 77.5139933, 17.4302203 ], [ 77.5373643, 17.4439234 ], [ 77.576546, 17.4325395 ], [ 77.57717049999998, 17.4571945 ], [ 77.6146832, 17.4472723 ], [ 77.615005399999987, 17.47296 ], [ 77.6445465, 17.4790535 ], [ 77.6568853, 17.5062721 ], [ 77.652218299999987, 17.4842274 ], [ 77.6882205, 17.4759538 ], [ 77.68982, 17.5087105 ], [ 77.5957038, 17.5355939 ], [ 77.5937798, 17.5656277 ], [ 77.5522581, 17.5522983 ], [ 77.531241099999988, 17.5760174 ], [ 77.50538419999998, 17.5436778 ], [ 77.4937349, 17.5690249 ], [ 77.4435255, 17.5841447 ], [ 77.453918799999968, 17.6938381 ], [ 77.54311, 17.7280094 ], [ 77.5658416, 17.7496986 ], [ 77.5697605, 17.7666813 ], [ 77.508124599999974, 17.7850608 ], [ 77.5145335, 17.8039028 ], [ 77.5296853, 17.8292638 ], [ 77.553491299999976, 17.8205063 ], [ 77.5765176, 17.8752371 ], [ 77.600523, 17.8729039 ], [ 77.5889463, 17.9106253 ], [ 77.6204402, 17.9053039 ], [ 77.627568700000012, 17.9601176 ], [ 77.647863699999988, 17.9487813 ], [ 77.6572816, 17.9717354 ], [ 77.65003440000001, 17.9955476 ], [ 77.6326339, 17.9948471 ], [ 77.6104423, 18.0202784 ], [ 77.5959858, 18.0124365 ], [ 77.5493746, 18.0559161 ], [ 77.601189, 18.0864558 ], [ 77.6042833, 18.1015518 ], [ 77.6014621, 18.1539141 ], [ 77.567929699999979, 18.1919694 ], [ 77.5885926, 18.2187146 ], [ 77.585105399999989, 18.2582408 ], [ 77.606676199999981, 18.2799131 ], [ 77.6681886, 18.2832647 ], [ 77.9536762, 18.1147565 ], [ 78.0631153, 18.0882085 ], [ 78.177170800000013, 18.1146172 ], [ 78.1730729, 18.152536 ], [ 78.5240629, 18.1809131 ], [ 78.5685774, 18.2298054 ], [ 78.5661696, 18.3908029 ], [ 78.5944945, 18.5470562 ], [ 78.6594999, 18.6432744 ], [ 78.6032305, 18.8153114 ], [ 78.6264646, 18.9288334 ], [ 78.7421177, 19.0109449 ], [ 78.877216599999983, 19.0384908 ], [ 78.95562, 19.0714082 ], [ 79.092255499999979, 18.9918622 ], [ 79.2056029, 18.8734923 ], [ 79.355372, 18.8299042 ], [ 79.462936099999979, 18.8388851 ], [ 79.7260197, 18.6949722 ], [ 79.7778886, 18.7030927 ], [ 79.842950500000015, 18.7850032 ], [ 79.9459439, 18.862689 ], [ 79.9399309, 19.03319 ], [ 79.922954699999977, 19.0508107 ], [ 79.866373399999986, 19.038035 ], [ 79.8648143, 19.1073896 ], [ 79.9500388, 19.1738809 ], [ 79.926948400000015, 19.2295692 ], [ 79.9685778, 19.3005784 ], [ 79.979804499999986, 19.4039525 ], [ 79.917712099999989, 19.4950489 ], [ 79.876843599999987, 19.5075984 ], [ 79.834800099999981, 19.5395436 ], [ 79.817656499999984, 19.5762994 ], [ 79.7607501, 19.6046705 ], [ 79.627762599999983, 19.5673534 ], [ 79.6044236, 19.5060849 ], [ 79.5588111, 19.5222824 ], [ 79.5489583, 19.550705 ], [ 79.5212536, 19.5441167 ], [ 79.5196798, 19.5202664 ], [ 79.4766576, 19.4996248 ], [ 79.447447, 19.5355998 ], [ 79.4197607, 19.5355356 ], [ 79.375117499999988, 19.5731779 ], [ 79.3202862, 19.5674206 ], [ 79.310842699999981, 19.5919956 ], [ 79.2498048, 19.6142913 ], [ 79.2425752, 19.5286683 ], [ 79.212781, 19.4935581 ], [ 79.228882599999977, 19.4697411 ], [ 79.183689, 19.4625898 ], [ 79.146096699999987, 19.5029108 ], [ 79.1105361, 19.5144811 ], [ 79.1086376, 19.5296684 ], [ 79.0691128, 19.5329192 ], [ 79.057233599999975, 19.5469066 ], [ 79.0240183, 19.5415684 ], [ 78.99847859999997, 19.5635866 ], [ 78.960138599999979, 19.5533511 ], [ 78.9861234, 19.5865827 ], [ 78.968443, 19.6187541 ], [ 78.9745298, 19.6506174 ], [ 78.9214128, 19.6690378 ], [ 78.864228, 19.6575682 ], [ 78.8497196, 19.7601032 ], [ 78.861251199999984, 19.7754471 ], [ 78.6799661, 19.8197245 ], [ 78.4806112, 19.8421364 ], [ 78.352679299999977, 19.7982281 ], [ 78.327758399999979, 19.7371711 ], [ 78.2493514, 19.3534597 ], [ 78.199301799999986, 19.2678166 ], [ 78.103632399999981, 19.2484019 ], [ 77.974738, 19.3135174 ], [ 77.7669876, 19.49280370000001 ], [ 77.6894893, 19.5280772 ], [ 77.566090799999984, 19.617262 ], [ 77.2067349, 19.9331158 ], [ 77.051293099999981, 19.984841 ], [ 76.8471608, 19.9137791 ], [ 76.585142199999979, 19.8532815 ], [ 76.4040213, 19.8976585 ], [ 76.1859654, 19.8800722 ], [ 76.0823096, 19.9077844 ], [ 76.0283824, 19.9914919 ], [ 76.0388884, 20.0708333 ], [ 76.149564799999979, 20.2501217 ], [ 76.1118507, 20.4377332 ], [ 75.9590721, 20.5797118 ], [ 75.821768300000016, 20.6307076 ], [ 75.6927957, 20.6209646 ], [ 75.584429, 20.575206 ], [ 75.4095023, 20.5881965 ], [ 75.2939286, 20.7489383 ], [ 75.154875699999977, 21.012363 ], [ 75.1467596, 21.4405767 ], [ 75.1046948, 21.4674869 ], [ 75.0557222, 21.5627567 ], [ 74.918009, 21.6106168 ], [ 74.898544899999976, 21.6283505 ], [ 74.8623555, 21.6319212 ], [ 74.8298435, 21.6088295 ], [ 74.7903424, 21.6082971 ], [ 74.601109199999982, 21.661491 ], [ 74.4321198, 21.6363631 ], [ 74.3057309, 21.5656778 ], [ 74.3115648, 21.541522 ], [ 74.3313335, 21.5385697 ], [ 74.323462699999979, 21.4941201 ], [ 74.301576499999982, 21.477794 ], [ 74.245135499999989, 21.4613188 ], [ 74.2244543, 21.4780654 ], [ 74.218008899999987, 21.457474099999988 ], [ 74.1807942, 21.4655352 ], [ 74.151637199999982, 21.4516846 ], [ 74.123997399999965, 21.462091 ], [ 74.1039692, 21.4466069 ], [ 74.0730435, 21.4564376 ], [ 74.062038, 21.4805669 ], [ 74.0432883, 21.4181058 ], [ 74.010445399999981, 21.4166862 ], [ 73.963157099999989, 21.3908286 ], [ 73.94726129999998, 21.4011574 ], [ 73.9427798, 21.2963771 ], [ 73.886053199999978, 21.261321 ], [ 73.8260111, 21.2664338 ], [ 73.8125195, 21.2028763 ], [ 73.8296991, 21.1941729 ], [ 73.8162691, 21.1709435 ], [ 73.7899523, 21.1807778 ], [ 73.777231899999961, 21.1641268 ], [ 73.735053100000016, 21.1662245 ], [ 73.7346898, 21.1421669 ], [ 73.8642707, 21.0138306 ], [ 73.8935366, 20.9419412 ], [ 73.926675799999984, 20.784955 ], [ 73.881712100000016, 20.6369883 ], [ 73.5519611, 20.5013588 ], [ 73.4676686, 20.3759317 ], [ 73.4359238, 20.2345251 ], [ 73.511636900000013, 19.8726857 ], [ 73.5895419, 19.7239615 ], [ 73.6701523, 19.514524899999987 ], [ 73.6759025, 19.3931434 ], [ 73.6558816, 19.2897883 ], [ 73.767311899999982, 19.3441964 ], [ 73.7961064, 19.3862639 ], [ 73.82893989999998, 19.3856873 ], [ 73.8564373, 19.3673711 ], [ 73.93446, 19.3647445 ], [ 74.00346829999998, 19.3344749 ], [ 74.0314869, 19.257788 ], [ 74.054496200000017, 19.2470406 ], [ 74.2137787, 19.2105491 ], [ 74.3100991, 19.2084426 ], [ 74.350565299999985, 19.1624777 ], [ 74.4019719, 19.2837016 ] ] ] } },
{ "type": "Feature", "properties": { "FEATURE_ID": "AESR_06_1_P01", "AESR_UID": "AESR_06_1", "aesr_code": "6.1", "PART_NO": 1, "NPARTS": 1, "aer_code": 6, "subregion": "South Western Maharashtra and North Karnataka Plateau", "SOIL_GRP": "Black", "CLIM_STD": "Dry semi-arid", "LGP_ORDER": 3, "lgp_ref": "90-120 days", "AWC_REF": "Medium to High", "AREA_KM2": 73998.535315595349 }, "geometry": { "type": "Polygon", "coordinates": [ [ [ 76.743063299999989, 16.5017327 ], [ 76.5188543, 16.6417061 ], [ 76.3737504, 16.8124141 ], [ 76.358251599999988, 17.0153839 ], [ 76.310369799999989, 17.2951438 ], [ 76.3449388, 17.5092495 ], [ 76.511089299999981, 17.7266101 ], [ 76.691711899999987, 17.7889765 ], [ 76.689571899999976, 17.8762248 ], [ 76.6476265, 17.9334802 ], [ 76.5443484, 18.0087083 ], [ 76.369713699999977, 18.0918389 ], [ 76.2658901, 18.1765906 ], [ 76.299814099999978, 18.4201406 ], [ 76.3587041, 18.4992865 ], [ 76.5417942, 18.5036883 ], [ 76.6626559, 18.5550229 ], [ 76.6810901, 18.6331307 ], [ 76.6777282, 18.7690386 ], [ 76.6126534, 18.9230061 ], [ 76.370874700000016, 19.1796725 ], [ 76.204556, 19.2727177 ], [ 75.7191353, 19.4053516 ], [ 75.1726745, 19.4955701 ], [ 74.773173399999962, 19.4820465 ], [ 74.4019719, 19.2837016 ], [ 74.2346532, 18.8883406 ], [ 74.202443500000015, 18.2166493 ], [ 74.23685, 17.8879045 ], [ 74.317902, 17.6484642 ], [ 74.4285229, 17.419916 ], [ 74.919787199999988, 16.7715424 ], [ 75.0957211, 16.5834326 ], [ 75.2656758, 16.6874909 ], [ 75.2539186, 16.8641309 ], [ 75.2848684, 16.8848628 ], [ 75.2819739, 16.955145 ], [ 75.342891299999977, 16.9541466 ], [ 75.3924976, 16.9780098 ], [ 75.4289017, 16.9651145 ], [ 75.4659236, 16.986987 ], [ 75.4906122, 16.944604 ], [ 75.531125699999976, 16.9683698 ], [ 75.5687376, 16.9653579 ], [ 75.568279799999985, 17.00787050000001 ], [ 75.6080241, 17.0048301 ], [ 75.609184, 16.9713798 ], [ 75.63496139999998, 16.9675858 ], [ 75.9538501, 16.6176348 ], [ 76.189072799999977, 16.2974947 ], [ 76.3570657, 15.8657012 ], [ 76.617864399999988, 15.6689093 ], [ 76.974068, 15.4996966 ], [ 76.975806199999965, 15.5110522 ], [ 77.030685100000014, 15.5048096 ], [ 77.0332402, 15.638505 ], [ 77.0855322, 15.6575532 ], [ 77.1204098, 15.629902 ], [ 77.129183, 15.663814 ], [ 77.0799613, 15.6955396 ], [ 77.08029329999998, 15.7260323 ], [ 77.05101879999998, 15.7295849 ], [ 77.0677782, 15.8276418 ], [ 77.0260362, 15.8361922 ], [ 77.069772, 15.9037 ], [ 77.2886481, 16.4070441 ], [ 76.743063299999989, 16.5017327 ] ] ] } },
{ "type": "Feature", "properties": { "FEATURE_ID": "AESR_10_1_P01", "AESR_UID": "AESR_10_1", "aesr_code": "10.1", "PART_NO": 1, "NPARTS": 1, "aer_code": 10, "subregion": "Malwa Plateau Vindhyan Scarpland and Narmada Valley", "SOIL_GRP": "Black", "CLIM_STD": "Dry subhumid", "LGP_ORDER": 5, "lgp_ref": "150-180 days", "AWC_REF": "High", "AREA_KM2": 95074.073005486222 }, "geometry": { "type": "Polygon", "coordinates": [ [ [ 77.1641531, 25.0823678 ], [ 76.9939512, 25.0401769 ], [ 76.9335284, 24.8830744 ], [ 76.910627199999979, 24.5025325 ], [ 76.881987099999989, 24.3655025 ], [ 76.6943049, 24.2153739 ], [ 76.4383043, 24.248642 ], [ 76.205430299999989, 24.2138219 ], [ 76.0202547, 24.0141594 ], [ 75.9530313, 23.7881685 ], [ 75.956981399999989, 23.6615317 ], [ 76.0125545, 23.5752477 ], [ 76.1108847, 23.4705422 ], [ 76.1234795, 23.4026194 ], [ 76.0847807, 23.2846432 ], [ 76.005205, 23.1265942 ], [ 76.0114679, 22.9220335 ], [ 76.069915699999981, 22.7285891 ], [ 76.179763, 22.5656822 ], [ 76.3202141, 22.4229506 ], [ 76.4260432, 22.386498 ], [ 76.604606, 22.371113599999983 ], [ 76.784082900000016, 22.3165568 ], [ 76.968814299999977, 22.0280271 ], [ 77.1666765, 21.9744763 ], [ 77.235435399999986, 21.9255739 ], [ 77.2467567, 21.9512299 ], [ 77.36082, 21.9922394 ], [ 77.410927899999976, 22.1002855 ], [ 77.4175483, 22.2952822 ], [ 77.5418876, 22.365564 ], [ 77.8362894, 22.3018459 ], [ 78.128875199999982, 22.3447201 ], [ 78.348071, 22.4057329 ], [ 78.4521598, 22.4652961 ], [ 78.5347137, 22.5830475 ], [ 78.6491229, 22.6815542 ], [ 78.796127099999978, 22.6827909 ], [ 78.9748649, 22.6548697 ], [ 79.0582197, 22.7431097 ], [ 79.2261919, 22.7635472 ], [ 79.3315127, 22.715325 ], [ 79.4471728, 22.6865572 ], [ 79.5833136, 22.8039243 ], [ 79.635594199999986, 22.9015047 ], [ 79.740700299999986, 22.9406992 ], [ 79.8670083, 22.8921385 ], [ 79.930119300000015, 22.8824359 ], [ 80.214474, 23.1259225 ], [ 80.3410136, 23.1646722 ], [ 80.4253302, 23.1644602 ], [ 80.5310036, 23.232345 ], [ 80.599635599999985, 23.3321515 ], [ 80.5580971, 23.4027914 ], [ 80.5535852, 23.5830978 ], [ 80.606839699999981, 23.6657318 ], [ 80.771121699999981, 23.7137192 ], [ 80.8670293, 23.8106606 ], [ 80.884546499999985, 24.0493211 ], [ 80.7998652, 24.0838939 ], [ 80.6246332, 24.065217 ], [ 80.3112575, 23.9443592 ], [ 79.9083226, 23.9690106 ], [ 79.356037699999987, 24.1333523 ], [ 79.1861432, 24.1325457 ], [ 79.010531799999981, 24.1851122 ], [ 78.9197912, 24.2818064 ], [ 78.8856274, 24.2497681 ], [ 78.8853695, 24.2188413 ], [ 78.830711499999978, 24.1970822 ], [ 78.8199773, 24.2060524 ], [ 78.798104299999977, 24.1760232 ], [ 78.766718799999978, 24.2542009 ], [ 78.752292299999965, 24.2349856 ], [ 78.7386376, 24.2495183 ], [ 78.7052139, 24.2301805 ], [ 78.675460199999989, 24.2407035 ], [ 78.6607855, 24.2693997 ], [ 78.6280445, 24.2818926 ], [ 78.629145399999985, 24.3054699 ], [ 78.5847591, 24.3526441 ], [ 78.511661699999976, 24.3894677 ], [ 78.4740198, 24.3348898 ], [ 78.4464606, 24.3210747 ], [ 78.4409252, 24.2932312 ], [ 78.3884432, 24.269501899999987 ], [ 78.332067799999976, 24.3251392 ], [ 78.3670915, 24.3812673 ], [ 78.272966, 24.4427848 ], [ 78.2757273, 24.4715718 ], [ 78.2457213, 24.4848338 ], [ 78.2462729, 24.5049446 ], [ 78.2226449, 24.5269812 ], [ 78.26504079999998, 24.5535197 ], [ 78.2747441, 24.6623588 ], [ 78.193228499999989, 24.8379247 ], [ 78.030381299999988, 24.8476625 ], [ 77.9800004, 24.8683263 ], [ 77.9619642, 24.9533465 ], [ 77.908042499999979, 24.9830743 ], [ 77.758759299999966, 24.9231285 ], [ 77.7293605, 24.8861594 ], [ 77.642423899999969, 24.8939919 ], [ 77.6253427, 24.9150454 ], [ 77.519467899999981, 24.8646604 ], [ 77.4255546, 24.8874842 ], [ 77.354282899999973, 24.9441368 ], [ 77.3220542, 25.0354855 ], [ 77.1641531, 25.0823678 ] ] ] } },
{ "type": "Feature", "properties": { "FEATURE_ID": "AESR_20_1_P01", "AESR_UID": "AESR_20_1", "aesr_code": "20.1", "PART_NO": 1, "NPARTS": 1, "aer_code": 20, "subregion": "Andaman & Nicobar group of Islands", "SOIL_GRP": "Red/Yellow", "CLIM_STD": "Perhumid", "LGP_ORDER": 10, "lgp_ref": ">300 days", "AWC_REF": "Low to Medium", "AREA_KM2": 8161.3033835757697 }, "geometry": { "type": "MultiPolygon", "coordinates": [ [ [ [ 92.898978799999981, 12.9158774 ], [ 92.8978927, 12.9274463 ], [ 92.896049, 12.8986185 ], [ 92.886221299999988, 12.8935998 ], [ 92.8731311, 12.893252 ], [ 92.8743904, 12.8815969 ], [ 92.8587553, 12.8778201 ], [ 92.8418061, 12.8755613 ], [ 92.8401438, 12.8774299 ], [ 92.8417492, 12.8915203 ], [ 92.831013799999965, 12.8846876 ], [ 92.802954499999984, 12.897238 ], [ 92.793778100000011, 12.8629452 ], [ 92.7704933, 12.8636361 ], [ 92.770141, 12.8458772 ], [ 92.763222399999975, 12.8524365 ], [ 92.760114899999977, 12.8594046 ], [ 92.7433782, 12.8242151 ], [ 92.740111699999986, 12.8365977 ], [ 92.738354499999971, 12.8106078 ], [ 92.7313271, 12.835576 ], [ 92.723504499999976, 12.8268552 ], [ 92.7208787, 12.7880992 ], [ 92.746023399999984, 12.7227689 ], [ 92.7328016, 12.6743556 ], [ 92.767625699999982, 12.6715266 ], [ 92.7856765, 12.698163 ], [ 92.789081, 12.6750527 ], [ 92.7813519, 12.6352798 ], [ 92.7748534, 12.6697539 ], [ 92.75219869999998, 12.671177 ], [ 92.7240969, 12.6258934 ], [ 92.7149069, 12.6432927 ], [ 92.7039315, 12.6068008 ], [ 92.6845547, 12.6088802 ], [ 92.707518299999975, 12.5951878 ], [ 92.694194599999989, 12.5154019 ], [ 92.708771, 12.4933913 ], [ 92.698901, 12.3278202 ], [ 92.7201818, 12.3002078 ], [ 92.754837199999983, 12.2960076 ], [ 92.771455599999982, 12.3196355 ], [ 92.794877299999982, 12.3060524 ], [ 92.802045799999988, 12.3128939 ], [ 92.8097674, 12.3149262 ], [ 92.832114, 12.3025356 ], [ 92.8951762, 12.3202041 ], [ 92.8678308, 12.3315612 ], [ 92.883737599999989, 12.3331966 ], [ 92.881611199999966, 12.344917 ], [ 92.895992800000016, 12.3356496 ], [ 92.8903464, 12.3499341 ], [ 92.85921, 12.3629975 ], [ 92.835942899999978, 12.3972434 ], [ 92.840583599999974, 12.4074588 ], [ 92.8265431, 12.4093472 ], [ 92.834581899999975, 12.4104463 ], [ 92.828269799999987, 12.4189326 ], [ 92.828693799999982, 12.426112 ], [ 92.8308691, 12.4276631 ], [ 92.810621899999987, 12.4337889 ], [ 92.8076004, 12.4373404 ], [ 92.898899699999987, 12.4160695 ], [ 92.8561884, 12.4567784 ], [ 92.892305199999981, 12.4364448 ], [ 92.9099256, 12.420498 ], [ 92.9069529, 12.4066947 ], [ 92.914793, 12.4063093 ], [ 92.9151135, 12.4438174 ], [ 92.9411421, 12.4493807 ], [ 92.958673799999985, 12.4731101 ], [ 92.9231622, 12.4650344 ], [ 92.9303149, 12.4800592 ], [ 92.946579, 12.4995398 ], [ 92.959194499999981, 12.4869414 ], [ 92.96823209999998, 12.4970277 ], [ 92.9755232, 12.5429401 ], [ 92.948774499999985, 12.6288054 ], [ 92.964684699999964, 12.7045947 ], [ 92.9800994, 12.7101431 ], [ 92.9497402, 12.7703471 ], [ 92.933909, 12.7736628 ], [ 92.953899099999987, 12.8073976 ], [ 92.928157499999983, 12.8839736 ], [ 92.90445769999998, 12.8862484 ], [ 92.9221451, 12.9130426 ], [ 92.898978799999981, 12.9158774 ] ] ], [ [ [ 93.043150299999979, 13.504593 ], [ 93.027356899999987, 13.5792518 ], [ 93.016668699999983, 13.5712062 ], [ 93.0095576, 13.5424673 ], [ 92.9882, 13.5733308 ], [ 92.99002, 13.527234 ], [ 92.954154299999985, 13.5436168 ], [ 92.9149483, 13.5338574 ], [ 92.929737599999982, 13.5018611 ], [ 92.8720501, 13.4720143 ], [ 92.88389549999998, 13.4295587 ], [ 92.8680825, 13.40255 ], [ 92.8491416, 13.4116177 ], [ 92.8421956, 13.3995458 ], [ 92.866766399999989, 13.3815766 ], [ 92.851596, 13.3694448 ], [ 92.839711499999964, 13.3754414 ], [ 92.8216792, 13.3105545 ], [ 92.841823599999984, 13.3009069 ], [ 92.822032900000011, 13.2791437 ], [ 92.8512671, 13.262623 ], [ 92.8538707, 13.2363161 ], [ 92.8277311, 13.2371255 ], [ 92.8189603, 13.1843318 ], [ 92.8353519, 13.1735832 ], [ 92.8152936, 13.1747913 ], [ 92.809668399999978, 13.1529549 ], [ 92.847754099999975, 13.1405505 ], [ 92.8424421, 13.1272322 ], [ 92.80975, 13.1266676 ], [ 92.8254731, 13.1153958 ], [ 92.822310799999983, 13.0957361 ], [ 92.807470799999976, 13.0995249 ], [ 92.809987, 13.0741798 ], [ 92.7969279, 13.089802 ], [ 92.787818199999975, 13.0196402 ], [ 92.806351299999989, 13.0065627 ], [ 92.825438799999986, 13.013473 ], [ 92.8084849, 12.9978832 ], [ 92.818471199999976, 12.9861522 ], [ 92.7948574, 12.9873037 ], [ 92.794418600000014, 12.9140339 ], [ 92.829628199999988, 12.8864654 ], [ 92.842210799999989, 12.8922208 ], [ 92.8424379, 12.8764446 ], [ 92.8734659, 12.8834726 ], [ 92.869562399999978, 12.8901186 ], [ 92.8757674, 12.908649 ], [ 92.858367500000014, 12.9033498 ], [ 92.854503, 12.9397696 ], [ 92.877079, 12.9443361 ], [ 92.881259899999989, 12.9821782 ], [ 92.899704, 12.9944635 ], [ 92.9125285, 12.9467992 ], [ 92.9385078, 12.9717221 ], [ 92.9083823, 13.0000071 ], [ 92.901545899999988, 13.0220823 ], [ 92.91614460000001, 13.0545475 ], [ 92.8981812, 13.0582556 ], [ 92.887721199999987, 13.0449379 ], [ 92.8973291, 13.0591325 ], [ 92.911030200000013, 13.0612583 ], [ 92.9042417, 13.0799089 ], [ 92.9235313, 13.0565765 ], [ 92.9361665, 13.0871501 ], [ 92.9347, 13.0427163 ], [ 92.971600900000013, 13.013197 ], [ 92.9652569, 13.0365452 ], [ 92.982430699999966, 13.024593 ], [ 93.002916499999984, 13.0286314 ], [ 93.03462949999998, 13.0825688 ], [ 93.0318121, 13.1786649 ], [ 93.0656565, 13.272278 ], [ 93.0450154, 13.2587852 ], [ 93.0463346, 13.2818061 ], [ 93.0118122, 13.2768373 ], [ 93.010767199999989, 13.2966752 ], [ 93.0224077, 13.294119 ], [ 93.0063964, 13.3086413 ], [ 93.009033899999977, 13.3209489 ], [ 92.9958193, 13.3001459 ], [ 92.9875907, 13.2997736 ], [ 92.9956161, 13.2913064 ], [ 92.985945899999976, 13.29894 ], [ 92.9983373, 13.3147621 ], [ 92.959382299999973, 13.3258106 ], [ 92.9501255, 13.3435365 ], [ 92.970542299999963, 13.3604229 ], [ 92.9870945, 13.3291458 ], [ 93.0030298, 13.354057 ], [ 93.032208599999976, 13.3453039 ], [ 93.0409841, 13.3522138 ], [ 93.0348028, 13.3615532 ], [ 93.041701, 13.3676944 ], [ 93.040074, 13.3221139 ], [ 93.060604099999978, 13.3287728 ], [ 93.065221499999979, 13.3042778 ], [ 93.0900473, 13.3360121 ], [ 93.05551, 13.3821327 ], [ 93.0489712, 13.3738358 ], [ 93.025499099999976, 13.3729841 ], [ 93.0484924, 13.3748753 ], [ 93.0704021, 13.4062647 ], [ 93.059930799999975, 13.3980527 ], [ 93.061708399999986, 13.4211574 ], [ 93.046961899999985, 13.4051461 ], [ 93.0409657, 13.427813 ], [ 93.03403, 13.4256131 ], [ 93.016241, 13.432504 ], [ 93.0345024, 13.4357844 ], [ 93.0328589, 13.4565424 ], [ 93.016002599999979, 13.4646469 ], [ 93.03322249999998, 13.4657052 ], [ 93.043150299999979, 13.504593 ] ] ], [ [ [ 92.6974265, 12.2399067 ], [ 92.6848107, 12.2084101 ], [ 92.674095799999989, 12.2182239 ], [ 92.654794, 12.1816307 ], [ 92.6658873, 12.2173669 ], [ 92.661572299999989, 12.2157524 ], [ 92.622584099999983, 12.0961066 ], [ 92.6062836, 11.8579356 ], [ 92.6021297, 11.896825 ], [ 92.587281799999985, 11.8871585 ], [ 92.562506, 11.9468671 ], [ 92.513600599999975, 11.8486952 ], [ 92.521506499999987, 11.826809 ], [ 92.5466872, 11.8354766 ], [ 92.562157299999981, 11.6940152 ], [ 92.588979499999979, 11.7246604 ], [ 92.6079471, 11.6340864 ], [ 92.631898199999981, 11.6287669 ], [ 92.6316403, 11.651958 ], [ 92.6445457, 11.6367405 ], [ 92.6357599, 11.6157716 ], [ 92.627713, 11.6264795 ], [ 92.608616, 11.6209732 ], [ 92.6071742, 11.5941848 ], [ 92.619185, 11.583449 ], [ 92.6202578, 11.5741895 ], [ 92.6176348, 11.5626435 ], [ 92.6330683, 11.5803282 ], [ 92.647051399999981, 11.5724682 ], [ 92.645991199999969, 11.5236187 ], [ 92.666693, 11.5042108 ], [ 92.699631199999985, 11.5072017 ], [ 92.7117223, 11.4776364 ], [ 92.756854, 11.6649065 ], [ 92.7223616, 11.6895483 ], [ 92.716381399999975, 11.6651539 ], [ 92.7300816, 11.6593489 ], [ 92.7115863, 11.6439149 ], [ 92.6947172, 11.6534895 ], [ 92.695598699999962, 11.6216278 ], [ 92.6877119, 11.6410459 ], [ 92.6745017, 11.6246957 ], [ 92.665256400000018, 11.6535778 ], [ 92.683451299999987, 11.6510109 ], [ 92.68646, 11.6638719 ], [ 92.709303, 11.6705673 ], [ 92.7018361, 11.7078752 ], [ 92.7393427, 11.6906744 ], [ 92.7429008, 11.7133408 ], [ 92.7554219, 11.7021702 ], [ 92.78823629999998, 11.9190354 ], [ 92.7838215, 11.9368755 ], [ 92.7462957, 11.9322459 ], [ 92.7192625, 11.8267065 ], [ 92.709943, 11.8147825 ], [ 92.680872, 11.7991442 ], [ 92.693469899999982, 11.8124059 ], [ 92.678183599999983, 11.8201925 ], [ 92.707176100000012, 11.8164822 ], [ 92.724685799999989, 11.8509065 ], [ 92.7256668, 11.9270165 ], [ 92.714480099999989, 11.9332458 ], [ 92.728424899999979, 11.9951587 ], [ 92.738875299999989, 11.9975359 ], [ 92.734161, 11.9775596 ], [ 92.748796, 11.9781101 ], [ 92.757557899999981, 11.988961 ], [ 92.74330209999998, 11.9886174 ], [ 92.7431956, 11.9947554 ], [ 92.768925899999985, 11.9992172 ], [ 92.7667746, 12.0117144 ], [ 92.7529709, 12.0025766 ], [ 92.736255199999988, 12.0159642 ], [ 92.7383739, 12.0416059 ], [ 92.762309, 12.0212694 ], [ 92.778880199999975, 12.0248722 ], [ 92.783462599999979, 12.0464944 ], [ 92.735109599999987, 12.074184 ], [ 92.7356793, 12.1043658 ], [ 92.757907499999988, 12.1773142 ], [ 92.720591899999988, 12.1824563 ], [ 92.703884, 12.1642957 ], [ 92.7128932, 12.1907152 ], [ 92.6974265, 12.2399067 ] ] ], [ [ [ 93.848614700000013, 7.2410981 ], [ 93.806090799999978, 7.2325272 ], [ 93.8047132, 7.2030537 ], [ 93.7603711, 7.2144098 ], [ 93.728896299999988, 7.1844659 ], [ 93.686454900000015, 7.189432 ], [ 93.6764532, 7.1408065 ], [ 93.6561306, 7.1259863 ], [ 93.658885, 7.1123345 ], [ 93.6747514, 7.1135931 ], [ 93.657804399999975, 7.0987867 ], [ 93.674249899999978, 7.0233236 ], [ 93.6635059, 7.0054969 ], [ 93.6941067, 7.0155176 ], [ 93.7467686, 6.9618726 ], [ 93.7427904, 6.9239435 ], [ 93.7815523, 6.8918302 ], [ 93.7720675, 6.8767678 ], [ 93.795248, 6.851537 ], [ 93.787433, 6.8307788 ], [ 93.8029128, 6.8138463 ], [ 93.8159859, 6.8171807 ], [ 93.805120199999976, 6.7662807 ], [ 93.828395499999971, 6.7559539 ], [ 93.851846199999983, 6.8151773 ], [ 93.869266599999989, 6.8161942 ], [ 93.882139899999984, 6.7946572 ], [ 93.9027749, 6.8147265 ], [ 93.8969463, 6.9032434 ], [ 93.9164845, 6.9139347 ], [ 93.923493299999976, 6.9520245 ], [ 93.945622399999976, 6.9561792 ], [ 93.9137422, 7.0001894 ], [ 93.9248496, 7.0118053 ], [ 93.9435961, 6.9936076 ], [ 93.9479533, 7.0023137 ], [ 93.916642399999986, 7.0257213 ], [ 93.9144214, 7.0551992 ], [ 93.887224299999986, 7.0870566 ], [ 93.882606699999982, 7.2037063 ], [ 93.8468234, 7.2179894 ], [ 93.848614700000013, 7.2410981 ] ] ], [ [ [ 92.5178201, 10.8976433 ], [ 92.4571095, 10.8615227 ], [ 92.457512600000015, 10.838864 ], [ 92.4270837, 10.8232288 ], [ 92.4085231, 10.7842154 ], [ 92.395358099999967, 10.7778875 ], [ 92.384922, 10.7910989 ], [ 92.3764364, 10.7797056 ], [ 92.382584799999989, 10.6678665 ], [ 92.401836099999983, 10.6583884 ], [ 92.4208564, 10.6156349 ], [ 92.381980499999983, 10.5362672 ], [ 92.401898899999978, 10.5314013 ], [ 92.434292, 10.5481878 ], [ 92.501136500000015, 10.5107369 ], [ 92.530894799999984, 10.5179779 ], [ 92.568246299999984, 10.5762153 ], [ 92.5445113, 10.5921882 ], [ 92.5399279, 10.6146541 ], [ 92.581807, 10.6576472 ], [ 92.5780693, 10.6741654 ], [ 92.597171899999978, 10.6809518 ], [ 92.587093299999978, 10.7876274 ], [ 92.563112500000017, 10.8041513 ], [ 92.5582343, 10.8629717 ], [ 92.5178201, 10.8976433 ] ] ], [ [ [ 92.828006699999975, 12.3021341 ], [ 92.8099483, 12.3135654 ], [ 92.796167599999976, 12.3040707 ], [ 92.771436799999961, 12.3131452 ], [ 92.781827399999983, 12.2851084 ], [ 92.764782199999985, 12.2642382 ], [ 92.750773699999982, 12.2747542 ], [ 92.74338, 12.2510138 ], [ 92.747876799999986, 12.2349831 ], [ 92.7707599, 12.2312185 ], [ 92.763999899999973, 12.210654 ], [ 92.7694662, 12.1996972 ], [ 92.7651744, 12.1756592 ], [ 92.73946319999996, 12.0992481 ], [ 92.7418962, 12.0778792 ], [ 92.7648839, 12.0637189 ], [ 92.792646299999973, 12.080612 ], [ 92.787753, 12.1026573 ], [ 92.8127167, 12.1079584 ], [ 92.802590099999975, 12.1302446 ], [ 92.822619399999979, 12.1657216 ], [ 92.8507926, 12.1574615 ], [ 92.8457831, 12.1998854 ], [ 92.8820904, 12.1980839 ], [ 92.8591677, 12.2451342 ], [ 92.8654861, 12.2522259 ], [ 92.888183699999985, 12.259121 ], [ 92.887066, 12.2867565 ], [ 92.8689761, 12.2903216 ], [ 92.866569, 12.3061165 ], [ 92.8488692, 12.3011236 ], [ 92.828006699999975, 12.3021341 ] ] ], [ [ [ 74.1035516, 11.2048623 ], [ 74.12277, 11.2392169 ], [ 74.089973299999969, 11.2977927 ], [ 74.012078099999982, 11.3485363 ], [ 73.978309299999978, 11.3476606 ], [ 73.965056699999977, 11.305959 ], [ 74.0006862, 11.2502344 ], [ 74.0556528, 11.2112427 ], [ 74.1035516, 11.2048623 ] ] ], [ [ [ 93.389818699999978, 8.019947 ], [ 93.329788399999984, 8.0054783 ], [ 93.311025299999983, 7.9620725 ], [ 93.3195428, 7.9323348 ], [ 93.3312587, 7.924466 ], [ 93.3573367, 7.9418565 ], [ 93.3428301, 7.9189503 ], [ 93.3578141, 7.8894726 ], [ 93.379219799999987, 7.8834878 ], [ 93.4247851, 7.9073169 ], [ 93.46157479999998, 7.8730403 ], [ 93.474918799999983, 7.8931329 ], [ 93.462868599999979, 7.9344394 ], [ 93.4320699, 7.9663928 ], [ 93.4175077, 7.9590043 ], [ 93.3968365, 7.9686881 ], [ 93.409051399999981, 8.0063747 ], [ 93.389818699999978, 8.019947 ] ] ], [ [ [ 93.712895199999977, 7.443673 ], [ 93.7087577, 7.3944088 ], [ 93.674328899999978, 7.3731897 ], [ 93.6635305, 7.3813576 ], [ 93.6328773, 7.3710266 ], [ 93.6365437, 7.3211103 ], [ 93.621213699999984, 7.3092621 ], [ 93.647978899999984, 7.243708 ], [ 93.699723899999967, 7.3028035 ], [ 93.724203799999984, 7.3081995 ], [ 93.757049099999975, 7.3579152 ], [ 93.7564766, 7.3744996 ], [ 93.723010699999975, 7.3998682 ], [ 93.712895199999977, 7.443673 ] ] ], [ [ [ 93.52439339999998, 8.2328047 ], [ 93.4942591, 8.2227245 ], [ 93.4909288, 8.1995463 ], [ 93.453750299999982, 8.168048 ], [ 93.4661401, 8.1087796 ], [ 93.4899166, 8.0908829 ], [ 93.485539599999981, 8.0520438 ], [ 93.5143298, 8.0843648 ], [ 93.5308497, 8.0791618 ], [ 93.5256223, 8.0528384 ], [ 93.513885799999983, 8.0488604 ], [ 93.5120145, 8.0680632 ], [ 93.5039457, 8.0566284 ], [ 93.508774499999987, 8.0374308 ], [ 93.504272299999982, 8.0479714 ], [ 93.4857872, 8.0444655 ], [ 93.5014691, 7.9979408 ], [ 93.508298899999986, 8.0341795 ], [ 93.526082599999981, 8.033224 ], [ 93.5305135, 8.0494262 ], [ 93.549799099999987, 8.036134 ], [ 93.5478012, 8.0889044 ], [ 93.5031609, 8.147934 ], [ 93.545214499999986, 8.2006357 ], [ 93.543467299999989, 8.2247526 ], [ 93.52439339999998, 8.2328047 ] ] ], [ [ [ 71.840101, 11.821456 ], [ 71.796218700000011, 11.9831617 ], [ 71.7760063, 12.0042563 ], [ 71.731479199999967, 11.9544392 ], [ 71.7610248, 11.8723207 ], [ 71.78371, 11.8344218 ], [ 71.840101, 11.821456 ] ] ], [ [ [ 92.8201404, 9.2108168 ], [ 92.7747891, 9.2563534 ], [ 92.7663327, 9.2153987 ], [ 92.7220919, 9.2147504 ], [ 92.7196777, 9.1457533 ], [ 92.7332652, 9.1231928 ], [ 92.798895799999968, 9.119016 ], [ 92.8296872, 9.1379507 ], [ 92.8201404, 9.2108168 ] ] ], [ [ [ 92.640851, 11.5103674 ], [ 92.620762899999974, 11.4978654 ], [ 92.6114961, 11.4596334 ], [ 92.624521, 11.4085605 ], [ 92.587169, 11.4009064 ], [ 92.58150449999998, 11.3677772 ], [ 92.6010534, 11.3471915 ], [ 92.664071899999968, 11.3542723 ], [ 92.692027599999989, 11.3753395 ], [ 92.689095299999977, 11.390989 ], [ 92.648643, 11.4071381 ], [ 92.6857147, 11.4362066 ], [ 92.669106599999978, 11.4898786 ], [ 92.640851, 11.5103674 ] ] ], [ [ [ 92.696252300000012, 12.9915132 ], [ 92.669493299999985, 12.9630459 ], [ 92.679683899999986, 12.9426053 ], [ 92.648061699999985, 12.8616923 ], [ 92.6682165, 12.7826996 ], [ 92.6892841, 12.817284 ], [ 92.676222799999962, 12.8359146 ], [ 92.700102099999967, 12.8400844 ], [ 92.7196161, 12.8743341 ], [ 92.7203153, 12.9788896 ], [ 92.696252300000012, 12.9915132 ] ] ], [ [ [ 92.982899499999988, 12.0424045 ], [ 92.9698115, 12.0328062 ], [ 92.9630821, 12.0428453 ], [ 92.951292299999977, 12.0135324 ], [ 92.9253731, 11.9979324 ], [ 92.960000499999978, 11.9818132 ], [ 92.97380859999997, 11.9494289 ], [ 93.0022068, 11.9486183 ], [ 92.994901899999988, 11.9411609 ], [ 93.0380527, 11.8821344 ], [ 93.053343, 11.8961263 ], [ 93.0464365, 11.9242503 ], [ 93.005794299999977, 12.0246777 ], [ 92.982899499999988, 12.0424045 ] ] ], [ [ [ 93.1270293, 8.3555702 ], [ 93.095518200000015, 8.3394669 ], [ 93.087185699999978, 8.2710264 ], [ 93.1207785, 8.2240597 ], [ 93.1996847, 8.1956947 ], [ 93.2032415, 8.2168149 ], [ 93.1532232, 8.2435057 ], [ 93.126194, 8.2759849 ], [ 93.142999, 8.3431261 ], [ 93.1270293, 8.3555702 ] ] ], [ [ [ 72.2674434, 10.0130007 ], [ 72.3056639, 10.0339027 ], [ 72.3342926, 10.0787682 ], [ 72.3290795, 10.139267 ], [ 72.2435685, 10.0542048 ], [ 72.235862, 10.0147939 ], [ 72.2674434, 10.0130007 ] ] ], [ [ [ 72.18022, 11.4914574 ], [ 72.1970694, 11.499201 ], [ 72.1953343, 11.5883372 ], [ 72.17436, 11.6067463 ], [ 72.137392599999984, 11.54313 ], [ 72.1486, 11.501251 ], [ 72.18022, 11.4914574 ] ] ], [ [ [ 72.077513899999985, 11.1320998 ], [ 72.10013979999998, 11.2220684 ], [ 72.067114299999986, 11.1928546 ], [ 72.0016094, 11.1951935 ], [ 72.051154, 11.1223303 ], [ 72.077513899999985, 11.1320998 ] ] ], [ [ [ 93.074154, 12.2105006 ], [ 93.036777500000014, 12.1333136 ], [ 93.074078, 12.0837988 ], [ 93.09042479999998, 12.0983704 ], [ 93.095045399999989, 12.1424338 ], [ 93.074154, 12.2105006 ] ] ], [ [ [ 93.5474291, 8.026439 ], [ 93.5512937, 7.9960071 ], [ 93.531794, 8.0249934 ], [ 93.532180699999984, 8.0063197 ], [ 93.50700470000001, 7.9971543 ], [ 93.508124200000012, 7.9849102 ], [ 93.577354899999989, 7.9294025 ], [ 93.5824209, 7.9921667 ], [ 93.5634842, 8.0248194 ], [ 93.5474291, 8.026439 ] ] ], [ [ [ 71.902474499999983, 12.2857789 ], [ 71.9264849, 12.3775139 ], [ 71.8966776, 12.4031515 ], [ 71.879544399999986, 12.3894354 ], [ 71.889282799999975, 12.2953783 ], [ 71.902474499999983, 12.2857789 ] ] ], [ [ [ 92.216041099999984, 11.5947378 ], [ 92.214596599999979, 11.5297477 ], [ 92.2613195, 11.51803 ], [ 92.274613, 11.5358316 ], [ 92.2704229, 11.5846567 ], [ 92.216041099999984, 11.5947378 ] ] ], [ [ [ 73.0610697, 8.329205 ], [ 73.007264799999987, 8.2987229 ], [ 73.017594, 8.2651608 ], [ 73.0471596, 8.2605528 ], [ 73.069798499999976, 8.2830242 ], [ 73.0852156, 8.3274138 ], [ 73.0610697, 8.329205 ] ] ], [ [ [ 93.028853899999987, 12.1658807 ], [ 93.00724289999998, 12.1470634 ], [ 93.005223, 12.115103 ], [ 93.003149900000011, 12.1113413 ], [ 93.0004475, 12.1104944 ], [ 93.0002335, 12.1079534 ], [ 93.0086384, 12.1040989 ], [ 93.0077781, 12.0756268 ], [ 93.045299499999985, 12.0457346 ], [ 93.054079899999977, 12.0759833 ], [ 93.0341337, 12.1003304 ], [ 93.028853899999987, 12.1658807 ] ] ], [ [ [ 73.6471049, 10.0542866 ], [ 73.665929199999979, 10.1380095 ], [ 73.6602465, 10.1550477 ], [ 73.6200013, 10.1018699 ], [ 73.6215103, 10.0751264 ], [ 73.6471049, 10.0542866 ] ] ], [ [ [ 93.005762, 12.1003806 ], [ 92.959878500000016, 12.1076654 ], [ 92.971540399999981, 12.0881731 ], [ 92.9605463, 12.0788407 ], [ 92.9944886, 12.0443469 ], [ 93.005762, 12.1003806 ] ] ], [ [ [ 92.7311638, 12.2425375 ], [ 92.72081, 12.1905802 ], [ 92.730963599999981, 12.1925027 ], [ 92.7468362, 12.1805268 ], [ 92.750640899999979, 12.1834234 ], [ 92.7635392, 12.1816914 ], [ 92.7625957, 12.2297113 ], [ 92.739920799999979, 12.2364048 ], [ 92.7328633, 12.2105509 ], [ 92.7311638, 12.2425375 ] ] ], [ [ [ 93.5924786, 8.038529 ], [ 93.579761599999983, 8.1246659 ], [ 93.562812099999988, 8.1203264 ], [ 93.5924786, 8.038529 ] ] ], [ [ [ 93.6142825, 8.5753123 ], [ 93.611179599999971, 8.5444781 ], [ 93.6290798, 8.4887517 ], [ 93.619357399999984, 8.4805441 ], [ 93.6225389, 8.4232096 ], [ 93.6269368, 8.4677334 ], [ 93.642390599999985, 8.4682685 ], [ 93.6142825, 8.5753123 ] ] ], [ [ [ 93.016571299999981, 13.6753475 ], [ 92.976919899999984, 13.6549553 ], [ 92.9860088, 13.6427367 ], [ 93.0151773, 13.6441497 ], [ 93.025693, 13.6271794 ], [ 93.016571299999981, 13.6753475 ] ] ], [ [ [ 92.961945899999975, 12.150837 ], [ 92.9630819, 12.1228773 ], [ 92.9962447, 12.1133177 ], [ 92.992154299999967, 12.1440829 ], [ 92.961945899999975, 12.150837 ] ] ], [ [ [ 92.956015699999966, 12.4307968 ], [ 92.9260593, 12.4047896 ], [ 92.9173206, 12.3689908 ], [ 92.9309264, 12.3585049 ], [ 92.956015699999966, 12.4307968 ] ] ], [ [ [ 93.1030813, 12.2608728 ], [ 93.088489400000014, 12.2373044 ], [ 93.072531099999964, 12.2597067 ], [ 93.0628865, 12.2310394 ], [ 93.09273469999998, 12.2252305 ], [ 93.1006493, 12.2043998 ], [ 93.1030813, 12.2608728 ] ] ], [ [ [ 93.0310741, 11.8371902 ], [ 93.0130663, 11.8500028 ], [ 93.015288700000013, 11.8286015 ], [ 93.049256, 11.8132703 ], [ 93.071540899999988, 11.8346257 ], [ 93.0633774, 11.8447921 ], [ 93.0310741, 11.8371902 ] ] ], [ [ [ 92.9342839, 12.3095233 ], [ 92.927918799999986, 12.2808717 ], [ 92.913663, 12.2932781 ], [ 92.901728899999966, 12.2878688 ], [ 92.900614, 12.2719292 ], [ 92.920899899999981, 12.2663419 ], [ 92.92318779999998, 12.2306812 ], [ 92.9423035, 12.2756845 ], [ 92.9342839, 12.3095233 ] ] ], [ [ [ 92.7100046, 12.829552 ], [ 92.694601399999982, 12.7960473 ], [ 92.7183553, 12.7192415 ], [ 92.7254354, 12.7490093 ], [ 92.712162899999981, 12.7772532 ], [ 92.7100046, 12.829552 ] ] ], [ [ [ 93.006925299999963, 12.9975787 ], [ 92.9859298, 12.9934565 ], [ 92.972339, 12.9697984 ], [ 92.959447399999988, 12.9889248 ], [ 92.953874199999987, 12.9627283 ], [ 92.973756, 12.9464902 ], [ 92.960459, 12.9497353 ], [ 92.952663899999976, 12.9404785 ], [ 92.981190099999978, 12.932929 ], [ 92.9802394, 12.9666634 ], [ 93.006925299999963, 12.9975787 ] ] ], [ [ [ 92.5407746, 11.6034852 ], [ 92.532459099999983, 11.5956363 ], [ 92.5303468, 11.5546765 ], [ 92.554127299999976, 11.5623934 ], [ 92.569530299999968, 11.5884059 ], [ 92.5407746, 11.6034852 ] ] ], [ [ [ 92.882754299999988, 12.3740819 ], [ 92.8881566, 12.4081787 ], [ 92.8819019, 12.3983034 ], [ 92.8546587, 12.4087671 ], [ 92.843296, 12.4015302 ], [ 92.882754299999988, 12.3740819 ] ] ], [ [ [ 92.7104156, 12.2969147 ], [ 92.6999276, 12.2756896 ], [ 92.7107564, 12.2301494 ], [ 92.723846, 12.2950953 ], [ 92.7104156, 12.2969147 ] ] ], [ [ [ 92.901492, 12.2558228 ], [ 92.887198, 12.2515349 ], [ 92.883726799999977, 12.2380523 ], [ 92.8712894, 12.2457372 ], [ 92.878318800000017, 12.2099172 ], [ 92.8913072, 12.2340441 ], [ 92.912344799999985, 12.2221833 ], [ 92.901492, 12.2558228 ] ] ], [ [ [ 93.234546299999977, 8.2644946 ], [ 93.2202328, 8.2456685 ], [ 93.239507799999984, 8.2218764 ], [ 93.251215, 8.2305827 ], [ 93.234546299999977, 8.2644946 ] ] ], [ [ [ 72.6462796, 10.5783923 ], [ 72.6313684, 10.5767308 ], [ 72.6174545, 10.5389915 ], [ 72.651395199999982, 10.5616089 ], [ 72.6462796, 10.5783923 ] ] ], [ [ [ 93.8671309, 12.2943035 ], [ 93.8490878, 12.2887096 ], [ 93.855859, 12.2654132 ], [ 93.8762647, 12.2731555 ], [ 93.8671309, 12.2943035 ] ] ], [ [ [ 94.246389799999989, 13.4427808 ], [ 94.275653800000015, 13.4497226 ], [ 94.2757645, 13.4685846 ], [ 94.252954, 13.4615821 ], [ 94.246389799999989, 13.4427808 ] ] ], [ [ [ 92.9264849, 13.0237845 ], [ 92.920862299999982, 13.0005247 ], [ 92.9419142, 12.9955191 ], [ 92.939964199999977, 13.0251086 ], [ 92.9264849, 13.0237845 ] ] ], [ [ [ 73.6683037, 10.8170095 ], [ 73.665198, 10.8008981 ], [ 73.7038756, 10.8114819 ], [ 73.6997573, 10.8164683 ], [ 73.6683037, 10.8170095 ] ] ], [ [ [ 93.0436772, 8.4712098 ], [ 93.036549499999978, 8.4497044 ], [ 93.057473, 8.4405279 ], [ 93.0562614, 8.4608628 ], [ 93.0436772, 8.4712098 ] ] ], [ [ [ 72.162637, 10.8117523 ], [ 72.2044978, 10.8661277 ], [ 72.2065507, 10.8778213 ], [ 72.162637, 10.8117523 ] ] ], [ [ [ 92.754587899999976, 11.9676257 ], [ 92.739292600000013, 11.9617514 ], [ 92.745708099999987, 11.9453867 ], [ 92.7672013, 11.9547168 ], [ 92.754587899999976, 11.9676257 ] ] ], [ [ [ 92.609313, 11.9403769 ], [ 92.5889108, 11.9764837 ], [ 92.598736799999983, 11.9278648 ], [ 92.609313, 11.9403769 ] ] ], [ [ [ 92.843325399999983, 13.4403713 ], [ 92.821738400000015, 13.435987 ], [ 92.8224028, 13.4212702 ], [ 92.8423097, 13.4262305 ], [ 92.843325399999983, 13.4403713 ] ] ], [ [ [ 92.706430900000015, 11.2887472 ], [ 92.6932481, 11.2809256 ], [ 92.688234299999962, 11.2424283 ], [ 92.7058574, 11.2638114 ], [ 92.706430900000015, 11.2887472 ] ] ], [ [ [ 92.583646899999977, 11.5351771 ], [ 92.5974099, 11.5618667 ], [ 92.592586399999988, 11.5778606 ], [ 92.583646899999977, 11.5351771 ] ] ], [ [ [ 72.7911387, 11.2590589 ], [ 72.7795471, 11.2403696 ], [ 72.7623731, 11.1807276 ], [ 72.7780939, 11.214107 ], [ 72.7911387, 11.2590589 ] ] ], [ [ [ 92.6117224, 11.5882482 ], [ 92.600341, 11.570554 ], [ 92.614930099999981, 11.5622599 ], [ 92.619219, 11.5771439 ], [ 92.6117224, 11.5882482 ] ] ], [ [ [ 92.620403399999987, 11.5552369 ], [ 92.6017591, 11.5543247 ], [ 92.6104727, 11.5313949 ], [ 92.620403399999987, 11.5552369 ] ] ], [ [ [ 92.718459299999964, 12.8354176 ], [ 92.719900899999985, 12.8648739 ], [ 92.709939399999982, 12.8335732 ], [ 92.718459299999964, 12.8354176 ] ] ], [ [ [ 92.7937234, 12.9126393 ], [ 92.7740775, 12.911536 ], [ 92.792641499999988, 12.8920465 ], [ 92.8006334, 12.8976629 ], [ 92.7937234, 12.9126393 ] ] ], [ [ [ 73.0101029, 11.4673883 ], [ 73.010911899999982, 11.4878407 ], [ 73.0006858, 11.497441 ], [ 73.0002999, 11.4779122 ], [ 73.0101029, 11.4673883 ] ] ], [ [ [ 72.706463599999978, 11.6790506 ], [ 72.7163001, 11.7038309 ], [ 72.7035326, 11.6956337 ], [ 72.706463599999978, 11.6790506 ] ] ], [ [ [ 92.8861731, 12.9239659 ], [ 92.859751099999983, 12.9327527 ], [ 92.8652813, 12.9166916 ], [ 92.8861731, 12.9239659 ] ] ], [ [ [ 92.720219700000015, 13.0957933 ], [ 92.696095, 13.0953568 ], [ 92.7026902, 13.0705315 ], [ 92.720219700000015, 13.0957933 ] ] ], [ [ [ 72.7220029, 11.1116741 ], [ 72.733130799999984, 11.1246411 ], [ 72.734493399999977, 11.1355026 ], [ 72.7183967, 11.1251188 ], [ 72.7220029, 11.1116741 ] ] ], [ [ [ 92.7680763, 12.2849755 ], [ 92.753017, 12.2780231 ], [ 92.7646381, 12.2654973 ], [ 92.7680763, 12.2849755 ] ] ], [ [ [ 92.7490234, 12.2887955 ], [ 92.739614099999983, 12.2825398 ], [ 92.739548499999984, 12.2710797 ], [ 92.734489299999979, 12.2479007 ], [ 92.7490234, 12.2887955 ] ] ], [ [ [ 93.066421399999982, 13.6497101 ], [ 93.043103299999984, 13.6375678 ], [ 93.046965199999988, 13.6210463 ], [ 93.066421399999982, 13.6497101 ] ] ], [ [ [ 92.9342993, 12.2250556 ], [ 92.925036799999987, 12.2132411 ], [ 92.9328018, 12.1960887 ], [ 92.941099099999974, 12.2172929 ], [ 92.9342993, 12.2250556 ] ] ], [ [ [ 92.90334390000001, 13.5961025 ], [ 92.8884718, 13.5951523 ], [ 92.8850055, 13.5746193 ], [ 92.90334390000001, 13.5961025 ] ] ], [ [ [ 92.5689514, 11.5275271 ], [ 92.5521303, 11.5355408 ], [ 92.5626792, 11.5172555 ], [ 92.5689514, 11.5275271 ] ] ], [ [ [ 92.684595399999978, 12.5396297 ], [ 92.668685599999961, 12.5324395 ], [ 92.6786838, 12.5223745 ], [ 92.684595399999978, 12.5396297 ] ] ], [ [ [ 93.0219762, 13.3223279 ], [ 93.0162239, 13.3241021 ], [ 93.0215449, 13.3012546 ], [ 93.0219762, 13.3223279 ] ] ], [ [ [ 92.7237806, 11.3330507 ], [ 92.7114284, 11.3092687 ], [ 92.6981488, 11.3101838 ], [ 92.709253, 11.3018443 ], [ 92.7237806, 11.3330507 ] ] ], [ [ [ 93.712801399999989, 7.2083308 ], [ 93.7211914, 7.2133465 ], [ 93.7092181, 7.2303574 ], [ 93.712801399999989, 7.2083308 ] ] ], [ [ [ 93.1203604, 12.1485769 ], [ 93.1094901, 12.1409054 ], [ 93.1152586, 12.1301733 ], [ 93.1236744, 12.1403112 ], [ 93.1203604, 12.1485769 ] ] ], [ [ [ 92.951745699999975, 12.0844442 ], [ 92.9576232, 12.1021871 ], [ 92.948055599999975, 12.1163171 ], [ 92.950054899999984, 12.1088396 ], [ 92.949225399999989, 12.0970279 ], [ 92.951745699999975, 12.0844442 ] ] ], [ [ [ 92.845850299999981, 12.4147114 ], [ 92.8362509, 12.4257614 ], [ 92.829248899999982, 12.4254872 ], [ 92.845850299999981, 12.4147114 ] ] ], [ [ [ 92.7246015, 12.7661174 ], [ 92.7167897, 12.7878186 ], [ 92.724733699999987, 12.7617686 ], [ 92.7246015, 12.7661174 ] ] ], [ [ [ 93.684078199999988, 7.4031203 ], [ 93.69626359999998, 7.3998043 ], [ 93.6886551, 7.4093568 ], [ 93.684078199999988, 7.4031203 ] ] ], [ [ [ 92.227229599999987, 10.9762671 ], [ 92.215613499999961, 10.9795444 ], [ 92.217924, 10.9734993 ], [ 92.227229599999987, 10.9762671 ] ] ], [ [ [ 92.91814309999998, 12.3493519 ], [ 92.909912899999966, 12.3505133 ], [ 92.910673, 12.3378909 ], [ 92.91814309999998, 12.3493519 ] ] ], [ [ [ 92.756671, 12.8936941 ], [ 92.754168199999981, 12.9138185 ], [ 92.753588600000015, 12.889585 ], [ 92.756671, 12.8936941 ] ] ], [ [ [ 92.7319518, 11.9446378 ], [ 92.722916700000013, 11.9527448 ], [ 92.7259945, 11.9417085 ], [ 92.7319518, 11.9446378 ] ] ], [ [ [ 92.790410399999985, 12.8845804 ], [ 92.781895499999976, 12.8919234 ], [ 92.7843022, 12.8823721 ], [ 92.790410399999985, 12.8845804 ] ] ], [ [ [ 93.541390799999988, 7.5140759 ], [ 93.5497886, 7.5179249 ], [ 93.5431715, 7.5245769 ], [ 93.541390799999988, 7.5140759 ] ] ], [ [ [ 92.613819799999973, 10.9283874 ], [ 92.610245599999985, 10.9383852 ], [ 92.606387699999985, 10.9375968 ], [ 92.613819799999973, 10.9283874 ] ] ], [ [ [ 92.66945, 10.9873418 ], [ 92.6597008, 10.9902859 ], [ 92.661343, 10.9829307 ], [ 92.66945, 10.9873418 ] ] ], [ [ [ 92.866841199999982, 12.236128 ], [ 92.869922899999978, 12.2490001 ], [ 92.865419699999975, 12.2510242 ], [ 92.861527299999977, 12.2432414 ], [ 92.866841199999982, 12.236128 ] ] ], [ [ [ 72.2954691, 10.944584 ], [ 72.2851913, 10.9362355 ], [ 72.2898035, 10.9337034 ], [ 72.2954691, 10.944584 ] ] ], [ [ [ 92.869839900000017, 12.4148424 ], [ 92.858829299999982, 12.4166053 ], [ 92.863876199999979, 12.4125049 ], [ 92.869839900000017, 12.4148424 ] ] ], [ [ [ 92.6065035, 11.5333691 ], [ 92.6006788, 11.5299512 ], [ 92.6062269, 11.5217797 ], [ 92.6065035, 11.5333691 ] ] ], [ [ [ 92.776064799999986, 12.9263173 ], [ 92.7696041, 12.9287105 ], [ 92.772716, 12.9176828 ], [ 92.776064799999986, 12.9263173 ] ] ], [ [ [ 92.765189, 12.8689593 ], [ 92.761029199999967, 12.8678774 ], [ 92.76612489999998, 12.8548642 ], [ 92.765189, 12.8689593 ] ] ], [ [ [ 92.5986865, 11.9062719 ], [ 92.5952512, 11.9155916 ], [ 92.595628, 11.9055951 ], [ 92.5986865, 11.9062719 ] ] ], [ [ [ 92.8186815, 13.4162135 ], [ 92.8123151, 13.4196168 ], [ 92.814498499999985, 13.4034931 ], [ 92.8186815, 13.4162135 ] ] ], [ [ [ 93.7643713, 7.3957969 ], [ 93.7720084, 7.3990537 ], [ 93.766644499999984, 7.4029955 ], [ 93.7643713, 7.3957969 ] ] ], [ [ [ 93.083207899999977, 11.7805509 ], [ 93.080470599999984, 11.7879056 ], [ 93.0783609, 11.7798268 ], [ 93.083207899999977, 11.7805509 ] ] ], [ [ [ 92.870946599999982, 13.5021707 ], [ 92.872327599999963, 13.5121845 ], [ 92.8701874, 13.5131857 ], [ 92.870946599999982, 13.5021707 ] ] ], [ [ [ 72.3206288, 10.9438216 ], [ 72.3168562, 10.9481108 ], [ 72.3155313, 10.9418075 ], [ 72.3206288, 10.9438216 ] ] ], [ [ [ 93.653638499999985, 7.4753732 ], [ 93.644457, 7.4707302 ], [ 93.652128, 7.4700792 ], [ 93.653638499999985, 7.4753732 ] ] ], [ [ [ 92.763769499999981, 12.1788699 ], [ 92.756418599999989, 12.1805179 ], [ 92.759362799999977, 12.1777547 ], [ 92.7591813, 12.1665287 ], [ 92.763769499999981, 12.1788699 ] ] ], [ [ [ 93.07140579999998, 13.4132681 ], [ 93.0705465, 13.4233442 ], [ 93.072493, 13.4311984 ], [ 93.0671804, 13.4222496 ], [ 93.07140579999998, 13.4132681 ] ] ], [ [ [ 93.095452199999983, 13.4156772 ], [ 93.0872794, 13.4155939 ], [ 93.089226499999981, 13.4100443 ], [ 93.095452199999983, 13.4156772 ] ] ], [ [ [ 92.922105799999983, 13.5129909 ], [ 92.915521, 13.514232 ], [ 92.9145341, 13.5068451 ], [ 92.922105799999983, 13.5129909 ] ] ], [ [ [ 92.7667779, 12.9286243 ], [ 92.7607809, 12.9305582 ], [ 92.7639475, 12.9258764 ], [ 92.7667779, 12.9286243 ] ] ], [ [ [ 92.7280401, 12.7341142 ], [ 92.726176799999976, 12.727916 ], [ 92.7279696, 12.726915 ], [ 92.7280401, 12.7341142 ] ] ], [ [ [ 92.677245, 11.1779129 ], [ 92.6768712, 11.1886295 ], [ 92.6751906, 11.1898052 ], [ 92.677245, 11.1779129 ] ] ], [ [ [ 92.9119985, 13.5337302 ], [ 92.9055296, 13.5356848 ], [ 92.906038599999988, 13.5306133 ], [ 92.9119985, 13.5337302 ] ] ], [ [ [ 93.6534591, 8.3890419 ], [ 93.6526656, 8.3943473 ], [ 93.644542399999978, 8.3947003 ], [ 93.6534591, 8.3890419 ] ] ], [ [ [ 92.5616845, 11.3934679 ], [ 92.55758419999998, 11.3962917 ], [ 92.555989, 11.3912381 ], [ 92.5616845, 11.3934679 ] ] ], [ [ [ 92.734638099999984, 11.145654 ], [ 92.7281825, 11.1468328 ], [ 92.728660199999979, 11.1433006 ], [ 92.734638099999984, 11.145654 ] ] ], [ [ [ 92.7639734, 11.6734995 ], [ 92.759805399999976, 11.6770085 ], [ 92.7614311, 11.6702303 ], [ 92.7639734, 11.6734995 ] ] ], [ [ [ 93.1027054, 13.434626 ], [ 93.0981789, 13.4316652 ], [ 93.1035601, 13.4301788 ], [ 93.1027054, 13.434626 ] ] ], [ [ [ 93.0265535, 12.2738396 ], [ 93.0280167, 12.2799437 ], [ 93.022258799999989, 12.2744627 ], [ 93.0265535, 12.2738396 ] ] ], [ [ [ 92.701232399999981, 11.6603269 ], [ 92.692906099999973, 11.6619015 ], [ 92.693248299999979, 11.6606464 ], [ 92.701232399999981, 11.6603269 ] ] ], [ [ [ 93.0162931, 13.3410111 ], [ 93.020649, 13.3450331 ], [ 93.018852899999985, 13.3459523 ], [ 93.0162931, 13.3410111 ] ] ], [ [ [ 92.914402799999976, 13.0424712 ], [ 92.919003800000013, 13.0427339 ], [ 92.9166919, 13.0476698 ], [ 92.914402799999976, 13.0424712 ] ] ], [ [ [ 92.8991741, 12.4212721 ], [ 92.903837199999984, 12.4247629 ], [ 92.8997655, 12.4260846 ], [ 92.8991741, 12.4212721 ] ] ], [ [ [ 92.767287599999975, 12.9203929 ], [ 92.7624559, 12.9222988 ], [ 92.7640157, 12.9178906 ], [ 92.767287599999975, 12.9203929 ] ] ], [ [ [ 93.002801599999984, 12.1114144 ], [ 93.001923399999981, 12.117881 ], [ 92.999047899999979, 12.1118095 ], [ 93.002801599999984, 12.1114144 ] ] ], [ [ [ 92.679750399999989, 12.2189833 ], [ 92.683235099999976, 12.2235735 ], [ 92.682253799999984, 12.2244048 ], [ 92.679750399999989, 12.2189833 ] ] ], [ [ [ 93.0741079, 13.3030542 ], [ 93.0772729, 13.2993732 ], [ 93.078724399999984, 13.3014669 ], [ 93.0741079, 13.3030542 ] ] ], [ [ [ 92.5697758, 11.9460714 ], [ 92.563538199999982, 11.9497442 ], [ 92.567308799999978, 11.9447052 ], [ 92.5697758, 11.9460714 ] ] ], [ [ [ 92.725095199999984, 12.1857421 ], [ 92.731452599999969, 12.1882453 ], [ 92.729942499999979, 12.1898895 ], [ 92.725095199999984, 12.1857421 ] ] ], [ [ [ 92.916767100000015, 13.057929 ], [ 92.914650900000012, 13.066356 ], [ 92.913888599999979, 13.0670136 ], [ 92.916767100000015, 13.057929 ] ] ], [ [ [ 93.056403499999988, 13.5628201 ], [ 93.0519562, 13.5644894 ], [ 93.053715199999985, 13.5603199 ], [ 93.056403499999988, 13.5628201 ] ] ], [ [ [ 92.7664021, 12.2898084 ], [ 92.7719094, 12.2934475 ], [ 92.7709277, 12.2953261 ], [ 92.7664021, 12.2898084 ] ] ], [ [ [ 92.699729199999979, 12.2486257 ], [ 92.695549199999988, 12.2470809 ], [ 92.699289, 12.2438595 ], [ 92.699729199999979, 12.2486257 ] ] ], [ [ [ 92.7370896, 12.2827653 ], [ 92.735249699999983, 12.2881358 ], [ 92.736033799999987, 12.2812575 ], [ 92.7370896, 12.2827653 ] ] ], [ [ [ 92.776581599999986, 12.016795 ], [ 92.7709689, 12.0167855 ], [ 92.7745468, 12.0132756 ], [ 92.776581599999986, 12.016795 ] ] ], [ [ [ 93.0728372, 12.3159477 ], [ 93.067295399999978, 12.3187135 ], [ 93.062612899999962, 12.3157978 ], [ 93.0728372, 12.3159477 ] ] ], [ [ [ 72.5318231, 10.7791641 ], [ 72.5350637, 10.7831786 ], [ 72.531013899999977, 10.7798302 ], [ 72.5318231, 10.7791641 ] ] ], [ [ [ 92.572754399999965, 11.565266 ], [ 92.5767336, 11.5682919 ], [ 92.5765999, 11.5709198 ], [ 92.572754399999965, 11.565266 ] ] ], [ [ [ 92.93395839999998, 12.9139996 ], [ 92.9366853, 12.9171001 ], [ 92.931733299999976, 12.9190195 ], [ 92.93395839999998, 12.9139996 ] ] ], [ [ [ 93.63213, 7.4764658 ], [ 93.636362299999988, 7.478752 ], [ 93.6309857, 7.4797585 ], [ 93.63213, 7.4764658 ] ] ], [ [ [ 92.626835499999984, 11.5447327 ], [ 92.6297329, 11.5474921 ], [ 92.628692899999976, 11.5494247 ], [ 92.626835499999984, 11.5447327 ] ] ], [ [ [ 92.7394908, 12.1108381 ], [ 92.742438599999986, 12.1118245 ], [ 92.743151499999982, 12.1151518 ], [ 92.7394908, 12.1108381 ] ] ], [ [ [ 92.738539100000025, 12.27239 ], [ 92.7347086, 12.2700708 ], [ 92.735411099999979, 12.268957 ], [ 92.738539100000025, 12.27239 ] ] ], [ [ [ 92.610918099999978, 11.5047547 ], [ 92.610306900000012, 11.5076774 ], [ 92.6097294, 11.504252 ], [ 92.610918099999978, 11.5047547 ] ] ], [ [ [ 92.5816088, 11.9772608 ], [ 92.5843747, 11.9821156 ], [ 92.583784799999989, 11.9823628 ], [ 92.5816088, 11.9772608 ] ] ], [ [ [ 92.5511938, 11.3957042 ], [ 92.5461642, 11.3959435 ], [ 92.547416699999985, 11.3940139 ], [ 92.5511938, 11.3957042 ] ] ], [ [ [ 92.724753099999987, 12.8339194 ], [ 92.7278133, 12.8355045 ], [ 92.727389799999969, 12.8385449 ], [ 92.724753099999987, 12.8339194 ] ] ], [ [ [ 92.965422899999979, 13.3359899 ], [ 92.96800829999998, 13.3357457 ], [ 92.969959, 13.3387456 ], [ 92.965422899999979, 13.3359899 ] ] ], [ [ [ 92.949616, 13.0220457 ], [ 92.9450873, 13.0253051 ], [ 92.948759, 13.0208035 ], [ 92.949616, 13.0220457 ] ] ], [ [ [ 92.8806619, 12.2959311 ], [ 92.877004399999961, 12.2961714 ], [ 92.8772572, 12.2937197 ], [ 92.8806619, 12.2959311 ] ] ], [ [ [ 92.793247899999983, 13.1696347 ], [ 92.7970783, 13.1702775 ], [ 92.794619699999984, 13.1711887 ], [ 92.793247899999983, 13.1696347 ] ] ], [ [ [ 93.059423099999975, 13.2217053 ], [ 93.059090399999988, 13.2264324 ], [ 93.057664699999975, 13.2265388 ], [ 93.059423099999975, 13.2217053 ] ] ], [ [ [ 92.8743423, 13.5366296 ], [ 92.8777621, 13.5381414 ], [ 92.8751921, 13.5403139 ], [ 92.8743423, 13.5366296 ] ] ], [ [ [ 93.0993927, 12.1363718 ], [ 93.0961166, 12.1362511 ], [ 93.097138700000016, 12.1334113 ], [ 93.0993927, 12.1363718 ] ] ], [ [ [ 92.902068499999984, 12.2600776 ], [ 92.899491099999977, 12.2609325 ], [ 92.900263099999961, 12.2583997 ], [ 92.902068499999984, 12.2600776 ] ] ], [ [ [ 92.899392499999976, 12.4086709 ], [ 92.897021, 12.4101288 ], [ 92.898640299999983, 12.4073784 ], [ 92.899392499999976, 12.4086709 ] ] ], [ [ [ 93.005677399999982, 13.5561902 ], [ 93.0067904, 13.559155 ], [ 93.005632599999984, 13.5610257 ], [ 93.005677399999982, 13.5561902 ] ] ], [ [ [ 93.062259699999984, 13.3830045 ], [ 93.060625099999982, 13.3855746 ], [ 93.061301500000013, 13.3830038 ], [ 93.062259699999984, 13.3830045 ] ] ], [ [ [ 92.728518599999987, 13.0931915 ], [ 92.731307099999981, 13.0944718 ], [ 92.730725199999981, 13.0954223 ], [ 92.728518599999987, 13.0931915 ] ] ], [ [ [ 93.077273799999986, 13.3628923 ], [ 93.075700899999987, 13.3664875 ], [ 93.073758799999965, 13.3651832 ], [ 93.077273799999986, 13.3628923 ] ] ], [ [ [ 92.931664299999966, 13.0514961 ], [ 92.93419, 13.0519343 ], [ 92.9331846, 13.0533335 ], [ 92.931664299999966, 13.0514961 ] ] ], [ [ [ 92.7604512, 12.8774469 ], [ 92.757057499999988, 12.8787299 ], [ 92.756998899999985, 12.876172 ], [ 92.7604512, 12.8774469 ] ] ], [ [ [ 92.8807377, 12.2453314 ], [ 92.8818392, 12.2489326 ], [ 92.880219799999978, 12.250521 ], [ 92.8807377, 12.2453314 ] ] ], [ [ [ 92.765580699999987, 12.2969646 ], [ 92.764095199999986, 12.2989871 ], [ 92.7634992, 12.2966467 ], [ 92.765580699999987, 12.2969646 ] ] ], [ [ [ 92.989293699999976, 12.9992381 ], [ 92.9869256, 13.0004546 ], [ 92.987032299999981, 12.9982765 ], [ 92.989293699999976, 12.9992381 ] ] ], [ [ [ 93.8413968, 7.2866214 ], [ 93.843078299999974, 7.2898849 ], [ 93.8403058, 7.2859529 ], [ 93.8413968, 7.2866214 ] ] ], [ [ [ 72.3320571, 10.9490071 ], [ 72.3333781, 10.9516281 ], [ 72.328324, 10.9503253 ], [ 72.3320571, 10.9490071 ] ] ], [ [ [ 92.701061299999978, 12.6386656 ], [ 92.7032968, 12.6406265 ], [ 92.702175499999981, 12.641284 ], [ 92.701061299999978, 12.6386656 ] ] ], [ [ [ 92.893137399999972, 12.9368398 ], [ 92.8902263, 12.9379334 ], [ 92.8895142, 12.9350786 ], [ 92.893137399999972, 12.9368398 ] ] ], [ [ [ 92.5675744, 11.5700074 ], [ 92.564726499999978, 11.5688465 ], [ 92.565784099999988, 11.5675807 ], [ 92.5675744, 11.5700074 ] ] ], [ [ [ 92.89530259999998, 12.3935725 ], [ 92.8973823, 12.3945578 ], [ 92.8959363, 12.3953777 ], [ 92.89530259999998, 12.3935725 ] ] ], [ [ [ 92.723046499999981, 11.1429288 ], [ 92.725818800000013, 11.1437199 ], [ 92.724013299999982, 11.1442165 ], [ 92.723046499999981, 11.1429288 ] ] ], [ [ [ 92.579619499999964, 11.5832811 ], [ 92.577043299999985, 11.5847263 ], [ 92.5782314, 11.5821923 ], [ 92.579619499999964, 11.5832811 ] ] ], [ [ [ 92.902517799999984, 12.9407468 ], [ 92.8996554, 12.9412008 ], [ 92.903117, 12.9385711 ], [ 92.902517799999984, 12.9407468 ] ] ], [ [ [ 92.8438584, 12.1496781 ], [ 92.846664299999986, 12.150938 ], [ 92.8462382, 12.1513559 ], [ 92.8438584, 12.1496781 ] ] ], [ [ [ 93.0364025, 13.3425308 ], [ 93.0387526, 13.342826 ], [ 93.038452199999981, 13.3439838 ], [ 93.0364025, 13.3425308 ] ] ], [ [ [ 92.741759899999977, 11.9653873 ], [ 92.744647799999967, 11.9669831 ], [ 92.743031499999987, 11.9673988 ], [ 92.741759899999977, 11.9653873 ] ] ], [ [ [ 92.911081699999983, 12.3332793 ], [ 92.9130061, 12.3335304 ], [ 92.9118487, 12.3355402 ], [ 92.911081699999983, 12.3332793 ] ] ], [ [ [ 92.752941600000014, 12.2947037 ], [ 92.754849499999978, 12.2933401 ], [ 92.7550097, 12.2945325 ], [ 92.752941600000014, 12.2947037 ] ] ], [ [ [ 72.334221, 10.954959 ], [ 72.336122799999984, 10.9566143 ], [ 72.334787, 10.9579167 ], [ 72.334221, 10.954959 ] ] ], [ [ [ 92.906621099999981, 12.3391458 ], [ 92.9042744, 12.340692 ], [ 92.90517939999998, 12.33825 ], [ 92.906621099999981, 12.3391458 ] ] ], [ [ [ 92.729311399999986, 12.8551514 ], [ 92.7316776, 12.8567176 ], [ 92.7297017, 12.8566698 ], [ 92.729311399999986, 12.8551514 ] ] ], [ [ [ 72.335484199999982, 10.953298 ], [ 72.332455599999989, 10.9527948 ], [ 72.3345528, 10.9515846 ], [ 72.335484199999982, 10.953298 ] ] ], [ [ [ 92.7765008, 12.8650653 ], [ 92.7781549, 12.8666942 ], [ 92.7761641, 12.8666087 ], [ 92.7765008, 12.8650653 ] ] ], [ [ [ 93.0805436, 13.3684453 ], [ 93.083285199999963, 13.368369 ], [ 93.0819269, 13.3696711 ], [ 93.0805436, 13.3684453 ] ] ], [ [ [ 92.9103018, 13.0040979 ], [ 92.912258599999987, 13.004145 ], [ 92.910892199999964, 13.0050357 ], [ 92.9103018, 13.0040979 ] ] ], [ [ [ 92.891670099999985, 12.8984809 ], [ 92.8938179, 12.8988131 ], [ 92.892440099999988, 12.8999308 ], [ 92.891670099999985, 12.8984809 ] ] ], [ [ [ 92.864753399999984, 12.9124837 ], [ 92.8642375, 12.9150779 ], [ 92.863640100000012, 12.915077 ], [ 92.864753399999984, 12.9124837 ] ] ], [ [ [ 92.865478599999989, 13.4118271 ], [ 92.8661133, 13.4135049 ], [ 92.8646401, 13.4130347 ], [ 92.865478599999989, 13.4118271 ] ] ], [ [ [ 93.608957599999982, 8.5801596 ], [ 93.606946499999964, 8.5815041 ], [ 93.6083597, 8.5793018 ], [ 93.608957599999982, 8.5801596 ] ] ], [ [ [ 92.717585299999968, 12.7765006 ], [ 92.71580419999998, 12.7756751 ], [ 92.7172912, 12.7750153 ], [ 92.717585299999968, 12.7765006 ] ] ], [ [ [ 93.0158173, 13.3384795 ], [ 93.0137149, 13.3385036 ], [ 93.0136894, 13.337383 ], [ 93.0158173, 13.3384795 ] ] ], [ [ [ 92.716809200000014, 12.7987834 ], [ 92.7168039, 12.8012947 ], [ 92.716206599999978, 12.8013772 ], [ 92.716809200000014, 12.7987834 ] ] ], [ [ [ 92.71528269999996, 12.7945949 ], [ 92.716214899999983, 12.7974429 ], [ 92.715787899999981, 12.7976931 ], [ 92.71528269999996, 12.7945949 ] ] ], [ [ [ 93.0071509, 13.3363986 ], [ 93.0095384, 13.3367536 ], [ 93.009325, 13.3372485 ], [ 93.0071509, 13.3363986 ] ] ], [ [ [ 92.969447599999981, 12.0646005 ], [ 92.9714412, 12.0641121 ], [ 92.971052499999985, 12.0652288 ], [ 92.969447599999981, 12.0646005 ] ] ], [ [ [ 93.015584199999978, 13.283658 ], [ 93.015169899999989, 13.2850383 ], [ 93.014544599999979, 13.2838383 ], [ 93.015584199999978, 13.283658 ] ] ], [ [ [ 93.6354887, 8.3967781 ], [ 93.633732, 8.3980264 ], [ 93.6353277, 8.3955316 ], [ 93.6354887, 8.3967781 ] ] ], [ [ [ 92.7162893, 12.802633 ], [ 92.717565, 12.8043934 ], [ 92.7164557, 12.8046423 ], [ 92.7162893, 12.802633 ] ] ], [ [ [ 92.7681818, 12.9176419 ], [ 92.7667182, 12.9173656 ], [ 92.7680449, 12.9163423 ], [ 92.7681818, 12.9176419 ] ] ], [ [ [ 92.888326099999986, 12.9285735 ], [ 92.8864456, 12.928966 ], [ 92.887353499999975, 12.9279465 ], [ 92.888326099999986, 12.9285735 ] ] ], [ [ [ 92.7256217, 12.7524906 ], [ 92.726764099999983, 12.7536165 ], [ 92.725965799999983, 12.7538193 ], [ 92.7256217, 12.7524906 ] ] ], [ [ [ 92.765205399999985, 12.853646 ], [ 92.763790899999961, 12.8535654 ], [ 92.764794, 12.8526315 ], [ 92.765205399999985, 12.853646 ] ] ], [ [ [ 92.7570109, 12.9127128 ], [ 92.7584479, 12.9131643 ], [ 92.7581846, 12.9141255 ], [ 92.7570109, 12.9127128 ] ] ], [ [ [ 92.888443, 12.4133147 ], [ 92.889842399999964, 12.4139095 ], [ 92.8887431, 12.4144162 ], [ 92.888443, 12.4133147 ] ] ], [ [ [ 92.5946383, 11.5897293 ], [ 92.5932542, 11.58934 ], [ 92.5946678, 11.589318 ], [ 92.5946383, 11.5897293 ] ] ], [ [ [ 92.8923832, 12.9320695 ], [ 92.891006599999983, 12.9321994 ], [ 92.8913095, 12.9316729 ], [ 92.8923832, 12.9320695 ] ] ], [ [ [ 93.641664699999978, 8.3935097 ], [ 93.64307669999998, 8.3938796 ], [ 93.6411592, 8.3940406 ], [ 93.641664699999978, 8.3935097 ] ] ], [ [ [ 92.7166723, 12.773874 ], [ 92.717805899999973, 12.774327 ], [ 92.7170761, 12.7745641 ], [ 92.7166723, 12.773874 ] ] ], [ [ [ 92.715789, 12.7828866 ], [ 92.7166247, 12.7837102 ], [ 92.7158952, 12.7837617 ], [ 92.715789, 12.7828866 ] ] ], [ [ [ 92.9092935, 13.00723 ], [ 92.910163, 13.0078587 ], [ 92.9094461, 13.0079582 ], [ 92.9092935, 13.00723 ] ] ] ] } },
{ "type": "Feature", "properties": { "FEATURE_ID": "AESR_18_4_P01", "AESR_UID": "AESR_18_4", "aesr_code": "18.4", "PART_NO": 1, "NPARTS": 1, "aer_code": 18, "subregion": "Utkal Plain and East Godavari Delta", "SOIL_GRP": "Coastal/Deltaic Alluvium", "CLIM_STD": "Dry subhumid", "LGP_ORDER": 6, "lgp_ref": "180-210 days", "AWC_REF": "Medium", "AREA_KM2": 30276.823591184489 }, "geometry": { "type": "MultiPolygon", "coordinates": [ [ [ [ 86.623205, 20.8184133 ], [ 86.1942269, 20.4350747 ], [ 85.065268599999968, 19.7970976 ], [ 84.0272795, 18.8065432 ], [ 83.8610364, 18.7647988 ], [ 83.186139499999982, 18.1287455 ], [ 82.371614, 17.5146921 ], [ 81.9502561, 17.0853204 ], [ 81.7344329, 16.9119792 ], [ 81.7748796, 16.7345139 ], [ 81.849958, 16.642622 ], [ 81.865696, 16.5918684 ], [ 81.8632762, 16.552597 ], [ 81.766622499999983, 16.4473965 ], [ 81.7154111, 16.4594925 ], [ 81.715191, 16.3924007 ], [ 81.7347311, 16.356531 ], [ 81.7257935, 16.3074429 ], [ 81.8545689, 16.3705139 ], [ 81.9451386, 16.394344 ], [ 81.9649416, 16.4373722 ], [ 81.9665998, 16.3961857 ], [ 82.14070959999998, 16.4843913 ], [ 82.143229, 16.5173937 ], [ 82.1801912, 16.5610803 ], [ 82.2000182, 16.5584953 ], [ 82.149337099999983, 16.4871713 ], [ 82.24883650000001, 16.5421674 ], [ 82.3132329, 16.5547763 ], [ 82.263472, 16.5581658 ], [ 82.2982183, 16.570484 ], [ 82.2897829, 16.6203873 ], [ 82.3084188, 16.6042309 ], [ 82.322460899999982, 16.6238193 ], [ 82.3280032, 16.5839227 ], [ 82.3131747, 16.5858747 ], [ 82.324687399999988, 16.5732719 ], [ 82.332317500000016, 16.5797991 ], [ 82.3237666, 16.6508064 ], [ 82.3678728, 16.7017664 ], [ 82.339927899999978, 16.6886388 ], [ 82.342522899999977, 16.7098085 ], [ 82.320222799999982, 16.7245997 ], [ 82.3504589, 16.7214578 ], [ 82.3754606, 16.8794747 ], [ 82.3678741, 16.9396658 ], [ 82.336817, 16.9834794 ], [ 82.3660266, 16.9280351 ], [ 82.3629865, 16.8184998 ], [ 82.3521091, 16.8493048 ], [ 82.3158592, 16.8399101 ], [ 82.249489, 16.8908766 ], [ 82.2528505, 16.9313487 ], [ 82.269686, 16.9334216 ], [ 82.305859899999987, 17.0295965 ], [ 82.4455417, 17.164112 ], [ 82.623044800000017, 17.2950148 ], [ 82.9910292, 17.4697649 ], [ 83.014062699999982, 17.5005235 ], [ 83.103109199999977, 17.549046 ], [ 83.1059175, 17.5388938 ], [ 83.146962799999983, 17.5490473 ], [ 83.218877099999986, 17.5910323 ], [ 83.2310569, 17.6157815 ], [ 83.201574, 17.6227763 ], [ 83.1981568, 17.6380648 ], [ 83.215528099999986, 17.6465985 ], [ 83.241347100000013, 17.6253218 ], [ 83.289916, 17.6619121 ], [ 83.304430399999987, 17.695708 ], [ 83.3402759, 17.7141667 ], [ 83.355789299999984, 17.7529812 ], [ 83.416261799999987, 17.8073509 ], [ 83.4036745, 17.8435955 ], [ 83.4534242, 17.8801533 ], [ 83.445999, 17.9204147 ], [ 83.4747193, 17.9105423 ], [ 83.5542563, 17.9625627 ], [ 83.5660466, 18.0021168 ], [ 83.556042699999978, 18.0193923 ], [ 83.582685499999968, 18.0119682 ], [ 83.6679312, 18.072511 ], [ 83.660758199999989, 18.0841154 ], [ 83.869443199999964, 18.1708984 ], [ 83.8864558, 18.1913401 ], [ 83.932690600000015, 18.2081534 ], [ 83.927033400000013, 18.224964 ], [ 83.9542743, 18.2136183 ], [ 84.118365, 18.301005 ], [ 84.119443199999978, 18.3390422 ], [ 84.0585972, 18.3251941 ], [ 83.9926681, 18.3582651 ], [ 84.0610767, 18.335889899999987 ], [ 84.1365898, 18.3506457 ], [ 84.349065500000023, 18.5483757 ], [ 84.274168, 18.5116277 ], [ 84.3481439, 18.5830813 ], [ 84.3572376, 18.5638619 ], [ 84.4433821, 18.6585816 ], [ 84.411693899999975, 18.6669025 ], [ 84.4455449, 18.6735764 ], [ 84.553593100000015, 18.7833149 ], [ 84.5830548, 18.857108 ], [ 84.557490500000014, 18.8740573 ], [ 84.597832599999975, 18.8746941 ], [ 84.686403399999989, 18.962971 ], [ 84.743396300000015, 19.0350034 ], [ 84.74269569999997, 19.0498629 ], [ 84.725017799999975, 19.0300176 ], [ 84.7279725, 19.0513371 ], [ 84.7554475, 19.054768 ], [ 84.808751599999965, 19.1532831 ], [ 84.915031, 19.2656964 ], [ 85.090073899999979, 19.3774849 ], [ 85.1270762, 19.4271375 ], [ 85.336771199999973, 19.5751835 ], [ 85.6963749, 19.7513353 ], [ 85.9087293, 19.8198709 ], [ 86.0454736, 19.8414886 ], [ 86.2115751, 19.8879635 ], [ 86.2324698, 19.8982647 ], [ 86.2281152, 19.9328408 ], [ 86.245848399999986, 19.9083382 ], [ 86.375186699999972, 19.951663 ], [ 86.382075699999987, 20.0011902 ], [ 86.4072063, 20.0060021 ], [ 86.4290087, 20.0528068 ], [ 86.479819, 20.0916702 ], [ 86.5382538, 20.1799547 ], [ 86.7838543, 20.3259381 ], [ 86.7765191, 20.3894028 ], [ 86.7461986, 20.3779665 ], [ 86.7386581, 20.3962574 ], [ 86.7271052, 20.3773321 ], [ 86.7120464, 20.3953778 ], [ 86.7331867, 20.4105264 ], [ 86.738579399999978, 20.4602934 ], [ 86.725654, 20.4794352 ], [ 86.750234699999979, 20.4722254 ], [ 86.7545368, 20.5171004 ], [ 86.7696833, 20.5053005 ], [ 86.8227543, 20.5563854 ], [ 87.0570685, 20.7153004 ], [ 86.9658199, 20.6884529 ], [ 86.968943, 20.7059651 ], [ 86.9032112, 20.7096221 ], [ 87.006575699999985, 20.7130849 ], [ 86.987062099999989, 20.7718835 ], [ 86.9047277, 20.7618097 ], [ 86.857199799999989, 20.7726555 ], [ 86.813185799999985, 20.7296626 ], [ 86.692616, 20.7972776 ], [ 86.6201757, 20.7869714 ], [ 86.623205, 20.8184133 ] ] ], [ [ [ 81.3939107, 16.3354044 ], [ 81.3117549, 16.3076576 ], [ 81.3304539, 16.3201514 ], [ 81.27704390000001, 16.3163893 ], [ 81.271339099999977, 16.2792506 ], [ 81.3939107, 16.3354044 ] ] ], [ [ [ 86.7967598, 20.3986711 ], [ 86.8119416, 20.453912 ], [ 86.8001565, 20.4910853 ], [ 86.7881397, 20.4151225 ], [ 86.7967598, 20.3986711 ] ] ], [ [ [ 86.390304899999975, 19.9654984 ], [ 86.4266587, 20.0020427 ], [ 86.426338, 20.0104201 ], [ 86.384347599999984, 19.9786482 ], [ 86.390304899999975, 19.9654984 ] ] ], [ [ [ 86.8086533, 20.3703217 ], [ 86.8115619, 20.3805866 ], [ 86.8081376, 20.3979572 ], [ 86.800800799999962, 20.390354 ], [ 86.8086533, 20.3703217 ] ] ], [ [ [ 87.0693444, 20.7812521 ], [ 87.079218599999976, 20.7857863 ], [ 87.0762942, 20.7942893 ], [ 87.0693444, 20.7812521 ] ] ], [ [ [ 86.424012600000012, 20.0218375 ], [ 86.4347381, 20.031339299999988 ], [ 86.433423699999977, 20.0383866 ], [ 86.424012600000012, 20.0218375 ] ] ], [ [ [ 87.0745085, 20.7468568 ], [ 87.072012099999981, 20.7338445 ], [ 87.0753294, 20.7305197 ], [ 87.080851799999976, 20.7397856 ], [ 87.0745085, 20.7468568 ] ] ], [ [ [ 86.787830299999968, 20.3592409 ], [ 86.798020199999982, 20.3712343 ], [ 86.796115, 20.3735856 ], [ 86.787830299999968, 20.3592409 ] ] ], [ [ [ 87.0913389, 20.755813199999988 ], [ 87.0921777, 20.7646192 ], [ 87.087297799999988, 20.7571465 ], [ 87.0913389, 20.755813199999988 ] ] ], [ [ [ 87.052605, 20.7334066 ], [ 87.0608499, 20.7386769 ], [ 87.053057899999985, 20.7397051 ], [ 87.052605, 20.7334066 ] ] ] ] } },
{ "type": "Feature", "properties": { "FEATURE_ID": "AESR_12_1_P01", "AESR_UID": "AESR_12_1", "aesr_code": "12.1", "PART_NO": 1, "NPARTS": 1, "aer_code": 12, "subregion": "Garjat Hills Dandakaranya and Eastern Ghats", "SOIL_GRP": "Red/Lateritic", "CLIM_STD": "Moist subhumid", "LGP_ORDER": 6, "lgp_ref": "180-210 days", "AWC_REF": "Low to Medium", "AREA_KM2": 183410.00532426091 }, "geometry": { "type": "Polygon", "coordinates": [ [ [ 86.074943699999977, 22.5463842 ], [ 86.0442579, 22.5668538 ], [ 86.024127499999963, 22.5469214 ], [ 86.0278181, 22.5238777 ], [ 85.9865109, 22.5130597 ], [ 85.9639489, 22.4795427 ], [ 85.959316, 22.4593633 ], [ 85.9987386, 22.4256014 ], [ 86.0145016, 22.4277916 ], [ 86.027251199999981, 22.3853036 ], [ 85.9986436, 22.3417593 ], [ 86.0261634, 22.3330267 ], [ 86.0141524, 22.3136065 ], [ 86.0490016, 22.3098608 ], [ 86.014226900000011, 22.2963528 ], [ 85.975544399999976, 22.2471411 ], [ 86.032422, 22.1890854 ], [ 86.0003543, 22.135719 ], [ 86.008304199999984, 22.1169881 ], [ 85.9572728, 22.0357129 ], [ 85.918013799999983, 22.0089056 ], [ 85.907892, 21.9043242 ], [ 85.946271, 21.7711976 ], [ 86.0782243, 21.6903771 ], [ 86.086835799999989, 21.6510331 ], [ 86.0530655, 21.5402857 ], [ 85.9854104, 21.4845043 ], [ 85.7080678, 21.3929421 ], [ 85.4518941, 21.3634663 ], [ 85.356197099999974, 21.3766514 ], [ 85.3208153, 21.4022708 ], [ 85.2966929, 21.4494131 ], [ 85.267307699999975, 21.6258733 ], [ 85.2166102, 21.6617505 ], [ 85.187003, 21.7041961 ], [ 85.218251, 21.7689098 ], [ 85.2803181, 21.8203601 ], [ 85.3514753, 21.8373477 ], [ 85.3761078, 21.9290798 ], [ 85.3511154, 21.9567761 ], [ 85.2754582, 21.9594389 ], [ 85.2211877, 22.0144228 ], [ 85.2170468, 22.04684 ], [ 85.183080499999988, 22.070323 ], [ 85.1707063, 22.0688239 ], [ 85.1735295, 22.0523092 ], [ 85.1618925, 22.074035299999988 ], [ 85.12524, 22.0700367 ], [ 85.1018249, 22.1029419 ], [ 85.050310199999984, 22.1141373 ], [ 85.008774799999983, 22.0834049 ], [ 84.9862648, 22.0881218 ], [ 85.0301702, 22.1154076 ], [ 85.031833099999986, 22.1573543 ], [ 85.0758883, 22.2339168 ], [ 85.076928799999976, 22.2753544 ], [ 85.1208537, 22.2936749 ], [ 85.120428, 22.3173685 ], [ 85.094375, 22.3172319 ], [ 85.099375200000011, 22.3441931 ], [ 85.0804855, 22.3516618 ], [ 85.0871117, 22.3984646 ], [ 85.0634986, 22.4476154 ], [ 85.079656200000016, 22.4757462 ], [ 85.039773199999985, 22.4797657 ], [ 84.9611007, 22.4417507 ], [ 84.958964, 22.4555962 ], [ 84.9003411, 22.4208505 ], [ 84.8868086, 22.4204193 ], [ 84.883096199999983, 22.446026 ], [ 84.8391358, 22.4291654 ], [ 84.8144036, 22.4495922 ], [ 84.759327, 22.4447107 ], [ 84.7504998, 22.4174933 ], [ 84.6682898, 22.4166059 ], [ 84.6387917, 22.4312841 ], [ 84.5333905, 22.4225958 ], [ 84.48346, 22.4085414 ], [ 84.4843766, 22.3862679 ], [ 84.454650900000019, 22.3816619 ], [ 84.432890399999977, 22.351421 ], [ 84.296091899999979, 22.3398361 ], [ 84.2534492, 22.3761321 ], [ 84.2010269, 22.3742033 ], [ 84.1594295, 22.4032378 ], [ 84.1428354, 22.4229391 ], [ 84.141881499999982, 22.4731293 ], [ 84.1130942, 22.4760088 ], [ 84.0645995, 22.5122044 ], [ 84.001328599999979, 22.5307876 ], [ 83.98713, 22.5239839 ], [ 83.983132499999982, 22.5042206 ], [ 84.048553099999978, 22.4662234 ], [ 84.0112205, 22.3699011 ], [ 83.9225701, 22.3618427 ], [ 83.9040017, 22.3418846 ], [ 83.868061, 22.345943 ], [ 83.7598798, 22.2450899 ], [ 83.700106, 22.2476799 ], [ 83.652859, 22.2267502 ], [ 83.566317399999988, 22.1061416 ], [ 83.60743669999998, 22.0678906 ], [ 83.545505600000013, 22.0577187 ], [ 83.5411369, 22.0246747 ], [ 83.5556942, 22.0091342 ], [ 83.54230459999998, 21.9659852 ], [ 83.560486799999978, 21.9347377 ], [ 83.6075903, 21.9134743 ], [ 83.578642299999984, 21.874555 ], [ 83.5915844, 21.846334 ], [ 83.5806464, 21.8324094 ], [ 83.538376399999962, 21.8346059 ], [ 83.5436869, 21.7967072 ], [ 83.4980655, 21.8172435 ], [ 83.474319, 21.785472 ], [ 83.4912698, 21.74438 ], [ 83.4634866, 21.6971837 ], [ 83.4351293, 21.6951741 ], [ 83.4269157, 21.6778751 ], [ 83.490216, 21.6425881 ], [ 83.491680800000012, 21.6285647 ], [ 83.4599213, 21.6082032 ], [ 83.4483873, 21.6522007 ], [ 83.387883499999987, 21.6156865 ], [ 83.341814099999979, 21.4986454 ], [ 83.357482, 21.447179 ], [ 83.400954500000012, 21.4027542 ], [ 83.409842, 21.3518453 ], [ 83.38201309999998, 21.3433611 ], [ 83.2772424, 21.3782815 ], [ 83.2613273, 21.31571 ], [ 83.2817798, 21.2890627 ], [ 83.2749188, 21.2720053 ], [ 83.2496724, 21.2798176 ], [ 83.2255868, 21.2635069 ], [ 83.1973538, 21.13912 ], [ 83.168649399999978, 21.1350119 ], [ 83.127117699999985, 21.1046366 ], [ 83.04787730000001, 21.1223963 ], [ 83.0002672, 21.1576287 ], [ 82.9724414, 21.1590816 ], [ 82.9633709, 21.1787664 ], [ 82.8865549, 21.1523363 ], [ 82.876146800000015, 21.1629696 ], [ 82.8198036, 21.1617235 ], [ 82.7961776, 21.142444 ], [ 82.759621099999976, 21.1628391 ], [ 82.6432797, 21.1524439 ], [ 82.6523774, 21.1049656 ], [ 82.616736, 21.0743021 ], [ 82.629672, 21.039749 ], [ 82.560303499999989, 20.9447501 ], [ 82.4930384, 20.906783 ], [ 82.4893084, 20.8586561 ], [ 82.4664447, 20.827216 ], [ 82.4229302, 20.8298004 ], [ 82.4087962, 20.8656871 ], [ 82.366425099999987, 20.869743 ], [ 82.354001499999981, 20.8870025 ], [ 82.342530899999986, 20.7618848 ], [ 82.375664, 20.6276967 ], [ 82.331458499999982, 20.5575939 ], [ 82.356233100000011, 20.5267208 ], [ 82.3879457, 20.5137118 ], [ 82.395562299999966, 20.4564767 ], [ 82.4175312, 20.4772459 ], [ 82.436639299999982, 20.4298069 ], [ 82.4012764, 20.3396964 ], [ 82.4367359, 20.287271 ], [ 82.412598, 20.2678497 ], [ 82.4211318, 20.2067178 ], [ 82.3864707, 20.1491435 ], [ 82.3984249, 20.0642771 ], [ 82.6059578, 19.9906978 ], [ 82.6393275, 20.0051453 ], [ 82.7185093, 19.9884436 ], [ 82.708125299999963, 19.8986356 ], [ 82.725110700000016, 19.8762128 ], [ 82.710330699999972, 19.8364999 ], [ 82.6533687, 19.8307797 ], [ 82.6027977, 19.7785316 ], [ 82.586141, 19.7812528 ], [ 82.5792187, 19.8073777 ], [ 82.598390199999983, 19.8714899 ], [ 82.551908599999976, 19.8742445 ], [ 82.5375151, 19.8873011 ], [ 82.5306866, 19.8779684 ], [ 82.5018517, 19.9024592 ], [ 82.44711359999998, 19.907946 ], [ 82.3964355, 19.8867771 ], [ 82.34709549999998, 19.8350154 ], [ 82.305854299999979, 19.888361 ], [ 82.2692952, 19.9762549 ], [ 82.238217, 20.0026952 ], [ 82.1860586, 19.9826697 ], [ 82.1734142, 20.0026936 ], [ 82.1236704, 20.0148573 ], [ 82.065458799999973, 20.0541872 ], [ 82.0319735, 20.0143982 ], [ 82.017506699999984, 20.0490709 ], [ 81.821949100000012, 20.2008397 ], [ 81.7579932, 20.4302718 ], [ 81.6712961, 20.513987 ], [ 81.5579086, 20.5346756 ], [ 81.3615797, 20.5317257 ], [ 81.143844799999982, 20.4410992 ], [ 81.014690699999989, 20.4274352 ], [ 80.854348899999977, 20.374919 ], [ 80.781834, 20.3266653 ], [ 80.6236685, 20.3279082 ], [ 80.592984299999969, 20.3976321 ], [ 80.6104001, 20.4352322 ], [ 80.6292575, 20.6055844 ], [ 80.574209199999984, 20.6140552 ], [ 80.5187697, 20.5867435 ], [ 80.4884419, 20.6186409 ], [ 80.514458099999985, 20.656105 ], [ 80.587020699999982, 20.685182 ], [ 80.5627579, 20.7240336 ], [ 80.5532201, 20.8041522 ], [ 80.5064518, 20.8071554 ], [ 80.4028562, 20.7831348 ], [ 80.273264, 20.6800096 ], [ 80.092261400000012, 20.6619813 ], [ 79.756105, 20.704393 ], [ 79.5363561, 20.6856242 ], [ 79.3362422, 20.6301232 ], [ 79.207341599999978, 20.574751 ], [ 79.0916686, 20.4889395 ], [ 79.001397599999976, 20.4761995 ], [ 78.9049417, 20.4329499 ], [ 78.7722642, 20.255074 ], [ 78.862696299999982, 20.0921033 ], [ 78.9352342, 19.8737904 ], [ 78.8497196, 19.7601032 ], [ 78.864228, 19.6575682 ], [ 78.9597531, 19.6647629 ], [ 78.9861234, 19.5865827 ], [ 78.960138599999979, 19.5533511 ], [ 78.99847859999997, 19.5635866 ], [ 79.0240183, 19.5415684 ], [ 79.057233599999975, 19.5469066 ], [ 79.0691128, 19.5329192 ], [ 79.1086376, 19.5296684 ], [ 79.1105361, 19.5144811 ], [ 79.146096699999987, 19.5029108 ], [ 79.183689, 19.4625898 ], [ 79.228882599999977, 19.4697411 ], [ 79.212781, 19.4935581 ], [ 79.2425752, 19.5286683 ], [ 79.2498048, 19.6142913 ], [ 79.310842699999981, 19.5919956 ], [ 79.3202862, 19.5674206 ], [ 79.375117499999988, 19.5731779 ], [ 79.4197607, 19.5355356 ], [ 79.447447, 19.5355998 ], [ 79.4766576, 19.4996248 ], [ 79.5196798, 19.5202664 ], [ 79.5212536, 19.5441167 ], [ 79.5489583, 19.550705 ], [ 79.5588111, 19.5222824 ], [ 79.6044236, 19.5060849 ], [ 79.627762599999983, 19.5673534 ], [ 79.7193832, 19.585657 ], [ 79.7468048, 19.6054719 ], [ 79.7727899, 19.6025189 ], [ 79.823153800000014, 19.571483099999988 ], [ 79.834800099999981, 19.5395436 ], [ 79.9469122, 19.4672986 ], [ 79.979804499999986, 19.4039525 ], [ 79.9685778, 19.3005784 ], [ 79.926948400000015, 19.2295692 ], [ 79.9500388, 19.1738809 ], [ 79.8648143, 19.1073896 ], [ 79.866373399999986, 19.038035 ], [ 79.922954699999977, 19.0508107 ], [ 79.9413559, 19.0252129 ], [ 79.9459439, 18.862689 ], [ 79.9324545, 18.8413608 ], [ 79.9009182, 18.8346388 ], [ 79.9160525, 18.8105387 ], [ 79.9389589, 18.7883455 ], [ 80.0194066, 18.7708128 ], [ 80.053475800000015, 18.7250845 ], [ 80.1180102, 18.680523 ], [ 80.165325799999977, 18.7003066 ], [ 80.196214399999988, 18.6800201 ], [ 80.209171900000015, 18.7018614 ], [ 80.2539599, 18.7057828 ], [ 80.274847799999989, 18.7224368 ], [ 80.3492879, 18.5912349 ], [ 80.369967099999982, 18.6085406 ], [ 80.3890275, 18.5984363 ], [ 80.4577056, 18.6312184 ], [ 80.51825, 18.6206439 ], [ 80.539580799999982, 18.591119 ], [ 80.640358400000011, 18.5241542 ], [ 80.658499399999982, 18.477699 ], [ 80.7066595, 18.441556 ], [ 80.6987928, 18.4249296 ], [ 80.734353599999963, 18.4146263 ], [ 80.7240757, 18.3886083 ], [ 80.752495199999984, 18.308033 ], [ 80.796219399999984, 18.2557879 ], [ 80.741203599999977, 18.2247835 ], [ 80.742515699999984, 18.1777928 ], [ 80.805942399999978, 18.1724696 ], [ 80.837566600000017, 18.2402179 ], [ 80.867097, 18.23215 ], [ 80.8755066, 18.2134613 ], [ 80.8562076, 18.2038507 ], [ 80.8700768, 18.1390073 ], [ 80.90882329999998, 18.1410586 ], [ 80.9817874, 18.1745687 ], [ 80.952115, 18.0875664 ], [ 80.974151, 18.0501192 ], [ 81.0209331, 17.8238124 ], [ 81.0460418, 17.7934735 ], [ 81.074224500000014, 17.7915111 ], [ 81.1060991, 17.8243559 ], [ 81.167961499999976, 17.8599161 ], [ 81.1847956, 17.8564367 ], [ 81.503161, 17.4876226 ], [ 81.606665899999967, 17.4014631 ], [ 81.654919699999979, 17.3022218 ], [ 81.6651705, 17.1880003 ], [ 81.7385679, 17.034641 ], [ 81.7375434, 16.9144825 ], [ 81.9502561, 17.0853204 ], [ 82.384353799999971, 17.5243692 ], [ 82.279252, 17.6138125 ], [ 82.1414159, 17.635838599999989 ], [ 82.0387402, 17.6365136 ], [ 81.9542614, 17.741194 ], [ 81.956644599999976, 17.814255 ], [ 82.0069886, 17.8808705 ], [ 81.988991900000016, 18.0194085 ], [ 82.0101946, 18.0317919 ], [ 82.015151499999988, 18.0572829 ], [ 82.0331628, 18.0659716 ], [ 82.068241899999975, 18.0532811 ], [ 82.0807163, 18.073781 ], [ 82.100872, 18.0609533 ], [ 82.121780199999989, 18.0660351 ], [ 82.140906, 18.0438979 ], [ 82.1722754, 18.0499339 ], [ 82.1859673, 18.0189607 ], [ 82.245534, 18.0005141 ], [ 82.250283299999964, 17.9882977 ], [ 82.2758266, 17.9949979 ], [ 82.2754742, 18.0567069 ], [ 82.3064187, 18.0704039 ], [ 82.321748899999989, 18.043285 ], [ 82.325834, 18.057025 ], [ 82.344867499999978, 18.0557904 ], [ 82.3418492, 18.1507156 ], [ 82.3660536, 18.1335057 ], [ 82.3736321, 18.1480455 ], [ 82.3571858, 18.1701443 ], [ 82.31874449999998, 18.1828398 ], [ 82.314534099999989, 18.2038456 ], [ 82.3412475, 18.2239744 ], [ 82.3297309, 18.2306129 ], [ 82.345282, 18.2743247 ], [ 82.3802809, 18.2822176 ], [ 82.4013843, 18.3145149 ], [ 82.3927282, 18.3267442 ], [ 82.3571261, 18.3141786 ], [ 82.342801, 18.3251081 ], [ 82.3927586, 18.3770565 ], [ 82.369595, 18.4177388 ], [ 82.482238799999976, 18.5445502 ], [ 82.5073965, 18.5095791 ], [ 82.531375799999964, 18.511778 ], [ 82.5244014, 18.4638185 ], [ 82.53843569999998, 18.4423034 ], [ 82.562046, 18.445666 ], [ 82.543473899999981, 18.397654 ], [ 82.6088204, 18.376928700000011 ], [ 82.6196103, 18.3547342 ], [ 82.6048424, 18.3491366 ], [ 82.61049, 18.3255806 ], [ 82.5847941, 18.3151205 ], [ 82.5992975, 18.3003075 ], [ 82.589116799999985, 18.2784951 ], [ 82.635278099999979, 18.237278 ], [ 82.6536878, 18.2489802 ], [ 82.6671853, 18.2950644 ], [ 82.775376599999973, 18.339581 ], [ 82.8015694, 18.403376 ], [ 82.784478599999986, 18.4280214 ], [ 82.8074204, 18.4477194 ], [ 82.826600499999984, 18.4468694 ], [ 82.8531741, 18.4182029 ], [ 82.892867, 18.4212328 ], [ 82.911035499999969, 18.3645222 ], [ 82.984706399999979, 18.363619 ], [ 83.0254213, 18.3931955 ], [ 83.04521339999998, 18.378583 ], [ 83.061629599999989, 18.3840502 ], [ 83.074715700000013, 18.4009973 ], [ 83.068028, 18.437276 ], [ 83.0456554, 18.4275948 ], [ 83.0455146, 18.4434464 ], [ 83.0236184, 18.4529931 ], [ 83.097462799999988, 18.546379 ], [ 83.05931889999998, 18.5433361 ], [ 83.0406156, 18.5562683 ], [ 83.0349872, 18.5762896 ], [ 83.0620694, 18.5947949 ], [ 83.0492076, 18.6050153 ], [ 83.0358102, 18.5905673 ], [ 83.0161704, 18.5966865 ], [ 83.029356299999989, 18.618688799999987 ], [ 83.0196302, 18.6471993 ], [ 83.0590554, 18.6623458 ], [ 83.140961599999983, 18.7804988 ], [ 83.209710899999962, 18.7504022 ], [ 83.2130701, 18.7240917 ], [ 83.2273761, 18.7739616 ], [ 83.274073199999989, 18.7652246 ], [ 83.287446699999975, 18.7977699 ], [ 83.3309574, 18.806472 ], [ 83.366786399999981, 18.8401669 ], [ 83.380733, 18.8294108 ], [ 83.404196, 18.8389093 ], [ 83.4137202, 18.8734754 ], [ 83.3817631, 18.8939805 ], [ 83.39176249999997, 18.9077461 ], [ 83.364376099999987, 18.912831 ], [ 83.3557677, 18.9400889 ], [ 83.3880886, 18.931289 ], [ 83.35360679999998, 18.9649862 ], [ 83.3492155, 18.9263708 ], [ 83.336880900000011, 18.9248659 ], [ 83.326367599999983, 18.9415305 ], [ 83.340308, 18.951273 ], [ 83.313126099999977, 18.9974612 ], [ 83.3370208, 18.9959904 ], [ 83.3541678, 19.0176755 ], [ 83.370153300000013, 19.0025723 ], [ 83.4166521, 19.0040734 ], [ 83.4165945, 18.9878057 ], [ 83.463286699999983, 18.9536329 ], [ 83.456300299999981, 19.007552 ], [ 83.484429099999986, 19.0120099 ], [ 83.464462799999964, 19.0639152 ], [ 83.4809957, 19.0855476 ], [ 83.5013877, 19.0609487 ], [ 83.513144, 19.0726182 ], [ 83.5214305, 19.0327149 ], [ 83.501315300000016, 19.0347184 ], [ 83.5031746, 19.019038 ], [ 83.5391474, 19.0134169 ], [ 83.5600295, 19.055127 ], [ 83.5541575, 19.0817054 ], [ 83.565375599999982, 19.0593124 ], [ 83.5864956, 19.0577488 ], [ 83.592140599999979, 19.0876268 ], [ 83.61211990000001, 19.0960886 ], [ 83.60198819999998, 19.128161 ], [ 83.628823599999976, 19.1597033 ], [ 83.8586901, 19.3498276 ], [ 83.922383400000029, 19.4259441 ], [ 83.9890512, 19.5992163 ], [ 84.0511673, 19.6169885 ], [ 84.215100099999987, 19.6075669 ], [ 84.299678, 19.8434807 ], [ 84.382336899999984, 19.8556644 ], [ 84.450249, 19.8877046 ], [ 84.4667162, 20.0721037 ], [ 84.531765399999983, 20.167468 ], [ 84.6321256, 20.2373886 ], [ 84.6893019, 20.2502044 ], [ 84.820732100000015, 20.31902950000001 ], [ 84.9465129, 20.5096467 ], [ 85.0318583, 20.5798331 ], [ 85.1416177, 20.6101852 ], [ 85.4018437, 20.5231005 ], [ 85.658251299999989, 20.5964023 ], [ 85.916026899999977, 20.69358 ], [ 86.001341099999976, 20.7486356 ], [ 86.0439588, 20.8881956 ], [ 86.106712, 21.0123272 ], [ 86.4179534, 21.3307218 ], [ 86.551959, 21.5150445 ], [ 86.6432703, 21.5695409 ], [ 86.802284899999975, 21.6209435 ], [ 87.0069614, 21.6456881 ], [ 87.0936087, 21.7050215 ], [ 87.2518767, 21.8536775 ], [ 87.2393364, 21.9002388 ], [ 87.256588900000011, 21.925571 ], [ 87.2393852, 21.9589257 ], [ 87.199685099999982, 21.9581058 ], [ 87.172041899999982, 21.9779188 ], [ 87.162913099999983, 21.9351327 ], [ 87.098214199999987, 21.9125072 ], [ 87.099293199999977, 21.865032 ], [ 87.034967199999983, 21.8699838 ], [ 87.0027209, 21.9121011 ], [ 87.0390642, 21.9936537 ], [ 87.030826300000015, 22.0331502 ], [ 86.9718961, 22.0820622 ], [ 86.8369667, 22.0993747 ], [ 86.8021048, 22.1303405 ], [ 86.7953419, 22.1581063 ], [ 86.7205288, 22.147647 ], [ 86.7260606, 22.2208795 ], [ 86.6563056, 22.2372012 ], [ 86.650743, 22.2653291 ], [ 86.596166699999969, 22.2787512 ], [ 86.5837072, 22.3016975 ], [ 86.5376657, 22.3020533 ], [ 86.5052857, 22.3447393 ], [ 86.4437681, 22.3271659 ], [ 86.4387337, 22.3053645 ], [ 86.3581916, 22.3491463 ], [ 86.2853475, 22.4490672 ], [ 86.2259788, 22.4526041 ], [ 86.2237931, 22.4716955 ], [ 86.1130251, 22.4883195 ], [ 86.074943699999977, 22.5463842 ] ] ] } },
{ "type": "Feature", "properties": { "FEATURE_ID": "AESR_14_2_P01", "AESR_UID": "AESR_14_2", "aesr_code": "14.2", "PART_NO": 1, "NPARTS": 1, "aer_code": 14, "subregion": "South Kashmir and Kumaun Himalayas", "SOIL_GRP": "Forest/Podzolic", "CLIM_STD": "Dry subhumid to Moist subhumid", "LGP_ORDER": 6, "lgp_ref": "150-210 days", "AWC_REF": "Medium", "AREA_KM2": 97011.296138379737 }, "geometry": { "type": "Polygon", "coordinates": [ [ [ 78.3638523, 29.7805505 ], [ 78.500159299999964, 29.7356007 ], [ 78.791686399999989, 29.685558900000011 ], [ 79.1381388, 29.5315241 ], [ 79.2253638, 29.5392359 ], [ 79.333164799999963, 29.5869625 ], [ 79.3623059, 29.5798123 ], [ 79.4291444, 29.5110114 ], [ 79.483252, 29.4893865 ], [ 79.6451158, 29.5443415 ], [ 79.703355599999981, 29.5226531 ], [ 79.8281678, 29.4174262 ], [ 79.8947667, 29.2211518 ], [ 79.9445438, 29.14844380000001 ], [ 80.010827899999981, 29.1157202 ], [ 80.1444354, 29.0922803 ], [ 80.185280299999974, 29.1318515 ], [ 80.240315099999989, 29.1188055 ], [ 80.273624, 29.1443727 ], [ 80.25414, 29.219151799999985 ], [ 80.302252, 29.1984227 ], [ 80.316636099999968, 29.3225103 ], [ 80.285414099999983, 29.343723 ], [ 80.277559200000013, 29.3940813 ], [ 80.248913499999972, 29.408070400000014 ], [ 80.2463266, 29.4407394 ], [ 80.280475199999984, 29.4573588 ], [ 80.302929599999985, 29.4503797 ], [ 80.2920404, 29.4693692 ], [ 80.302710599999983, 29.4858727 ], [ 80.315995499999971, 29.480672299999984 ], [ 80.353478699999968, 29.5165521 ], [ 80.351421, 29.5505293 ], [ 80.397563, 29.5706654 ], [ 80.4137768, 29.597776300000014 ], [ 80.4237796, 29.640705 ], [ 80.3948078, 29.668714 ], [ 80.374004099999979, 29.7489406 ], [ 80.4021694, 29.759785 ], [ 80.4100519, 29.789726399999989 ], [ 80.438139, 29.8052872 ], [ 80.4964764, 29.7961387 ], [ 80.5608606, 29.8622973 ], [ 80.5725139, 29.9230714 ], [ 80.6003444, 29.9535537 ], [ 80.6815571, 29.9606488 ], [ 80.7210905, 29.9994171 ], [ 80.744308499999988, 30.0020707 ], [ 80.769269599999987, 30.0553416 ], [ 80.8747778, 30.130504499999986 ], [ 80.8679019, 30.1719374 ], [ 80.902826499999989, 30.2160386 ], [ 80.9178627, 30.215314 ], [ 80.9203728, 30.186036 ], [ 80.9366809, 30.1765855 ], [ 81.0429604, 30.1985383 ], [ 81.033961599999984, 30.2473623 ], [ 80.825707, 30.31435669999998 ], [ 80.7520235, 30.392515199999977 ], [ 80.5988405, 30.4815927 ], [ 80.581018099999966, 30.4829645 ], [ 80.5410574, 30.4486587 ], [ 80.504331899999968, 30.4834808 ], [ 80.4381726, 30.4999928 ], [ 80.4152186, 30.5255082 ], [ 80.382944900000012, 30.5212047 ], [ 80.32031259999998, 30.5618418 ], [ 80.2678799, 30.5694991 ], [ 80.2549212, 30.559727399999982 ], [ 80.2304428, 30.5733718 ], [ 80.2132852, 30.6174835 ], [ 80.2237753, 30.6394457 ], [ 80.1953583, 30.6642259 ], [ 80.234665600000014, 30.6916299 ], [ 80.252270700000011, 30.7321037 ], [ 80.2388672, 30.7585113 ], [ 80.205473899999987, 30.758218799999987 ], [ 80.1723461, 30.8071818 ], [ 80.118174, 30.7740814 ], [ 80.059197699999984, 30.83844 ], [ 79.974968099999984, 30.8800358 ], [ 79.9301868, 30.8866803 ], [ 79.889912399999986, 30.9249166 ], [ 79.8673113, 30.9747415 ], [ 79.8202348, 30.972277 ], [ 79.753366599999978, 31.000621399999989 ], [ 79.7293464, 30.98016380000001 ], [ 79.6668164, 30.978879699999986 ], [ 79.6646105, 30.965097 ], [ 79.6046966, 30.9373874 ], [ 79.54812889999998, 30.9677476 ], [ 79.5528837, 30.9858346 ], [ 79.5346797, 30.9897737 ], [ 79.5165138, 31.0337082 ], [ 79.4282889, 31.0321274 ], [ 79.397201799999976, 31.1129854 ], [ 79.340446, 31.1244681 ], [ 79.300305299999977, 31.1647886 ], [ 79.2883213, 31.225474 ], [ 79.249427499999982, 31.248797199999988 ], [ 79.2646271, 31.2893274 ], [ 79.2373173, 31.332118699999985 ], [ 79.144696700000011, 31.4336565 ], [ 79.072630299999972, 31.467233899999989 ], [ 79.0053, 31.3567484 ], [ 78.940912199999985, 31.3266604 ], [ 78.9244463, 31.2537937 ], [ 78.9309901, 31.220011199999988 ], [ 78.998928, 31.147191 ], [ 78.993834599999985, 31.0843749 ], [ 78.7633607, 31.1214348 ], [ 78.3910897, 31.253412199999978 ], [ 77.830385299999989, 31.493133 ], [ 77.737408899999977, 31.6462707 ], [ 77.746970699999977, 31.7380424 ], [ 77.8015386, 31.84004 ], [ 77.7998632, 31.9316114 ], [ 77.626345199999975, 32.1316056 ], [ 77.1567645, 32.355399 ], [ 76.9792874, 32.419669 ], [ 76.760320799999988, 32.5406952 ], [ 76.2420798, 32.93868 ], [ 75.8756721, 33.1463254 ], [ 75.643704299999982, 33.241344199999986 ], [ 75.448232499999989, 33.4186496 ], [ 75.2897969, 33.5150962 ], [ 75.1638992, 33.6506957 ], [ 74.9805615, 33.9139182 ], [ 74.453635299999988, 34.4770639 ], [ 73.8919281, 34.8190859 ], [ 73.843772, 34.815810899999988 ], [ 73.821147099999976, 34.7959649 ], [ 73.7738044, 34.7968786 ], [ 73.731406, 34.7714571 ], [ 73.6674535, 34.6846584 ], [ 73.6669435, 34.6661388 ], [ 73.696242199999986, 34.654053 ], [ 73.660193799999988, 34.610437200000014 ], [ 73.650864700000014, 34.5682704 ], [ 73.557359299999987, 34.593447499999989 ], [ 73.523013400000011, 34.5747085 ], [ 73.4477522, 34.574233899999975 ], [ 73.4201843, 34.4177671 ], [ 73.390843300000014, 34.374668299999975 ], [ 73.4250552, 34.3534644 ], [ 73.453821600000012, 34.2783021 ], [ 73.467786299999986, 34.2960323 ], [ 73.478584199999972, 34.2906312 ], [ 73.4700363, 34.2517658 ], [ 73.493082899999976, 34.2201593 ], [ 73.489013799999981, 34.1447679 ], [ 73.5164875, 34.000529 ], [ 73.5899047, 33.8843455 ], [ 73.5583815, 33.7835977 ], [ 73.5912913, 33.754154700000015 ], [ 73.59763, 33.7162491 ], [ 73.5631694, 33.6758999 ], [ 73.5613722, 33.621470599999981 ], [ 73.6037536, 33.6076307 ], [ 73.6331227, 33.5335144 ], [ 73.596553, 33.500482300000016 ], [ 73.624907199999967, 33.4575598 ], [ 73.5879202, 33.4435383 ], [ 73.5914244, 33.4221791 ], [ 73.5585372, 33.368445300000012 ], [ 73.565825899999979, 33.3425136 ], [ 73.5908348, 33.3369462 ], [ 73.5820625, 33.326498799999989 ], [ 73.604092, 33.2952952 ], [ 73.60563, 33.2517061 ], [ 73.628745, 33.215715 ], [ 73.6409206, 33.2267698 ], [ 73.657687199999984, 33.208078500000013 ], [ 73.6564449, 33.1692517 ], [ 73.6260974, 33.1400456 ], [ 73.627892299999985, 33.0899115 ], [ 73.688552, 33.0884444 ], [ 73.735265899999987, 33.0666582 ], [ 73.7433586, 33.0393544 ], [ 73.788706, 32.9984752 ], [ 73.7864505, 32.9657384 ], [ 73.808344600000012, 32.9725376 ], [ 73.8296287, 33.0074494 ], [ 73.958326, 32.9869508 ], [ 73.9972835, 32.9601666 ], [ 73.988260199999985, 32.9357377 ], [ 74.048559399999988, 32.9323522 ], [ 74.0599836, 32.9093078 ], [ 74.178217, 32.8830021 ], [ 74.2173729, 32.8452703 ], [ 74.3017545, 32.823309 ], [ 74.309242400000016, 32.7925368 ], [ 74.3707946, 32.759008 ], [ 74.406494399999985, 32.7827461 ], [ 74.454510899999988, 32.784423 ], [ 74.501286600000014, 32.760381200000012 ], [ 74.5093503, 32.7387105 ], [ 74.5569678, 32.7571388 ], [ 74.5755805, 32.7450359 ], [ 74.6310574, 32.74686890000001 ], [ 74.6315104, 32.774338799999988 ], [ 74.6538967, 32.7812601 ], [ 74.6359883, 32.8134977 ], [ 74.7013612, 32.8350768 ], [ 74.650385499999985, 32.6982811 ], [ 74.6926774, 32.6548213 ], [ 74.6347854, 32.6026189 ], [ 74.6520994, 32.559256 ], [ 74.668223199999971, 32.5594826 ], [ 74.6630691, 32.5359901 ], [ 74.688531, 32.524993500000015 ], [ 74.6851616, 32.4819891 ], [ 74.7936965, 32.4689383 ], [ 74.817373, 32.4887956 ], [ 74.876501199999979, 32.482538500000018 ], [ 74.895647499999981, 32.4614216 ], [ 74.93607489999998, 32.4626361 ], [ 74.9504432, 32.4405244 ], [ 75.0045569, 32.4523272 ], [ 75.0305992, 32.4928834 ], [ 75.089815299999984, 32.4642843 ], [ 75.1080589, 32.4731588 ], [ 75.1370389, 32.4249814 ], [ 75.132435799999982, 32.4027057 ], [ 75.1896957, 32.419948199999979 ], [ 75.198762299999984, 32.3916116 ], [ 75.2550086, 32.3850184 ], [ 75.258920099999983, 32.364776300000017 ], [ 75.2853984, 32.3668597 ], [ 75.3046067, 32.3381781 ], [ 75.3247125, 32.341285899999988 ], [ 75.341538799999981, 32.3200741 ], [ 75.328003100000018, 32.295972 ], [ 75.3821238, 32.2692537 ], [ 75.3743148, 32.227495399999981 ], [ 75.3484047, 32.2196215 ], [ 75.606220099999987, 32.0835577 ], [ 75.5936438, 32.0814396 ], [ 75.613410099999982, 32.0656951 ], [ 75.6643007, 32.076770399999987 ], [ 75.704757, 32.0610231 ], [ 75.7991641, 31.9935301 ], [ 75.909423299999986, 31.9487288 ], [ 75.9861435, 31.813164 ], [ 75.9364491, 31.8158852 ], [ 76.017094, 31.6449184 ], [ 76.0583462, 31.6012479 ], [ 76.1675266, 31.4118072 ], [ 76.1489302, 31.359538399999987 ], [ 76.180204799999984, 31.3391615 ], [ 76.186663199999984, 31.3043901 ], [ 76.2750687, 31.3033363 ], [ 76.3100449, 31.3166708 ], [ 76.3099583, 31.3397118 ], [ 76.3506898, 31.3504414 ], [ 76.3299546, 31.3999009 ], [ 76.3733362, 31.41309540000001 ], [ 76.3773651, 31.4388352 ], [ 76.4045445, 31.3947259 ], [ 76.393388799999983, 31.3885687 ], [ 76.4623014, 31.3031911 ], [ 76.4451269, 31.2800584 ], [ 76.480751199999986, 31.307384399999982 ], [ 76.502593, 31.270506 ], [ 76.5282971, 31.2801606 ], [ 76.5320865, 31.2593677 ], [ 76.5512143, 31.2809954 ], [ 76.5489303, 31.2523757 ], [ 76.584567099999987, 31.277143700000011 ], [ 76.615641, 31.2478334 ], [ 76.594555699999972, 31.2132596 ], [ 76.6302636, 31.2263247 ], [ 76.6481259, 31.2121823 ], [ 76.6042851, 31.1797278 ], [ 76.6031127, 31.1245167 ], [ 76.6395219, 31.106985 ], [ 76.6126275, 31.0502802 ], [ 76.6236435, 31.0009073 ], [ 76.6761841, 30.96769440000001 ], [ 76.7261715, 30.9599032 ], [ 76.783370599999984, 30.902756 ], [ 76.8237678, 30.9267058 ], [ 76.8292723, 30.892308299999989 ], [ 76.8659395, 30.8669087 ], [ 76.915747699999983, 30.8934158 ], [ 76.967217, 30.8072566 ], [ 76.9925397, 30.7948111 ], [ 77.0114615, 30.8102883 ], [ 77.0020433, 30.773049 ], [ 77.026473199999984, 30.7381354 ], [ 77.0471229, 30.7513256 ], [ 77.090262199999984, 30.7406062 ], [ 77.1651183, 30.686234 ], [ 77.1707098, 30.5951984 ], [ 77.124622399999978, 30.5629656 ], [ 77.144175599999983, 30.5371386 ], [ 77.198456099999987, 30.5214444 ], [ 77.2156455, 30.4758505 ], [ 77.2648769, 30.4798811 ], [ 77.276642299999978, 30.4621133 ], [ 77.32376, 30.449003 ], [ 77.359172499999971, 30.4572528 ], [ 77.413660299999989, 30.4140266 ], [ 77.4637313, 30.4604896 ], [ 77.4664935, 30.4355956 ], [ 77.4289645, 30.4080837 ], [ 77.4480188, 30.3989157 ], [ 77.499955599999979, 30.4078059 ], [ 77.523039, 30.4440235 ], [ 77.5784544, 30.3799948 ], [ 77.5881203, 30.4068567 ], [ 77.6474062, 30.4059518 ], [ 77.7239095, 30.33372390000001 ], [ 77.9299536, 30.2509348 ], [ 77.9948769, 30.1893145 ], [ 78.0990139, 30.0269021 ], [ 78.3135497, 29.8596124 ], [ 78.3638523, 29.7805505 ] ], [ [ 77.259956599999981, 31.005953199999983 ], [ 77.1405849, 31.0727567 ], [ 76.98972329999998, 31.2149598 ], [ 76.4888393, 31.773320499999983 ], [ 76.3073424, 31.8923293 ], [ 76.0277242, 32.272607 ], [ 75.9907092, 32.362024399999989 ], [ 75.987317499999989, 32.463060699999986 ], [ 76.126472199999981, 32.5060788 ], [ 76.2158782, 32.5081381 ], [ 76.383128399999975, 32.472148 ], [ 76.512508, 32.4171429 ], [ 76.6640386, 32.326361700000014 ], [ 76.9251637, 32.0965772 ], [ 77.0347341, 31.9576101 ], [ 77.057609, 31.889324 ], [ 77.1230554, 31.8109211 ], [ 77.196288699999968, 31.757930299999984 ], [ 77.42691, 31.464993 ], [ 77.507866, 31.4300431 ], [ 77.670404599999983, 31.3201983 ], [ 77.722162699999984, 31.2593669 ], [ 77.7453934, 31.1437893 ], [ 77.7046564, 31.0352771 ], [ 77.596979299999987, 30.9822626 ], [ 77.259956599999981, 31.005953199999983 ] ], [ [ 78.655234599999986, 30.367106 ], [ 78.2907272, 30.3999644 ], [ 78.1600638, 30.4602152 ], [ 77.9544164, 30.4867811 ], [ 77.8257345, 30.53304940000001 ], [ 77.8168123, 30.55880680000001 ], [ 77.7708199, 30.560646800000011 ], [ 77.7431008, 30.5934886 ], [ 77.748400799999985, 30.6032727 ], [ 77.768034, 30.5958383 ], [ 77.770251, 30.6154223 ], [ 77.7956536, 30.6144429 ], [ 77.7820021, 30.6465999 ], [ 77.792774799999989, 30.6588819 ], [ 77.747167, 30.681007 ], [ 77.7548898, 30.705839700000013 ], [ 77.7054176, 30.7435446 ], [ 77.7021657, 30.7639415 ], [ 77.7584223, 30.8251049 ], [ 77.7455035, 30.8460508 ], [ 77.755873599999973, 30.8735776 ], [ 77.8034739, 30.853792 ], [ 77.7995793, 30.8886399 ], [ 77.8150351, 30.9080134 ], [ 77.8075744, 30.9212703 ], [ 77.7597712, 30.9176265 ], [ 77.750576099999989, 30.9589523 ], [ 77.778161399999988, 30.9723469 ], [ 77.8314232, 30.948867100000012 ], [ 77.810711099999978, 30.9651428 ], [ 77.8279543, 30.994251 ], [ 77.810368, 31.010686499999984 ], [ 78.0215061, 30.9988207 ], [ 78.1819709, 30.9572 ], [ 78.503640799999985, 30.7864905 ], [ 78.7182586, 30.7411893 ], [ 78.8193715, 30.7020714 ], [ 78.8537553, 30.615291100000015 ], [ 78.8420921, 30.4695334 ], [ 78.655234599999986, 30.367106 ] ] ] } },
{ "type": "Feature", "properties": { "FEATURE_ID": "AESR_15_3_P02", "AESR_UID": "AESR_15_3", "aesr_code": "15.3", "PART_NO": 2, "NPARTS": 2, "aer_code": 15, "subregion": "Teesta lower Brahmaputra Plain and Barak Valley", "SOIL_GRP": "Alluvial", "CLIM_STD": "Perhumid", "LGP_ORDER": 9, "lgp_ref": "270 - 300 days", "AWC_REF": "Medium", "AREA_KM2": 10954.798471050328 }, "geometry": { "type": "MultiPolygon", "coordinates": [ [ [ [ 88.4267345, 26.6950168 ], [ 88.3599384, 26.7295391 ], [ 88.188821, 26.743487 ], [ 88.1597267, 26.6356922 ], [ 88.1404693, 26.6224309 ], [ 88.132584, 26.5739882 ], [ 88.1065963, 26.5552506 ], [ 88.1118038, 26.5356545 ], [ 88.152087699999981, 26.5108118 ], [ 88.1749823, 26.5371889 ], [ 88.2212299, 26.5354384 ], [ 88.2220794, 26.5571113 ], [ 88.237869099999983, 26.5518177 ], [ 88.2399842, 26.5322271 ], [ 88.185677699999985, 26.4904257 ], [ 88.200372399999978, 26.4718894 ], [ 88.2328119, 26.476118 ], [ 88.221912499999988, 26.4656038 ], [ 88.240433, 26.4461339 ], [ 88.269589099999976, 26.4809994 ], [ 88.3592035, 26.5095038 ], [ 88.3840449, 26.5944377 ], [ 88.4048858, 26.6015698 ], [ 88.393727699999985, 26.6132646 ], [ 88.417281099999983, 26.6299087 ], [ 88.43713790000001, 26.5472578 ], [ 88.483657599999987, 26.5418496 ], [ 88.5727424, 26.4579523 ], [ 88.5988906, 26.4533052 ], [ 88.603074399999983, 26.4696101 ], [ 88.6261643, 26.4699413 ], [ 88.632863599999979, 26.4353672 ], [ 88.704813099999981, 26.3886001 ], [ 88.6927022, 26.3743409 ], [ 88.706328699999986, 26.3367105 ], [ 88.7473503, 26.3525873 ], [ 88.7524972, 26.3288261 ], [ 88.732184199999978, 26.3152269 ], [ 88.697553899999988, 26.3151045 ], [ 88.694979800000013, 26.3284219 ], [ 88.679982, 26.3197686 ], [ 88.705797, 26.2902365 ], [ 88.673569299999983, 26.2917263 ], [ 88.675681, 26.265274 ], [ 88.743775899999989, 26.29016 ], [ 88.756507099999965, 26.3100999 ], [ 88.77984859999998, 26.2990936 ], [ 88.805431700000028, 26.3082055 ], [ 88.824008699999979, 26.2944748 ], [ 88.8261118, 26.2515211 ], [ 88.8519709, 26.2325855 ], [ 88.885191599999985, 26.2368728 ], [ 88.867199499999984, 26.2556945 ], [ 88.8788553, 26.2858164 ], [ 88.9250563, 26.285661 ], [ 88.9720172, 26.2412324 ], [ 89.049188799999982, 26.2408915 ], [ 89.064086699999976, 26.2546878 ], [ 89.057490899999976, 26.2957576 ], [ 89.0444904, 26.2818832 ], [ 89.026084899999972, 26.3089693 ], [ 89.0183124, 26.2915001 ], [ 88.9904822, 26.3061385 ], [ 89.004263699999981, 26.3251565 ], [ 88.9856566, 26.3509021 ], [ 88.969600599999978, 26.3504102 ], [ 88.962874, 26.3323214 ], [ 88.957785, 26.3641714 ], [ 88.921149299999982, 26.3629823 ], [ 88.9153418, 26.4045658 ], [ 88.967724100000012, 26.4588738 ], [ 88.9880522, 26.4438409 ], [ 88.981105, 26.4070852 ], [ 89.0091853, 26.4199661 ], [ 89.0393326, 26.3948059 ], [ 89.097789399999982, 26.3949059 ], [ 89.0853586, 26.3637064 ], [ 89.101809, 26.3406549 ], [ 89.088914599999981, 26.3219756 ], [ 89.1368472, 26.3168644 ], [ 89.124387700000014, 26.2920461 ], [ 89.106552799999989, 26.306361 ], [ 89.1064512, 26.2897797 ], [ 89.148439699999983, 26.2222115 ], [ 89.14082639999998, 26.1854101 ], [ 89.161480699999984, 26.139587399999989 ], [ 89.2242519, 26.1261913 ], [ 89.268367499999982, 26.0929828 ], [ 89.2627926, 26.0661706 ], [ 89.3447794, 26.0167705 ], [ 89.3929613, 26.0089151 ], [ 89.4048992, 26.0361988 ], [ 89.425755799999962, 26.0428448 ], [ 89.4319453, 26.0152448 ], [ 89.4772622, 25.995982 ], [ 89.5416495, 26.0078965 ], [ 89.5540349, 25.966625 ], [ 89.5912583, 25.9795336 ], [ 89.582805599999986, 26.0259842 ], [ 89.6147548, 26.049324 ], [ 89.6067684, 26.0660332 ], [ 89.6256022, 26.0563312 ], [ 89.653352699999985, 26.068285 ], [ 89.6321792, 26.1074643 ], [ 89.61323440000001, 26.0891447 ], [ 89.5982508, 26.1008114 ], [ 89.6306741, 26.1239851 ], [ 89.608329899999987, 26.1209058 ], [ 89.597376400000016, 26.1608071 ], [ 89.61526019999998, 26.161102 ], [ 89.6248658, 26.1816575 ], [ 89.6563744, 26.1693632 ], [ 89.6598209, 26.183364 ], [ 89.6347616, 26.1921943 ], [ 89.6518892, 26.1955842 ], [ 89.6464503, 26.2285805 ], [ 89.696064499999963, 26.2218482 ], [ 89.6773947, 26.2022608 ], [ 89.6987605, 26.1775394 ], [ 89.688664, 26.1679777 ], [ 89.710650799999982, 26.1533494 ], [ 89.7191137, 26.1666587 ], [ 89.748167899999984, 26.1565498 ], [ 89.7699096, 26.1319359 ], [ 89.7650096, 26.1125265 ], [ 89.797423499999979, 26.0883722 ], [ 89.8011897, 26.0586235 ], [ 89.7785207, 26.0354658 ], [ 89.803271099999975, 26.0395447 ], [ 89.7922515, 26.0170428 ], [ 89.813099200000011, 26.0383077 ], [ 89.818635299999983, 25.9889895 ], [ 89.835202599999988, 25.9862649 ], [ 89.835173, 26.0071848 ], [ 89.8715246, 25.9760841 ], [ 89.84473269999998, 25.9722055 ], [ 89.84833, 25.9561367 ], [ 89.831184299999975, 25.9470383 ], [ 89.8870405, 25.9420232 ], [ 89.8404957, 25.8777744 ], [ 89.818845599999989, 25.8170882 ], [ 89.8433798, 25.7610283 ], [ 89.829805, 25.7292784 ], [ 89.856472, 25.7148347 ], [ 89.848002099999988, 25.6904966 ], [ 89.8830517, 25.6214717 ], [ 89.8747448, 25.5571703 ], [ 89.856209299999975, 25.5375078 ], [ 89.856088, 25.4766176 ], [ 89.879389799999984, 25.4915109 ], [ 89.877754199999984, 25.5494686 ], [ 89.9703146, 25.5718424 ], [ 89.9830491, 25.59086 ], [ 90.0059881, 25.584312 ], [ 90.021156799999972, 25.6022979 ], [ 89.9509184, 25.6589414 ], [ 89.8983736, 25.7273494 ], [ 89.8995621, 25.7442201 ], [ 89.932044199999979, 25.7414408 ], [ 89.959363899999985, 25.7745307 ], [ 89.9487607, 25.8245312 ], [ 90.0124712, 25.8468558 ], [ 90.026054799999983, 25.8655373 ], [ 90.008939699999971, 25.8786968 ], [ 90.0462564, 25.8907457 ], [ 90.1228183, 25.9612084 ], [ 90.157529099999977, 25.9646381 ], [ 90.186588299999983, 25.9443759 ], [ 90.212508200000016, 25.9614867 ], [ 90.290584199999984, 25.963792 ], [ 90.32830340000001, 25.97425010000001 ], [ 90.3689673, 26.010145899999983 ], [ 90.4004305, 26.0139558 ], [ 90.4324933, 25.9888467 ], [ 90.4811546, 26.015036 ], [ 90.493428199999983, 26.0094068 ], [ 90.538194499999975, 25.9577766 ], [ 90.514782, 25.8999217 ], [ 90.5291409, 25.900777 ], [ 90.5861338, 25.9595182 ], [ 90.6502012, 26.2260468 ], [ 90.831506599999983, 26.3526806 ], [ 90.8491273, 26.400269 ], [ 90.862267399999979, 26.549232 ], [ 90.4310585, 26.4271657 ], [ 89.8067919, 26.457228 ], [ 89.627217199999976, 26.4208336 ], [ 89.42271, 26.4845119 ], [ 89.315467400000017, 26.4909386 ], [ 89.0368875, 26.5456861 ], [ 88.943267699999964, 26.5730069 ], [ 88.865446799999987, 26.6231422 ], [ 88.4267345, 26.6950168 ] ] ], [ [ [ 88.793967400000014, 26.144494899999987 ], [ 88.7993926, 26.2256651 ], [ 88.7700302, 26.2355536 ], [ 88.7816559, 26.1946444 ], [ 88.762690600000013, 26.171963 ], [ 88.778025299999968, 26.1593531 ], [ 88.7622581, 26.1482297 ], [ 88.7763552, 26.1299419 ], [ 88.793967400000014, 26.144494899999987 ] ] ], [ [ [ 88.6890134, 26.2474729 ], [ 88.671231299999988, 26.250572500000011 ], [ 88.7183461, 26.1758955 ], [ 88.7320756, 26.1883722 ], [ 88.721913799999982, 26.2326606 ], [ 88.699893, 26.224655 ], [ 88.6890134, 26.2474729 ] ] ], [ [ [ 89.599713499999979, 25.9619835 ], [ 89.5760613, 25.9513042 ], [ 89.585202799999976, 25.9339936 ], [ 89.6126474, 25.9433905 ], [ 89.599713499999979, 25.9619835 ] ] ], [ [ [ 88.6615094, 26.2676923 ], [ 88.64636609999998, 26.2849594 ], [ 88.641299699999962, 26.2845764 ], [ 88.645906499999967, 26.2533923 ], [ 88.6615094, 26.2676923 ] ] ] ] } },
{ "type": "Feature", "properties": { "FEATURE_ID": "AESR_12_2_P01", "AESR_UID": "AESR_12_2", "aesr_code": "12.2", "PART_NO": 1, "NPARTS": 1, "aer_code": 12, "subregion": "Eastern Ghats", "SOIL_GRP": "Red/Lateritic", "CLIM_STD": "Moist subhumid", "LGP_ORDER": 6, "lgp_ref": "180-210 days", "AWC_REF": "Medium", "AREA_KM2": 35035.66282519899 }, "geometry": { "type": "Polygon", "coordinates": [ [ [ 86.623205, 20.8184133 ], [ 86.6394942, 21.0398754 ], [ 86.6907695, 21.2837263 ], [ 86.906054599999976, 21.5713636 ], [ 86.98949, 21.6211455 ], [ 86.9906646, 21.6432634 ], [ 86.802284899999975, 21.6209435 ], [ 86.6432703, 21.5695409 ], [ 86.551959, 21.5150445 ], [ 86.4179534, 21.3307218 ], [ 86.106712, 21.0123272 ], [ 86.0439588, 20.8881956 ], [ 86.001341099999976, 20.7486356 ], [ 85.916026899999977, 20.69358 ], [ 85.658251299999989, 20.5964023 ], [ 85.4018437, 20.5231005 ], [ 85.1416177, 20.6101852 ], [ 85.0318583, 20.5798331 ], [ 84.9465129, 20.5096467 ], [ 84.820732100000015, 20.31902950000001 ], [ 84.6893019, 20.2502044 ], [ 84.6321256, 20.2373886 ], [ 84.531765399999983, 20.167468 ], [ 84.4667162, 20.0721037 ], [ 84.450249, 19.8877046 ], [ 84.382336899999984, 19.8556644 ], [ 84.299678, 19.8434807 ], [ 84.215100099999987, 19.6075669 ], [ 84.0511673, 19.6169885 ], [ 83.9890512, 19.5992163 ], [ 83.922383400000029, 19.4259441 ], [ 83.8586901, 19.3498276 ], [ 83.628823599999976, 19.1597033 ], [ 83.60198819999998, 19.128161 ], [ 83.61211990000001, 19.0960886 ], [ 83.592140599999979, 19.0876268 ], [ 83.5864956, 19.0577488 ], [ 83.565375599999982, 19.0593124 ], [ 83.5541575, 19.0817054 ], [ 83.5600295, 19.055127 ], [ 83.5391474, 19.0134169 ], [ 83.5031746, 19.019038 ], [ 83.501315300000016, 19.0347184 ], [ 83.5214305, 19.0327149 ], [ 83.513144, 19.0726182 ], [ 83.5013877, 19.0609487 ], [ 83.4809957, 19.0855476 ], [ 83.464462799999964, 19.0639152 ], [ 83.484429099999986, 19.0120099 ], [ 83.456300299999981, 19.007552 ], [ 83.463286699999983, 18.9536329 ], [ 83.4165945, 18.9878057 ], [ 83.4166521, 19.0040734 ], [ 83.370153300000013, 19.0025723 ], [ 83.3541678, 19.0176755 ], [ 83.3370208, 18.9959904 ], [ 83.313126099999977, 18.9974612 ], [ 83.340308, 18.951273 ], [ 83.326367599999983, 18.9415305 ], [ 83.336880900000011, 18.9248659 ], [ 83.3492155, 18.9263708 ], [ 83.35360679999998, 18.9649862 ], [ 83.3880886, 18.931289 ], [ 83.3557677, 18.9400889 ], [ 83.364376099999987, 18.912831 ], [ 83.39176249999997, 18.9077461 ], [ 83.3817631, 18.8939805 ], [ 83.4137202, 18.8734754 ], [ 83.404196, 18.8389093 ], [ 83.380733, 18.8294108 ], [ 83.366786399999981, 18.8401669 ], [ 83.3309574, 18.806472 ], [ 83.287446699999975, 18.7977699 ], [ 83.274073199999989, 18.7652246 ], [ 83.2273761, 18.7739616 ], [ 83.2130701, 18.7240917 ], [ 83.209710899999962, 18.7504022 ], [ 83.140961599999983, 18.7804988 ], [ 83.0590554, 18.6623458 ], [ 83.0196302, 18.6471993 ], [ 83.029356299999989, 18.618688799999987 ], [ 83.0161704, 18.5966865 ], [ 83.0358102, 18.5905673 ], [ 83.0492076, 18.6050153 ], [ 83.0620694, 18.5947949 ], [ 83.0349872, 18.5762896 ], [ 83.0406156, 18.5562683 ], [ 83.05931889999998, 18.5433361 ], [ 83.097462799999988, 18.546379 ], [ 83.0236184, 18.4529931 ], [ 83.0455146, 18.4434464 ], [ 83.0456554, 18.4275948 ], [ 83.068028, 18.437276 ], [ 83.074715700000013, 18.4009973 ], [ 83.061629599999989, 18.3840502 ], [ 83.04521339999998, 18.378583 ], [ 83.0254213, 18.3931955 ], [ 82.984706399999979, 18.363619 ], [ 82.911035499999969, 18.3645222 ], [ 82.892867, 18.4212328 ], [ 82.8531741, 18.4182029 ], [ 82.826600499999984, 18.4468694 ], [ 82.8074204, 18.4477194 ], [ 82.784478599999986, 18.4280214 ], [ 82.8015694, 18.403376 ], [ 82.775376599999973, 18.339581 ], [ 82.6671853, 18.2950644 ], [ 82.6536878, 18.2489802 ], [ 82.635278099999979, 18.237278 ], [ 82.589116799999985, 18.2784951 ], [ 82.5992975, 18.3003075 ], [ 82.5847941, 18.3151205 ], [ 82.61049, 18.3255806 ], [ 82.6048424, 18.3491366 ], [ 82.6196103, 18.3547342 ], [ 82.6088204, 18.376928700000011 ], [ 82.543473899999981, 18.397654 ], [ 82.562046, 18.445666 ], [ 82.53843569999998, 18.4423034 ], [ 82.5244014, 18.4638185 ], [ 82.531375799999964, 18.511778 ], [ 82.5073965, 18.5095791 ], [ 82.482238799999976, 18.5445502 ], [ 82.369595, 18.4177388 ], [ 82.3927586, 18.3770565 ], [ 82.342801, 18.3251081 ], [ 82.3571261, 18.3141786 ], [ 82.3927282, 18.3267442 ], [ 82.4013843, 18.3145149 ], [ 82.3802809, 18.2822176 ], [ 82.345282, 18.2743247 ], [ 82.3297309, 18.2306129 ], [ 82.3412475, 18.2239744 ], [ 82.314534099999989, 18.2038456 ], [ 82.31874449999998, 18.1828398 ], [ 82.3571858, 18.1701443 ], [ 82.3736321, 18.1480455 ], [ 82.3660536, 18.1335057 ], [ 82.3418492, 18.1507156 ], [ 82.344867499999978, 18.0557904 ], [ 82.325834, 18.057025 ], [ 82.321748899999989, 18.043285 ], [ 82.3064187, 18.0704039 ], [ 82.2754742, 18.0567069 ], [ 82.2790784, 18.006285 ], [ 82.261767499999976, 17.9887359 ], [ 82.1859673, 18.0189607 ], [ 82.168866399999985, 18.051907 ], [ 82.140906, 18.0438979 ], [ 82.135609699999989, 18.059239 ], [ 82.0807163, 18.073781 ], [ 82.068241899999975, 18.0532811 ], [ 82.0331628, 18.0659716 ], [ 82.015151499999988, 18.0572829 ], [ 82.0101946, 18.0317919 ], [ 81.988991900000016, 18.0194085 ], [ 82.0069886, 17.8808705 ], [ 81.956644599999976, 17.814255 ], [ 81.9542614, 17.741194 ], [ 82.0387402, 17.6365136 ], [ 82.1414159, 17.635838599999989 ], [ 82.279252, 17.6138125 ], [ 82.384353799999971, 17.5243692 ], [ 83.186139499999982, 18.1287455 ], [ 83.8610364, 18.7647988 ], [ 84.0272795, 18.8065432 ], [ 85.065268599999968, 19.7970976 ], [ 86.1942269, 20.4350747 ], [ 86.623205, 20.8184133 ] ] ] } },
{ "type": "Feature", "properties": { "FEATURE_ID": "AESR_19_1_P01", "AESR_UID": "AESR_19_1", "aesr_code": "19.1", "PART_NO": 1, "NPARTS": 1, "aer_code": 19, "subregion": "North Sahyadris and Konkan Coast", "SOIL_GRP": "Mixed Red-Black", "CLIM_STD": "Humid", "LGP_ORDER": 7, "lgp_ref": "210-240 Days", "AWC_REF": "Medium to High", "AREA_KM2": 24659.795250701336 }, "geometry": { "type": "MultiPolygon", "coordinates": [ [ [ [ 72.6926441, 21.5273609 ], [ 72.6740284, 21.520422 ], [ 72.682085, 21.5159702 ], [ 72.6451435, 21.4337521 ], [ 72.6693058, 21.4470844 ], [ 72.6818066, 21.4487515 ], [ 72.690141699999984, 21.4631939 ], [ 72.6943073, 21.4662495 ], [ 72.696809799999969, 21.4645824 ], [ 72.6254215, 21.3815327 ], [ 72.6231937, 21.3651409 ], [ 72.639581699999965, 21.3759747 ], [ 72.6473637, 21.3756924 ], [ 72.6493092, 21.3673611 ], [ 72.6434727, 21.3584728 ], [ 72.6379185, 21.3734722 ], [ 72.5956974, 21.3159733 ], [ 72.587358499999979, 21.2756901 ], [ 72.6048603, 21.2773609 ], [ 72.5970859, 21.2501392 ], [ 72.609582899999978, 21.2298603 ], [ 72.653196299999976, 21.2268047 ], [ 72.646806699999985, 21.2173634 ], [ 72.618471099999979, 21.2226391 ], [ 72.6323643, 21.0815296 ], [ 72.6515293, 21.076807 ], [ 72.659029, 21.0879307 ], [ 72.659860600000016, 21.1387501 ], [ 72.6670742, 21.1554203 ], [ 72.682638199999985, 21.1581936 ], [ 72.7206974, 21.1431942 ], [ 72.69388859999998, 21.0651481 ], [ 72.7550757, 21.0518589 ], [ 72.726193400000014, 21.0526096 ], [ 72.7220238, 21.0399775 ], [ 72.7560954, 20.930639 ], [ 72.770915699999989, 20.9176783 ], [ 72.7741814, 20.9359659 ], [ 72.807035099999979, 20.9534753 ], [ 72.8457739, 20.947523 ], [ 72.7831214, 20.9313375 ], [ 72.7828672, 20.899793 ], [ 72.882679499999966, 20.6101798 ], [ 72.8730236, 20.5064124 ], [ 72.8446087, 20.4745566 ], [ 72.8824808, 20.4627667 ], [ 72.8933454, 20.4453876 ], [ 72.8734025, 20.444207299999988 ], [ 72.860317, 20.4196142 ], [ 72.9026094, 20.4152406 ], [ 72.886853500000015, 20.3871818 ], [ 73.021840299999965, 19.8663453 ], [ 73.1058945, 19.0381863 ], [ 73.1614492, 18.151361 ], [ 73.185200799999976, 18.0608436 ], [ 73.280457099999978, 18.0580841 ], [ 73.3262767, 18.0298209 ], [ 73.3896375, 17.9022045 ], [ 73.4484685, 17.8653972 ], [ 73.5921919, 17.8532607 ], [ 73.620861599999969, 17.9971783 ], [ 73.6115483, 18.086595 ], [ 73.5360314, 18.2848404 ], [ 73.5384553, 18.6578462 ], [ 73.5985823, 19.1344681 ], [ 73.645035900000011, 19.2337367 ], [ 73.6759025, 19.3931434 ], [ 73.6701523, 19.514524899999987 ], [ 73.5895419, 19.7239615 ], [ 73.511636900000013, 19.8726857 ], [ 73.4359238, 20.2345251 ], [ 73.4676686, 20.3759317 ], [ 73.5519611, 20.5013588 ], [ 73.881712100000016, 20.6369883 ], [ 73.926675799999984, 20.784955 ], [ 73.8935366, 20.9419412 ], [ 73.8642707, 21.0138306 ], [ 73.7346898, 21.1421669 ], [ 73.6745, 21.151309 ], [ 73.62942169999998, 21.1319148 ], [ 73.630481699999976, 21.152381 ], [ 73.5998737, 21.1777315 ], [ 73.5811742, 21.1671999 ], [ 73.313817799999967, 21.1996689 ], [ 73.1486214, 21.2531498 ], [ 73.021568099999982, 21.3204211 ], [ 72.9265113, 21.3951974 ], [ 72.8220107, 21.6598597 ], [ 72.8206882, 21.6587505 ], [ 72.8184681, 21.6579227 ], [ 72.8179188, 21.6570873 ], [ 72.816529, 21.65682 ], [ 72.8143063, 21.6545811 ], [ 72.8090305, 21.6518078 ], [ 72.787363, 21.6451397 ], [ 72.7520847, 21.6501408 ], [ 72.750967, 21.6462841 ], [ 72.749952299999975, 21.6448231 ], [ 72.7487507, 21.643858 ], [ 72.7487507, 21.6434727 ], [ 72.747915300000017, 21.6429195 ], [ 72.747915300000017, 21.6426411 ], [ 72.734865199999987, 21.639307 ], [ 72.718195, 21.6395817 ], [ 72.7009678, 21.6518116 ], [ 72.6751423, 21.6290302 ], [ 72.6281986, 21.6168118 ], [ 72.607919699999982, 21.5829631 ], [ 72.641609, 21.5262605 ], [ 72.6831989, 21.5429211 ], [ 72.7059727, 21.5320835 ], [ 72.7059727, 21.532362 ], [ 72.7084751, 21.5334721 ], [ 72.7093067, 21.5331936 ], [ 72.7129078, 21.5354214 ], [ 72.737077699999986, 21.5404224 ], [ 72.734865199999987, 21.5562496 ], [ 72.7423649, 21.5501423 ], [ 72.736810699999978, 21.5381985 ], [ 72.6926441, 21.5273609 ] ], [ [ 72.6943645, 21.5272007 ], [ 72.6937809, 21.5273609 ], [ 72.695608099999987, 21.5272617 ], [ 72.6943645, 21.5272007 ] ] ], [ [ [ 72.67208, 21.154861 ], [ 72.665703, 21.13986 ], [ 72.689025, 21.08986 ], [ 72.696809, 21.11875 ], [ 72.71042, 21.140694 ], [ 72.67208, 21.154861 ] ] ], [ [ [ 72.717362, 21.665141 ], [ 72.716797, 21.64459 ], [ 72.750968, 21.652916 ], [ 72.745972, 21.658751 ], [ 72.717362, 21.665141 ] ] ], [ [ [ 72.59236, 21.638202 ], [ 72.589858, 21.622079 ], [ 72.599022, 21.617361 ], [ 72.601516, 21.626811 ], [ 72.611526, 21.635695 ], [ 72.595962, 21.630141 ], [ 72.59236, 21.638202 ] ] ], [ [ [ 72.597915, 21.38625 ], [ 72.591804, 21.371805 ], [ 72.587638, 21.367361 ], [ 72.599861, 21.377915 ], [ 72.597915, 21.38625 ] ] ], [ [ [ 72.626807, 21.415421 ], [ 72.617089, 21.40514 ], [ 72.61264, 21.395695 ], [ 72.621802, 21.403193 ], [ 72.626807, 21.415421 ] ] ], [ [ [ 72.654029, 21.07431 ], [ 72.648192, 21.067641 ], [ 72.657357, 21.065141 ], [ 72.654029, 21.07431 ] ] ], [ [ [ 72.6759739, 21.4432011 ], [ 72.6640186, 21.4415302 ], [ 72.6659717, 21.4381962 ], [ 72.6759739, 21.4432011 ] ] ], [ [ [ 72.67208, 21.11514 ], [ 72.670419, 21.1018 ], [ 72.676246, 21.09708 ], [ 72.67208, 21.11514 ] ] ], [ [ [ 72.703186, 21.11458 ], [ 72.697638, 21.116811 ], [ 72.699578, 21.11236 ], [ 72.703186, 21.11458 ] ] ], [ [ [ 72.609582, 21.629031 ], [ 72.605149, 21.619581 ], [ 72.607362, 21.61903 ], [ 72.609582, 21.629031 ] ] ], [ [ [ 72.635696, 21.413192 ], [ 72.635131, 21.417641 ], [ 72.63153, 21.411806 ], [ 72.635696, 21.413192 ] ] ], [ [ [ 72.583748, 21.365141 ], [ 72.579581, 21.364311 ], [ 72.578749, 21.36014 ], [ 72.583748, 21.365141 ] ] ], [ [ [ 72.602637, 21.641251 ], [ 72.598747, 21.637083 ], [ 72.602637, 21.639861 ], [ 72.602637, 21.641251 ] ] ], [ [ [ 72.584586, 21.629031 ], [ 72.581252, 21.62625 ], [ 72.584023, 21.62597 ], [ 72.584586, 21.629031 ] ] ], [ [ [ 72.587082, 21.339861 ], [ 72.587356, 21.336251 ], [ 72.588197, 21.339861 ], [ 72.587082, 21.339861 ] ] ], [ [ [ 72.680137, 21.095417 ], [ 72.679305, 21.098751 ], [ 72.678466, 21.098751 ], [ 72.680137, 21.095417 ] ] ], [ [ [ 72.61708, 21.638471 ], [ 72.614295, 21.636529 ], [ 72.614587, 21.635417 ], [ 72.61708, 21.638471 ] ] ], [ [ [ 72.7509648, 21.6462846 ], [ 72.749306, 21.645971 ], [ 72.749031, 21.6440838 ], [ 72.7509648, 21.6462846 ] ] ], [ [ [ 72.611808, 21.632085 ], [ 72.610138, 21.63125 ], [ 72.609864, 21.629591 ], [ 72.611808, 21.632085 ] ] ], [ [ [ 72.620148, 21.639031 ], [ 72.61708, 21.639029 ], [ 72.617638, 21.638459 ], [ 72.620148, 21.639031 ] ] ], [ [ [ 72.6933346, 21.4618092 ], [ 72.692916, 21.46181 ], [ 72.692916, 21.4611344 ], [ 72.6933346, 21.4618092 ] ] ], [ [ [ 72.670968, 21.514579 ], [ 72.671395899999979, 21.5151342 ], [ 72.67125, 21.515138 ], [ 72.670968, 21.514579 ] ] ], [ [ [ 72.821636099999978, 21.659589 ], [ 72.821252, 21.659589 ], [ 72.821252, 21.659311 ], [ 72.821636099999978, 21.659589 ] ] ], [ [ [ 72.658193599999976, 21.4709721 ], [ 72.6579151, 21.4709721 ], [ 72.6579151, 21.4706516 ], [ 72.658193599999976, 21.4709721 ] ] ], [ [ [ 72.706527, 21.532361 ], [ 72.706527, 21.5325817 ], [ 72.7061433, 21.532361 ], [ 72.706527, 21.532361 ] ] ], [ [ [ 72.821249199999983, 21.659309 ], [ 72.820969, 21.659309 ], [ 72.820969, 21.6591062 ], [ 72.821249199999983, 21.659309 ] ] ], [ [ [ 72.685142, 21.540696 ], [ 72.685211899999985, 21.5408423 ], [ 72.685142, 21.5408912 ], [ 72.685142, 21.540696 ] ] ], [ [ [ 72.7489641, 21.64403 ], [ 72.748748, 21.64403 ], [ 72.748748, 21.6438562 ], [ 72.7489641, 21.64403 ] ] ], [ [ [ 72.820142899999979, 21.658751 ], [ 72.819862, 21.658751 ], [ 72.819862, 21.6586332 ], [ 72.820142899999979, 21.658751 ] ] ], [ [ [ 72.8220106, 21.65986 ], [ 72.821801, 21.65986 ], [ 72.821801, 21.6597083 ], [ 72.8220106, 21.65986 ] ] ], [ [ [ 72.674665199999978, 21.521262 ], [ 72.674576, 21.521262 ], [ 72.674576, 21.5210855 ], [ 72.674665199999978, 21.521262 ] ] ], [ [ [ 72.6743411, 21.5206938 ], [ 72.674309, 21.520694 ], [ 72.674309, 21.5206432 ], [ 72.6743411, 21.5206938 ] ] ], [ [ [ 72.705695, 21.6515143 ], [ 72.705695, 21.65153 ], [ 72.705666799999989, 21.65153 ], [ 72.705695, 21.6515143 ] ] ] ] } },
{ "type": "Feature", "properties": { "FEATURE_ID": "AESR_18_1_P01", "AESR_UID": "AESR_18_1", "aesr_code": "18.1", "PART_NO": 1, "NPARTS": 1, "aer_code": 18, "subregion": "South Tamil Nadu Plains (Coastal)", "SOIL_GRP": "Coastal/Deltaic Alluvium", "CLIM_STD": "Dry semi-arid", "LGP_ORDER": 3, "lgp_ref": "90-120 days", "AWC_REF": "Medium", "AREA_KM2": 8214.1575428975066 }, "geometry": { "type": "Polygon", "coordinates": [ [ [ 79.2331522, 10.1280996 ], [ 79.1661298, 10.1625889 ], [ 79.1687719, 10.1869181 ], [ 79.118914500000017, 10.2709393 ], [ 79.0576329, 10.1016123 ], [ 78.90374, 9.8931269 ], [ 78.6410423, 9.4399222 ], [ 78.4973044, 9.3628546 ], [ 78.214354, 9.1528195 ], [ 78.109253299999978, 9.015688 ], [ 78.022228799999979, 8.8729131 ], [ 77.8969281, 8.5293011 ], [ 77.8041438, 8.4101475 ], [ 77.561974799999987, 8.400296 ], [ 77.4965603, 8.4226972 ], [ 77.278609899999978, 8.5574413 ], [ 77.2665546, 8.5096785 ], [ 77.241546499999984, 8.4965399 ], [ 77.2252896, 8.5126215 ], [ 77.2108882, 8.5075173 ], [ 77.228635199999985, 8.4458482 ], [ 77.2077406, 8.4428116 ], [ 77.1728362, 8.3853486 ], [ 77.153913100000011, 8.386384 ], [ 77.154960099999983, 8.3534877 ], [ 77.171259400000011, 8.362614 ], [ 77.1790223, 8.320359 ], [ 77.141181399999965, 8.3306969 ], [ 77.10005569999997, 8.2913559 ], [ 77.238527499999989, 8.1778633 ], [ 77.297022799999979, 8.1498412 ], [ 77.317507499999962, 8.1213628 ], [ 77.358556900000011, 8.1238911 ], [ 77.4547794, 8.0890715 ], [ 77.552933199999984, 8.077847 ], [ 77.56309, 8.1216921 ], [ 77.589237, 8.1413442 ], [ 77.734265699999966, 8.1676836 ], [ 77.780909800000018, 8.1966096 ], [ 77.786892099999989, 8.2256713 ], [ 77.8144308, 8.2461634 ], [ 77.884806200000014, 8.2673904 ], [ 77.976754399999976, 8.3358841 ], [ 78.06732670000001, 8.3712628 ], [ 78.0671621, 8.4162921 ], [ 78.133008, 8.4923646 ], [ 78.1241013, 8.5295167 ], [ 78.1418195, 8.5908098 ], [ 78.126316199999977, 8.6352224 ], [ 78.141040599999982, 8.6929496 ], [ 78.1698822, 8.7434741 ], [ 78.193875399999982, 8.7448961 ], [ 78.205922, 8.7669149 ], [ 78.199331499999985, 8.7879013 ], [ 78.1982078, 8.765186 ], [ 78.1653605, 8.7583719 ], [ 78.1721193, 8.8803837 ], [ 78.212500299999988, 8.9615823 ], [ 78.2678306, 9.0008408 ], [ 78.2449224, 9.0283424 ], [ 78.216343799999976, 9.0286057 ], [ 78.2134153, 9.0479608 ], [ 78.274793599999981, 9.0107597 ], [ 78.4222904, 9.1133913 ], [ 78.528217599999977, 9.1361162 ], [ 78.575286799999986, 9.1282129 ], [ 78.6001786, 9.1475393 ], [ 78.6506616, 9.1553958 ], [ 78.657705199999981, 9.1874689 ], [ 78.685963699999988, 9.195381 ], [ 78.7208306, 9.1873292 ], [ 78.7249756, 9.20876 ], [ 78.8565003, 9.2518683 ], [ 78.9048948, 9.2482358 ], [ 78.9659069, 9.2745494 ], [ 79.082409699999985, 9.2592143 ], [ 79.1882776, 9.2809311 ], [ 79.051804599999983, 9.2999718 ], [ 78.9296996, 9.4164168 ], [ 78.8945516, 9.4786163 ], [ 78.9154592, 9.4996429 ], [ 78.925255399999983, 9.5863809 ], [ 78.9875642, 9.7072668 ], [ 79.120462199999977, 9.8517485 ], [ 79.1208429, 9.8805748 ], [ 79.166970899999981, 9.9429104 ], [ 79.263471899999985, 10.0358142 ], [ 79.232830499999977, 10.0763595 ], [ 79.2331522, 10.1280996 ] ] ] } },
{ "type": "Feature", "properties": { "FEATURE_ID": "AESR_18_3_P01", "AESR_UID": "AESR_18_3", "aesr_code": "18.3", "PART_NO": 1, "NPARTS": 1, "aer_code": 18, "subregion": "Andhra Plain", "SOIL_GRP": "Coastal/Deltaic Alluvium", "CLIM_STD": "Dry subhumid", "LGP_ORDER": 5, "lgp_ref": "150-180 days", "AWC_REF": "Low to Medium", "AREA_KM2": 21448.739997553399 }, "geometry": { "type": "Polygon", "coordinates": [ [ [ 81.7256093, 16.3376837 ], [ 81.7154111, 16.4594925 ], [ 81.766622499999983, 16.4473965 ], [ 81.8632762, 16.552597 ], [ 81.865696, 16.5918684 ], [ 81.849958, 16.642622 ], [ 81.7748796, 16.7345139 ], [ 81.7344329, 16.9119792 ], [ 81.523475299999987, 16.7418668 ], [ 81.115070699999976, 16.5975717 ], [ 80.197012299999983, 16.2418916 ], [ 79.9518357, 16.0723332 ], [ 79.772485800000013, 15.8239609 ], [ 79.696796400000011, 15.1396905 ], [ 79.712931199999986, 14.8415509 ], [ 79.8778971, 13.8653269 ], [ 80.085268899999988, 13.5469568 ], [ 80.087284, 13.4908524 ], [ 80.1262467, 13.5072577 ], [ 80.2156243, 13.4874776 ], [ 80.2418067, 13.4679716 ], [ 80.269693, 13.5631527 ], [ 80.2367567, 13.6557915 ], [ 80.2471362, 13.7997334 ], [ 80.169395, 13.9923728 ], [ 80.1440689, 14.0175013 ], [ 80.1536918, 14.0242835 ], [ 80.128873699999971, 14.1490514 ], [ 80.1374853, 14.2372958 ], [ 80.1236869, 14.2424527 ], [ 80.1458759, 14.2542549 ], [ 80.1729912, 14.3465514 ], [ 80.194646099999986, 14.5639181 ], [ 80.143214499999985, 14.5555429 ], [ 80.115571800000012, 14.5298582 ], [ 80.093459199999984, 14.5343883 ], [ 80.1838783, 14.5898304 ], [ 80.145368699999977, 14.6912327 ], [ 80.121373399999982, 14.6831966 ], [ 80.132266499999986, 14.7091755 ], [ 80.0745506, 14.8137207 ], [ 80.0888052, 14.8142907 ], [ 80.0931554, 14.8332209 ], [ 80.0456671, 15.0496005 ], [ 80.0736559, 15.1818589 ], [ 80.030256499999979, 15.2091175 ], [ 80.0837625, 15.1952982 ], [ 80.0805227, 15.2670347 ], [ 80.1027071, 15.3341513 ], [ 80.2101469, 15.4950864 ], [ 80.183963699999978, 15.4906947 ], [ 80.2134925, 15.5312075 ], [ 80.185550299999974, 15.5597001 ], [ 80.134669199999976, 15.5570953 ], [ 80.1682827, 15.559712 ], [ 80.1754885, 15.5732565 ], [ 80.222315199999983, 15.5450131 ], [ 80.2774533, 15.6820731 ], [ 80.359707799999981, 15.7637749 ], [ 80.521232900000015, 15.8459434 ], [ 80.498234700000012, 15.8571174 ], [ 80.5557926, 15.8653011 ], [ 80.5341995, 15.8501084 ], [ 80.640696399999982, 15.8783964 ], [ 80.7439593, 15.8845455 ], [ 80.7871607, 15.8585319 ], [ 80.8141518, 15.820406 ], [ 80.819732199999976, 15.7442633 ], [ 80.8048308, 15.7501087 ], [ 80.8046773, 15.7148879 ], [ 80.846227299999981, 15.7060804 ], [ 80.916297699999973, 15.7287188 ], [ 80.8608654, 15.8122181 ], [ 80.868483799999979, 15.8232472 ], [ 80.909834, 15.7546932 ], [ 80.9379129, 15.7292973 ], [ 80.960135299999976, 15.7358084 ], [ 80.98941259999998, 15.7641723 ], [ 80.9399944, 15.807177 ], [ 81.0087152, 15.7637318 ], [ 80.9960381, 15.8243285 ], [ 81.009979199999989, 15.8492024 ], [ 81.0452958, 15.8971656 ], [ 81.1406052, 15.9621684 ], [ 81.1092029, 15.9962883 ], [ 81.083754199999973, 16.0018916 ], [ 81.1088241, 16.0051244 ], [ 81.1528524, 15.9747663 ], [ 81.1475826, 16.0191792 ], [ 81.184898299999986, 16.0843685 ], [ 81.211546, 16.2048666 ], [ 81.267119, 16.2707158 ], [ 81.241380600000014, 16.2606529 ], [ 81.2659667, 16.2858934 ], [ 81.245629, 16.3014192 ], [ 81.2547545, 16.3161213 ], [ 81.321231399999988, 16.3423645 ], [ 81.302819, 16.3434757 ], [ 81.3127563, 16.3602151 ], [ 81.34342909999998, 16.3664327 ], [ 81.368084899999971, 16.355988 ], [ 81.408557699999989, 16.381387 ], [ 81.4093009, 16.356043599999989 ], [ 81.390820599999984, 16.3531804 ], [ 81.4032146, 16.3369485 ], [ 81.528634200000013, 16.3507579 ], [ 81.554467599999981, 16.3601479 ], [ 81.549532, 16.3902866 ], [ 81.580484599999963, 16.3601814 ], [ 81.5650912, 16.3559681 ], [ 81.572819599999974, 16.3480338 ], [ 81.6607834, 16.3360123 ], [ 81.6970562, 16.3219762 ], [ 81.7087539, 16.30276 ], [ 81.7256093, 16.3376837 ] ] ] } },
{ "type": "Feature", "properties": { "FEATURE_ID": "AESR_18_5_P01", "AESR_UID": "AESR_18_5", "aesr_code": "18.5", "PART_NO": 1, "NPARTS": 1, "aer_code": 18, "subregion": "Gangetic Delta", "SOIL_GRP": "Coastal/Deltaic Alluvium", "CLIM_STD": "Moist subhumid", "LGP_ORDER": 8, "lgp_ref": "240-270 Days", "AWC_REF": "Medium", "AREA_KM2": 6406.7761393112141 }, "geometry": { "type": "Polygon", "coordinates": [ [ [ 87.8451372, 22.1244234 ], [ 87.732473, 22.1229145 ], [ 87.6762369, 22.1013908 ], [ 87.5634543, 22.0973241 ], [ 87.488575, 22.0693485 ], [ 87.426345899999973, 21.9407254 ], [ 87.2569032, 21.922408099999988 ], [ 87.2393364, 21.9002388 ], [ 87.2518767, 21.8536775 ], [ 87.0936087, 21.7050215 ], [ 86.9906646, 21.6432634 ], [ 86.98949, 21.6211455 ], [ 86.906054599999976, 21.5713636 ], [ 86.6907695, 21.2837263 ], [ 86.6394942, 21.0398754 ], [ 86.6201757, 20.7869714 ], [ 86.692616, 20.7972776 ], [ 86.7968082, 20.7424174 ], [ 86.879960799999978, 20.8081691 ], [ 86.892152, 20.7924937 ], [ 86.9742189, 20.7930654 ], [ 86.9791796, 20.8600376 ], [ 86.875152, 21.0437343 ], [ 86.8435918, 21.1615074 ], [ 86.9514829, 21.3577541 ], [ 87.0526479, 21.4287095 ], [ 87.070158499999977, 21.4620628 ], [ 87.088359499999981, 21.4589439 ], [ 87.1502405, 21.5078842 ], [ 87.223062599999977, 21.5352393 ], [ 87.398055099999979, 21.5330173 ], [ 87.3735608, 21.5624617 ], [ 87.338458499999987, 21.5723957 ], [ 87.3458776, 21.5802475 ], [ 87.384476299999989, 21.5728935 ], [ 87.410079599999989, 21.5448717 ], [ 87.433443899999986, 21.577452599999987 ], [ 87.474398799999989, 21.59988 ], [ 87.706736599999971, 21.6445782 ], [ 87.754708099999988, 21.6821872 ], [ 87.822218099999986, 21.7057006 ], [ 87.960927199999986, 21.8260668 ], [ 88.052499, 22.014166 ], [ 88.017769, 22.04028 ], [ 88.011108, 22.070278 ], [ 87.981743, 22.098751 ], [ 87.8451372, 22.1244234 ] ] ] } },
{ "type": "Feature", "properties": { "FEATURE_ID": "AESR_16_2_P01", "AESR_UID": "AESR_16_2", "aesr_code": "16.2", "PART_NO": 1, "NPARTS": 1, "aer_code": 16, "subregion": "Darjiling and Sikkim Himalayas", "SOIL_GRP": "Hill Soil", "CLIM_STD": "Perhumid", "LGP_ORDER": 10, "lgp_ref": ">300 days", "AWC_REF": "Low to Medium", "AREA_KM2": 9712.6403604790248 }, "geometry": { "type": "Polygon", "coordinates": [ [ [ 88.8788127, 26.9644953 ], [ 88.876763299999979, 27.1085394 ], [ 88.7580276, 27.1427224 ], [ 88.7679172, 27.1749723 ], [ 88.795221499999982, 27.1856219 ], [ 88.80821, 27.2473771 ], [ 88.906269400000014, 27.274756299999989 ], [ 88.929476899999983, 27.3261149 ], [ 88.897035699999989, 27.3362045 ], [ 88.866088799999986, 27.385654 ], [ 88.847093499999986, 27.3779428 ], [ 88.816657400000011, 27.4049608 ], [ 88.7908238, 27.4553042 ], [ 88.7964825, 27.525886499999988 ], [ 88.7746803, 27.5647046 ], [ 88.8131296, 27.6030016 ], [ 88.817616799999982, 27.6416735 ], [ 88.8543271, 27.6686577 ], [ 88.846393399999982, 27.7102349 ], [ 88.870177099999978, 27.7387697 ], [ 88.8621877, 27.8162893 ], [ 88.8889428, 27.8387359 ], [ 88.8894229, 27.8923145 ], [ 88.869336199999978, 27.923241 ], [ 88.844374799999983, 27.9317665 ], [ 88.837339, 28.0149364 ], [ 88.759516299999987, 28.07306 ], [ 88.6752838, 28.0738022 ], [ 88.6204497, 28.1293104 ], [ 88.625062899999961, 28.1033776 ], [ 88.563044199999979, 28.0845118 ], [ 88.547478399999989, 28.0385601 ], [ 88.4917097, 28.0452345 ], [ 88.398354, 27.9776797 ], [ 88.3538023, 27.9890656 ], [ 88.2525003, 27.9480764 ], [ 88.238338399999989, 27.9674378 ], [ 88.2121525, 27.966134 ], [ 88.1973103, 27.9431963 ], [ 88.147766500000017, 27.9629634 ], [ 88.13262779999998, 27.950396 ], [ 88.122239299999976, 27.9170876 ], [ 88.1340314, 27.87305550000001 ], [ 88.2023789, 27.8503013 ], [ 88.176829599999976, 27.8191653 ], [ 88.19882459999998, 27.7880984 ], [ 88.1578827, 27.730183 ], [ 88.151049299999983, 27.6686412 ], [ 88.0835185, 27.5867489 ], [ 88.0473603, 27.4932894 ], [ 88.0707695, 27.442971 ], [ 88.044237399999986, 27.3827349 ], [ 88.065017099999977, 27.3379098 ], [ 88.0352054, 27.2804434 ], [ 88.017372500000022, 27.1629622 ], [ 87.99135769999998, 27.1116287 ], [ 88.025177399999976, 27.084792 ], [ 88.0458279, 27.038191 ], [ 88.084469599999963, 27.0355591 ], [ 88.0930301, 27.0069074 ], [ 88.1348699, 26.9857283 ], [ 88.1234614, 26.947447400000012 ], [ 88.144186, 26.9277088 ], [ 88.144273199999986, 26.8892768 ], [ 88.176483199999979, 26.8610066 ], [ 88.188821, 26.743487 ], [ 88.3599384, 26.7295391 ], [ 88.4417655, 26.692576 ], [ 88.4310946, 26.7661787 ], [ 88.473798, 26.8442911 ], [ 88.5898118, 26.89646410000001 ], [ 88.7601636, 26.930911 ], [ 88.8222236, 26.9786086 ], [ 88.8788127, 26.9644953 ] ] ] } },
{ "type": "Feature", "properties": { "FEATURE_ID": "AESR_15_2_P01", "AESR_UID": "AESR_15_2", "aesr_code": "15.2", "PART_NO": 1, "NPARTS": 1, "aer_code": 15, "subregion": "Middle Brahmaputra Plain", "SOIL_GRP": "Alluvial", "CLIM_STD": "Humid", "LGP_ORDER": 8, "lgp_ref": "240-270 Days", "AWC_REF": "Medium", "AREA_KM2": 18578.583606480366 }, "geometry": { "type": "Polygon", "coordinates": [ [ [ 93.2933738, 26.5770711 ], [ 93.3370606, 26.7218097 ], [ 93.35901530000001, 26.7492589 ], [ 93.398320399999974, 26.7605595 ], [ 93.5987768, 26.7261574 ], [ 93.651054599999981, 26.7313798 ], [ 93.757724899999985, 26.8857847 ], [ 93.744111699999976, 26.935855 ], [ 93.6975679, 26.9890105 ], [ 93.6776283, 26.9680106 ], [ 93.470130400000016, 26.936117 ], [ 93.142771299999964, 26.8148444 ], [ 92.7534547, 26.8012384 ], [ 92.3813222, 26.6143705 ], [ 92.204145199999985, 26.6435621 ], [ 92.111951299999987, 26.6385197 ], [ 92.0683089, 26.6083189 ], [ 92.058097299999986, 26.5724791 ], [ 92.015066499999989, 26.5483218 ], [ 91.910329, 26.5532867 ], [ 91.826904, 26.5321535 ], [ 91.7331138, 26.4720805 ], [ 91.64582679999998, 26.4816648 ], [ 91.604510099999985, 26.548825 ], [ 91.56153, 26.5611645 ], [ 91.490747399999989, 26.5663833 ], [ 91.400370199999969, 26.5424875 ], [ 91.342909, 26.5070023 ], [ 91.309213899999989, 26.5094445 ], [ 91.2966979, 26.5591673 ], [ 91.271621899999985, 26.5823339 ], [ 91.2122758, 26.6018542 ], [ 91.157515800000013, 26.5966183 ], [ 91.1117184, 26.5388652 ], [ 90.862267399999979, 26.549232 ], [ 90.831506599999983, 26.3526806 ], [ 90.670668699999979, 26.2441728 ], [ 90.633899499999984, 26.1929901 ], [ 90.5861338, 25.9595182 ], [ 90.6326142, 25.9371372 ], [ 90.610095, 25.9119988 ], [ 90.6283627, 25.8986079 ], [ 90.6309105, 25.9166996 ], [ 90.689602399999984, 25.9504726 ], [ 90.7509396, 25.9569496 ], [ 90.743982, 25.9148482 ], [ 90.7623989, 25.9212709 ], [ 90.7611525, 25.9107033 ], [ 90.781471299999978, 25.9078976 ], [ 90.813323099999977, 25.9517489 ], [ 90.840132, 25.9377753 ], [ 90.886333599999986, 25.951298 ], [ 90.922387, 25.9128333 ], [ 90.919178699999989, 25.9426786 ], [ 90.9460516, 25.9470744 ], [ 90.970631599999976, 25.8866681 ], [ 91.0323384, 25.887488 ], [ 91.0091605, 25.8202401 ], [ 91.0521375, 25.84824810000001 ], [ 91.081545699999978, 25.852038 ], [ 91.0529021, 25.8283398 ], [ 91.0662345, 25.8197988 ], [ 91.1557936, 25.849425399999987 ], [ 91.181913199999968, 25.8420926 ], [ 91.1993639, 25.8583327 ], [ 91.182735299999976, 25.7756581 ], [ 91.1947239, 25.7289143 ], [ 91.2265697, 25.7227278 ], [ 91.258062299999963, 25.7471038 ], [ 91.278304, 25.7461977 ], [ 91.336286099999981, 25.8380463 ], [ 91.4215247, 25.8538492 ], [ 91.446987899999982, 25.8401306 ], [ 91.52794609999998, 25.8719238 ], [ 91.528359, 25.8891438 ], [ 91.510344599999968, 25.8664889 ], [ 91.477354799999986, 25.8703092 ], [ 91.53392860000001, 25.9227512 ], [ 91.538511399999962, 25.9330281 ], [ 91.505963199999982, 25.9133758 ], [ 91.578541799999982, 26.0321065 ], [ 91.599723, 26.01602590000001 ], [ 91.634787599999981, 26.021351899999988 ], [ 91.6273058, 25.9848306 ], [ 91.640495899999976, 25.9637822 ], [ 91.613676699999985, 25.9388797 ], [ 91.6717442, 25.9042846 ], [ 91.722614299999975, 25.9529187 ], [ 91.7338248, 26.0580635 ], [ 91.7928997, 26.0858197 ], [ 91.8218582, 26.1175201 ], [ 91.8782517, 26.0964385 ], [ 91.872559799999976, 26.0508975 ], [ 91.8855946, 26.02869380000001 ], [ 91.91927819999998, 26.0201152 ], [ 91.924366399999982, 25.9981694 ], [ 91.993314099999978, 26.0396105 ], [ 92.05502629999998, 26.0313369 ], [ 92.095487099999971, 26.0469839 ], [ 92.1352146, 26.0443107 ], [ 92.1804181, 26.0778882 ], [ 92.191423699999987, 26.065243 ], [ 92.2756708, 26.0632835 ], [ 92.402306799999977, 26.136151 ], [ 92.518274300000016, 26.1317563 ], [ 92.5730323, 26.0833577 ], [ 92.587014899999986, 26.0333521 ], [ 92.570519299999987, 25.97603410000001 ], [ 92.626092, 25.9910823 ], [ 92.6877519, 26.0398307 ], [ 92.737755599999986, 26.0528518 ], [ 92.777762699999982, 25.9664695 ], [ 92.8321062, 25.9155497 ], [ 92.984796099999983, 25.8490788 ], [ 93.115764, 25.7304864 ], [ 93.174136599999983, 25.7206486 ], [ 93.222396, 25.7434403 ], [ 93.234206599999979, 25.7791128 ], [ 93.2308103, 25.8503138 ], [ 93.172468099999989, 25.9652978 ], [ 93.108833, 26.0562417 ], [ 92.873036399999975, 26.2128 ], [ 92.8706368, 26.26920680000001 ], [ 92.8782523, 26.3174527 ], [ 92.9147514, 26.382857 ], [ 92.962014599999989, 26.420479 ], [ 93.0677711, 26.4458703 ], [ 93.107348800000011, 26.5134194 ], [ 93.2135585, 26.5680059 ], [ 93.2933738, 26.5770711 ] ] ] } },
{ "type": "Feature", "properties": { "FEATURE_ID": "AESR_08_2_P01", "AESR_UID": "AESR_08_2", "aesr_code": "8.2", "PART_NO": 1, "NPARTS": 1, "aer_code": 8, "subregion": "Central Karnataka Plateau", "SOIL_GRP": "Red Loamy", "CLIM_STD": "Moist semi-arid", "LGP_ORDER": 4, "lgp_ref": "120-150 days", "AWC_REF": "Low", "AREA_KM2": 62589.233353555777 }, "geometry": { "type": "Polygon", "coordinates": [ [ [ 75.106144599999979, 14.4058017 ], [ 75.2167783, 14.3493327 ], [ 75.3754924, 14.1812605 ], [ 75.5606106, 13.8696934 ], [ 75.6804825, 13.7339747 ], [ 75.746530099999987, 13.5846316 ], [ 75.840622399999972, 13.3137622 ], [ 75.9102718, 13.0303877 ], [ 75.972603600000014, 12.6536511 ], [ 75.9780307, 12.5508748 ], [ 75.9591952, 12.4450587 ], [ 75.975804799999963, 12.3761529 ], [ 76.035417699999982, 12.2486809 ], [ 76.1433904, 12.1249428 ], [ 76.133758499999985, 11.9478919 ], [ 76.1974937, 11.8349834 ], [ 76.595475599999986, 11.6159253 ], [ 76.7646968, 11.6222423 ], [ 76.8468315, 11.5823779 ], [ 76.860435399999972, 11.6097523 ], [ 76.837832, 11.6519641 ], [ 76.890228099999987, 11.7325101 ], [ 76.908980499999984, 11.7912133 ], [ 76.953888399999983, 11.7893759 ], [ 76.9691291, 11.7732817 ], [ 76.9822776, 11.8091553 ], [ 77.014024600000013, 11.8111704 ], [ 77.0413918, 11.7921672 ], [ 77.0320789, 11.7729108 ], [ 77.066357399999987, 11.7853948 ], [ 77.0599484, 11.7660244 ], [ 77.081603299999983, 11.7333497 ], [ 77.1194169, 11.7212194 ], [ 77.1128319, 11.7714972 ], [ 77.237390799999986, 11.7923871 ], [ 77.252085, 11.8111232 ], [ 77.2887556, 11.7984851 ], [ 77.2952788, 11.8071179 ], [ 77.3367893, 11.767816 ], [ 77.370221500000014, 11.7877269 ], [ 77.430195799999979, 11.7597522 ], [ 77.4671695, 11.8482293 ], [ 77.4635672, 11.8975991 ], [ 77.4877595, 11.8851581 ], [ 77.495148799999981, 11.9415144 ], [ 77.53452249999998, 11.9306889 ], [ 77.675940199999971, 11.9492154 ], [ 77.700611900000013, 12.0194695 ], [ 77.7796136, 12.1152184 ], [ 77.7304078, 12.1809861 ], [ 77.6146732, 12.204359 ], [ 77.521637499999983, 12.1929873 ], [ 77.475830399999964, 12.2111552 ], [ 77.480253099999985, 12.2707281 ], [ 77.552940099999987, 12.2927071 ], [ 77.6140853, 12.3628293 ], [ 77.63027529999998, 12.4175486 ], [ 77.6352846, 12.4862895 ], [ 77.6273378, 12.494513 ], [ 77.60667119999998, 12.4735859 ], [ 77.58530949999998, 12.4773077 ], [ 77.616336699999962, 12.5087598 ], [ 77.5884051, 12.5159158 ], [ 77.5798188, 12.5667744 ], [ 77.6075664, 12.6298712 ], [ 77.5999742, 12.666345 ], [ 77.6640644, 12.6830932 ], [ 77.680129199999982, 12.680194 ], [ 77.6882522, 12.6580101 ], [ 77.705388899999988, 12.660271 ], [ 77.7137425, 12.6827669 ], [ 77.7414106, 12.6730742 ], [ 77.7372159, 12.6919288 ], [ 77.7602589, 12.6962691 ], [ 77.773030600000013, 12.7235721 ], [ 77.7630142, 12.7341846 ], [ 77.7929072, 12.7479452 ], [ 77.781551, 12.7689216 ], [ 77.809435100000016, 12.7959852 ], [ 77.8109087, 12.8299002 ], [ 77.7947152, 12.8428548 ], [ 77.8354856, 12.8680935 ], [ 77.892292399999974, 12.8676213 ], [ 77.934382099999979, 12.8871379 ], [ 77.9297818, 12.8727994 ], [ 77.9446011, 12.8653763 ], [ 77.9206337, 12.8290217 ], [ 77.943198399999986, 12.8223001 ], [ 77.955745, 12.8586916 ], [ 77.9917808, 12.8051299 ], [ 78.0118871, 12.8049753 ], [ 78.0036672, 12.8231717 ], [ 78.025280099999989, 12.855435 ], [ 78.057183299999977, 12.8519596 ], [ 78.131418699999969, 12.77983 ], [ 78.2316434, 12.7626359 ], [ 78.2519744, 12.8574117 ], [ 78.273543699999976, 12.8666208 ], [ 78.3141057, 12.8573285 ], [ 78.3150515, 12.8758699 ], [ 78.3326, 12.8730036 ], [ 78.338488599999977, 12.8841932 ], [ 78.321897299999989, 12.8839414 ], [ 78.3244403, 12.8987299 ], [ 78.3381586, 12.8993624 ], [ 78.3563835, 12.938196 ], [ 78.3894201, 12.9054327 ], [ 78.399473700000016, 12.9157644 ], [ 78.428509199999979, 12.8993541 ], [ 78.447013899999988, 12.911017 ], [ 78.465536199999988, 12.8636069 ], [ 78.4673674, 12.9031599 ], [ 78.428099599999967, 12.9304966 ], [ 78.4187371, 12.9183838 ], [ 78.4121429, 12.9430063 ], [ 78.438419, 12.9608131 ], [ 78.4336764, 12.9788562 ], [ 78.469031, 12.9735708 ], [ 78.46255619999998, 13.0417775 ], [ 78.5156335, 13.0630978 ], [ 78.5129181, 13.0919522 ], [ 78.5389799, 13.1076966 ], [ 78.519708899999969, 13.1298582 ], [ 78.546429800000013, 13.1410504 ], [ 78.549729, 13.1618659 ], [ 78.580071199999978, 13.1668328 ], [ 78.5742982, 13.1877204 ], [ 78.5518517, 13.1975091 ], [ 78.5795918, 13.2145502 ], [ 78.5697445, 13.2373762 ], [ 78.588295199999976, 13.2723012 ], [ 78.5664018, 13.309588 ], [ 78.5613741, 13.2862036 ], [ 78.5394677, 13.2859942 ], [ 78.5315345, 13.2657305 ], [ 78.483140600000013, 13.3011222 ], [ 78.4823059, 13.3178924 ], [ 78.4464785, 13.3082615 ], [ 78.434897499999977, 13.3289676 ], [ 78.4016582, 13.3135131 ], [ 78.377325, 13.3297871 ], [ 78.381593699999968, 13.3421532 ], [ 78.398756499999976, 13.3282391 ], [ 78.4077291, 13.3421207 ], [ 78.3653917, 13.3647442 ], [ 78.4007041, 13.5875932 ], [ 78.2593287, 13.583509 ], [ 78.237277399999982, 13.5963668 ], [ 78.192805499999963, 13.5654772 ], [ 78.203406, 13.6252097 ], [ 78.169926099999969, 13.6324103 ], [ 78.1650923, 13.6576434 ], [ 78.089922399999963, 13.6441391 ], [ 78.0674322, 13.6756984 ], [ 78.0731222, 13.6968954 ], [ 78.1145464, 13.6931983 ], [ 78.1185196, 13.7189987 ], [ 78.093955, 13.7421934 ], [ 78.1272789, 13.7856167 ], [ 78.122469099999975, 13.8495197 ], [ 78.114945400000011, 13.8621425 ], [ 78.0837458, 13.863461 ], [ 78.0797189, 13.8804718 ], [ 78.0498497, 13.8951542 ], [ 78.0465813, 13.8613189 ], [ 77.993783, 13.8700262 ], [ 77.974421899999967, 13.8285328 ], [ 77.953182, 13.828301 ], [ 77.950964399999989, 13.8884867 ], [ 77.9865771, 13.9016542 ], [ 77.9870692, 13.955894 ], [ 77.97487120000001, 13.9587705 ], [ 77.9200088, 13.9054182 ], [ 77.8952839, 13.9392664 ], [ 77.8264049, 13.9428407 ], [ 77.814476299999981, 13.9166106 ], [ 77.835971399999977, 13.8686796 ], [ 77.784206099999977, 13.8439035 ], [ 77.786685099999985, 13.8209247 ], [ 77.720929599999977, 13.7984441 ], [ 77.7169075, 13.7407146 ], [ 77.703603499999986, 13.7693497 ], [ 77.6717084, 13.7601323 ], [ 77.6782093, 13.7853541 ], [ 77.6570215, 13.7836632 ], [ 77.6183377, 13.7632137 ], [ 77.644711, 13.7430817 ], [ 77.6291872, 13.7352203 ], [ 77.6034425, 13.7513359 ], [ 77.563858899999985, 13.724171 ], [ 77.547190299999983, 13.751379 ], [ 77.5273051, 13.7514637 ], [ 77.5292603, 13.6955534 ], [ 77.494952399999988, 13.714387 ], [ 77.484114, 13.6852104 ], [ 77.457300499999988, 13.6833511 ], [ 77.452334599999986, 13.7032879 ], [ 77.470107899999988, 13.7510929 ], [ 77.4648459, 13.804491 ], [ 77.447907399999977, 13.8097056 ], [ 77.4360001, 13.7954056 ], [ 77.415915899999987, 13.8066025 ], [ 77.4317707, 13.8424765 ], [ 77.379972199999983, 13.8385458 ], [ 77.3665295, 13.852884 ], [ 77.3269779, 13.8329217 ], [ 77.3138123, 13.8643523 ], [ 77.2571943, 13.8465029 ], [ 77.2404708, 13.9018683 ], [ 77.2181297, 13.8683592 ], [ 77.211502599999989, 13.8880629 ], [ 77.203458700000013, 13.8664453 ], [ 77.185324899999983, 13.8667236 ], [ 77.183453499999985, 13.9242259 ], [ 77.1623403, 13.9066098 ], [ 77.168959499999985, 13.8638401 ], [ 77.130276900000013, 13.8561897 ], [ 77.1687887, 13.8276343 ], [ 77.1732224, 13.7616328 ], [ 77.1016722, 13.7677198 ], [ 77.087003099999976, 13.7442242 ], [ 77.0663715, 13.7456531 ], [ 77.0325596, 13.7781501 ], [ 77.017624699999985, 13.7394349 ], [ 77.008117900000016, 13.7433548 ], [ 76.9897481, 13.8107932 ], [ 76.974365099999972, 13.8209587 ], [ 77.0120116, 13.8566865 ], [ 77.023259400000029, 13.8999417 ], [ 77.0473345, 13.9040127 ], [ 77.0418454, 13.9321749 ], [ 76.9948225, 13.9631543 ], [ 77.000165600000017, 13.9879409 ], [ 76.9366454, 14.0290342 ], [ 76.9434965, 14.0538892 ], [ 76.977151, 14.0587301 ], [ 76.980629, 14.0716038 ], [ 76.9518101, 14.0915167 ], [ 76.9323636, 14.1333932 ], [ 76.8889351, 14.1371445 ], [ 76.3330826, 14.4066507 ], [ 75.8360544, 14.7981277 ], [ 75.7942561, 14.7096189 ], [ 75.7816421, 14.6369952 ], [ 75.8042098, 14.546147 ], [ 75.7262313, 14.5101565 ], [ 75.6026276, 14.3572112 ], [ 75.549463899999964, 14.3218924 ], [ 75.4901352, 14.3248651 ], [ 75.4285632, 14.3951303 ], [ 75.3070401, 14.4827109 ], [ 75.261948100000012, 14.5005011 ], [ 75.1684848, 14.4877767 ], [ 75.0982252, 14.4264199 ], [ 75.106144599999979, 14.4058017 ] ] ] } },
{ "type": "Feature", "properties": { "FEATURE_ID": "AESR_06_4_P01", "AESR_UID": "AESR_06_4", "aesr_code": "6.4", "PART_NO": 1, "NPARTS": 1, "aer_code": 6, "subregion": "North Sahyadris and Western Karnataka Plateau", "SOIL_GRP": "Black", "CLIM_STD": "Dry subhumid", "LGP_ORDER": 5, "lgp_ref": "150-180 days", "AWC_REF": "Medium to High", "AREA_KM2": 51691.820198190704 }, "geometry": { "type": "Polygon", "coordinates": [ [ [ 73.82893989999998, 19.3856873 ], [ 73.7961064, 19.3862639 ], [ 73.767311899999982, 19.3441964 ], [ 73.6558816, 19.2897883 ], [ 73.5985823, 19.1344681 ], [ 73.5384553, 18.6578462 ], [ 73.5360314, 18.2848404 ], [ 73.6115483, 18.086595 ], [ 73.620861599999969, 17.9971783 ], [ 73.5902598, 17.8939056 ], [ 73.5939429, 17.8164073 ], [ 73.617263099999988, 17.7519057 ], [ 73.706643599999978, 17.6271801 ], [ 73.744065099999986, 17.529332 ], [ 73.7460246, 17.4324114 ], [ 73.858226, 17.0202463 ], [ 74.254581, 15.9884543 ], [ 74.6657892, 15.1878981 ], [ 74.725222, 14.999539699999989 ], [ 74.973212499999988, 14.5288439 ], [ 75.0975465, 14.4137693 ], [ 75.1684848, 14.4877767 ], [ 75.261948100000012, 14.5005011 ], [ 75.3070401, 14.4827109 ], [ 75.4285632, 14.3951303 ], [ 75.4901352, 14.3248651 ], [ 75.549463899999964, 14.3218924 ], [ 75.6026276, 14.3572112 ], [ 75.7262313, 14.5101565 ], [ 75.8042098, 14.546147 ], [ 75.7816421, 14.6369952 ], [ 75.7942561, 14.7096189 ], [ 75.8360544, 14.7981277 ], [ 75.861640299999976, 15.2670435 ], [ 75.812631, 15.5286539 ], [ 75.7013961, 15.8261994 ], [ 75.4995727, 15.9247179 ], [ 75.324297299999984, 16.1133173 ], [ 75.2149415, 16.2081075 ], [ 75.0703989, 16.4017534 ], [ 75.0703, 16.5678393 ], [ 75.0957211, 16.5834326 ], [ 74.919787199999988, 16.7715424 ], [ 74.4285229, 17.419916 ], [ 74.317902, 17.6484642 ], [ 74.23685, 17.8879045 ], [ 74.202443500000015, 18.2166493 ], [ 74.2346532, 18.8883406 ], [ 74.350565299999985, 19.1624777 ], [ 74.3100991, 19.2084426 ], [ 74.2137787, 19.2105491 ], [ 74.054496200000017, 19.2470406 ], [ 74.0314869, 19.257788 ], [ 74.00346829999998, 19.3344749 ], [ 73.93446, 19.3647445 ], [ 73.8564373, 19.3673711 ], [ 73.82893989999998, 19.3856873 ] ] ] } }
]
}
